CycPeptMPDB_ID,SMILES,PAMPA
7067,CC(=O)N[C@@H]1C(=O)N2CCC[C@H]2C(=O)N(C)[C@H](CC(C)C)C(=O)N(C)[C@H](CC(C)C)C(=O)N(C)[C@H](CC(C)C)C(=O)N(C)[C@H](CC(C)C)C(=O)N(C)[C@H](C)C(=O)N[C@@H](CC(C)C)C(=O)N2CCC[C@@H]2C(=O)O[C@@H]1C,-5.1
7066,CC(=O)N[C@@H]1C(=O)N2CCC[C@H]2C(=O)N(C)[C@H](CC(C)C)C(=O)N(C)[C@H](CC(C)C)C(=O)N(C)[C@H](CC(C)C)C(=O)N(C)[C@H](CC(C)C)C(=O)N(C)[C@@H](C)C(=O)N[C@@H](CC(C)C)C(=O)N2CCC[C@@H]2C(=O)O[C@@H]1C,-5.4
7065,CC(=O)N[C@@H]1C(=O)N2CCC[C@H]2C(=O)N(C)[C@H](CC(C)C)C(=O)N(C)[C@H](CC(C)C)C(=O)N(C)[C@H](CC(C)C)C(=O)N(C)[C@@H](CC(C)C)C(=O)N(C)[C@H](C)C(=O)N[C@@H](CC(C)C)C(=O)N2CCC[C@@H]2C(=O)O[C@@H]1C,-5.47
7064,CC(=O)N[C@@H]1C(=O)N2CCC[C@H]2C(=O)N(C)[C@H](CC(C)C)C(=O)N(C)[C@H](CC(C)C)C(=O)N(C)[C@H](CC(C)C)C(=O)N(C)[C@@H](CC(C)C)C(=O)N(C)[C@@H](C)C(=O)N[C@@H](CC(C)C)C(=O)N2CCC[C@@H]2C(=O)O[C@@H]1C,-5.8
7063,CC(=O)N[C@@H]1C(=O)N2CCC[C@H]2C(=O)N(C)[C@H](CC(C)C)C(=O)N(C)[C@H](CC(C)C)C(=O)N(C)[C@@H](CC(C)C)C(=O)N(C)[C@H](CC(C)C)C(=O)N(C)[C@H](C)C(=O)N[C@@H](CC(C)C)C(=O)N2CCC[C@@H]2C(=O)O[C@@H]1C,-5.29
7062,CC(=O)N[C@@H]1C(=O)N2CCC[C@H]2C(=O)N(C)[C@H](CC(C)C)C(=O)N(C)[C@H](CC(C)C)C(=O)N(C)[C@@H](CC(C)C)C(=O)N(C)[C@H](CC(C)C)C(=O)N(C)[C@@H](C)C(=O)N[C@@H](CC(C)C)C(=O)N2CCC[C@@H]2C(=O)O[C@@H]1C,-5.3
7061,CC(=O)N[C@@H]1C(=O)N2CCC[C@H]2C(=O)N(C)[C@H](CC(C)C)C(=O)N(C)[C@H](CC(C)C)C(=O)N(C)[C@@H](CC(C)C)C(=O)N(C)[C@@H](CC(C)C)C(=O)N(C)[C@H](C)C(=O)N[C@@H](CC(C)C)C(=O)N2CCC[C@@H]2C(=O)O[C@@H]1C,-5.38
7060,CC(=O)N[C@@H]1C(=O)N2CCC[C@H]2C(=O)N(C)[C@H](CC(C)C)C(=O)N(C)[C@H](CC(C)C)C(=O)N(C)[C@@H](CC(C)C)C(=O)N(C)[C@@H](CC(C)C)C(=O)N(C)[C@@H](C)C(=O)N[C@@H](CC(C)C)C(=O)N2CCC[C@@H]2C(=O)O[C@@H]1C,-5.47
7059,CC(=O)N[C@@H]1C(=O)N2CCC[C@H]2C(=O)N(C)[C@H](CC(C)C)C(=O)N(C)[C@H](CC(C)C)C(=O)N(C)[C@@H](CC(C)C)C(=O)N(C)[C@@H](CC(C)C)C(=O)N[C@@H](C)C(=O)N[C@@H](CC(C)C)C(=O)N2CCC[C@@H]2C(=O)O[C@@H]1C,-5.94
7058,CC(=O)N[C@@H]1C(=O)N2CCC[C@H]2C(=O)N(C)[C@H](CC(C)C)C(=O)N(C)[C@H](CC(C)C)C(=O)N[C@H](CC(C)C)C(=O)N(C)[C@@H](CC(C)C)C(=O)N[C@@H](C)C(=O)N[C@@H](CC(C)C)C(=O)N2CCC[C@@H]2C(=O)O[C@@H]1C,-6.47
7057,CC(=O)N[C@@H]1C(=O)N2CCC[C@H]2C(=O)N(C)[C@H](CC(C)C)C(=O)N(C)[C@H](CC(C)C)C(=O)N[C@H](CC(C)C)C(=O)N[C@H](CC(C)C)C(=O)N(C)[C@H](C)C(=O)N[C@@H](CC(C)C)C(=O)N2CCC[C@@H]2C(=O)O[C@@H]1C,-6.72
7056,CC(=O)N[C@@H]1C(=O)N2CCC[C@H]2C(=O)N(C)[C@H](CC(C)C)C(=O)N(C)[C@H](CC(C)C)C(=O)N[C@H](CC(C)C)C(=O)N[C@H](CC(C)C)C(=O)N[C@@H](C)C(=O)N[C@@H](CC(C)C)C(=O)N2CCC[C@@H]2C(=O)O[C@@H]1C,-6.64
7055,CC(=O)N[C@@H]1C(=O)N2CCC[C@H]2C(=O)N(C)[C@H](CC(C)C)C(=O)N(C)[C@H](CC(C)C)C(=O)N[C@@H](CC(C)C)C(=O)N(C)[C@H](CC(C)C)C(=O)N[C@@H](C)C(=O)N[C@@H](CC(C)C)C(=O)N2CCC[C@@H]2C(=O)O[C@@H]1C,-5.91
7054,CC(=O)N[C@@H]1C(=O)N2CCC[C@H]2C(=O)N(C)[C@H](CC(C)C)C(=O)N(C)[C@H](CC(C)C)C(=O)N[C@@H](CC(C)C)C(=O)N(C)[C@@H](CC(C)C)C(=O)N[C@H](C)C(=O)N[C@@H](CC(C)C)C(=O)N2CCC[C@@H]2C(=O)O[C@@H]1C,-5.32
7053,CC(=O)N[C@@H]1C(=O)N2CCC[C@H]2C(=O)N(C)[C@H](CC(C)C)C(=O)N(C)[C@H](CC(C)C)C(=O)N[C@@H](CC(C)C)C(=O)N(C)[C@@H](CC(C)C)C(=O)N[C@@H](C)C(=O)N[C@@H](CC(C)C)C(=O)N2CCC[C@@H]2C(=O)O[C@@H]1C,-5.02
7052,CC(=O)N[C@@H]1C(=O)N2CCC[C@H]2C(=O)N(C)[C@H](CC(C)C)C(=O)N(C)[C@H](CC(C)C)C(=O)N[C@@H](CC(C)C)C(=O)N[C@H](CC(C)C)C(=O)N[C@H](C)C(=O)N[C@@H](CC(C)C)C(=O)N2CCC[C@@H]2C(=O)O[C@@H]1C,-6.18
7051,CC(=O)N[C@@H]1C(=O)N2CCC[C@H]2C(=O)N(C)[C@H](CC(C)C)C(=O)N(C)[C@@H](CC(C)C)C(=O)N(C)[C@H](CC(C)C)C(=O)N(C)[C@H](CC(C)C)C(=O)N(C)[C@H](C)C(=O)N[C@@H](CC(C)C)C(=O)N2CCC[C@@H]2C(=O)O[C@@H]1C,-4.98
7050,CC(=O)N[C@@H]1C(=O)N2CCC[C@H]2C(=O)N(C)[C@H](CC(C)C)C(=O)N(C)[C@@H](CC(C)C)C(=O)N(C)[C@H](CC(C)C)C(=O)N(C)[C@@H](CC(C)C)C(=O)N(C)[C@H](C)C(=O)N[C@@H](CC(C)C)C(=O)N2CCC[C@@H]2C(=O)O[C@@H]1C,-5.1
7049,CC(=O)N[C@@H]1C(=O)N2CCC[C@H]2C(=O)N(C)[C@H](CC(C)C)C(=O)N(C)[C@@H](CC(C)C)C(=O)N(C)[C@H](CC(C)C)C(=O)N(C)[C@@H](CC(C)C)C(=O)N(C)[C@@H](C)C(=O)N[C@@H](CC(C)C)C(=O)N2CCC[C@@H]2C(=O)O[C@@H]1C,-5.54
7048,CC(=O)N[C@@H]1C(=O)N2CCC[C@H]2C(=O)N(C)[C@H](CC(C)C)C(=O)N(C)[C@@H](CC(C)C)C(=O)N(C)[C@@H](CC(C)C)C(=O)N(C)[C@H](CC(C)C)C(=O)N(C)[C@H](C)C(=O)N[C@@H](CC(C)C)C(=O)N2CCC[C@@H]2C(=O)O[C@@H]1C,-5.1
7047,CC(=O)N[C@@H]1C(=O)N2CCC[C@H]2C(=O)N(C)[C@H](CC(C)C)C(=O)N(C)[C@@H](CC(C)C)C(=O)N(C)[C@@H](CC(C)C)C(=O)N(C)[C@H](CC(C)C)C(=O)N(C)[C@@H](C)C(=O)N[C@@H](CC(C)C)C(=O)N2CCC[C@@H]2C(=O)O[C@@H]1C,-5.18
7046,CC(=O)N[C@@H]1C(=O)N2CCC[C@H]2C(=O)N(C)[C@H](CC(C)C)C(=O)N(C)[C@@H](CC(C)C)C(=O)N(C)[C@@H](CC(C)C)C(=O)N(C)[C@H](CC(C)C)C(=O)N[C@@H](C)C(=O)N[C@@H](CC(C)C)C(=O)N2CCC[C@@H]2C(=O)O[C@@H]1C,-5.06
7045,CC(=O)N[C@@H]1C(=O)N2CCC[C@H]2C(=O)N(C)[C@H](CC(C)C)C(=O)N(C)[C@@H](CC(C)C)C(=O)N(C)[C@@H](CC(C)C)C(=O)N(C)[C@@H](CC(C)C)C(=O)N(C)[C@@H](C)C(=O)N[C@@H](CC(C)C)C(=O)N2CCC[C@@H]2C(=O)O[C@@H]1C,-5.31
7044,CC(=O)N[C@@H]1C(=O)N2CCC[C@H]2C(=O)N(C)[C@H](CC(C)C)C(=O)N(C)[C@@H](CC(C)C)C(=O)N(C)[C@@H](CC(C)C)C(=O)N(C)[C@@H](CC(C)C)C(=O)N[C@H](C)C(=O)N[C@@H](CC(C)C)C(=O)N2CCC[C@@H]2C(=O)O[C@@H]1C,-5.11
7043,CC(=O)N[C@@H]1C(=O)N2CCC[C@H]2C(=O)N(C)[C@H](CC(C)C)C(=O)N(C)[C@@H](CC(C)C)C(=O)N(C)[C@@H](CC(C)C)C(=O)N[C@@H](CC(C)C)C(=O)N[C@H](C)C(=O)N[C@@H](CC(C)C)C(=O)N2CCC[C@@H]2C(=O)O[C@@H]1C,-6.37
7042,CC(=O)N[C@@H]1C(=O)N2CCC[C@H]2C(=O)N(C)[C@H](CC(C)C)C(=O)N(C)[C@@H](CC(C)C)C(=O)N[C@H](CC(C)C)C(=O)N(C)[C@H](CC(C)C)C(=O)N[C@H](C)C(=O)N[C@@H](CC(C)C)C(=O)N2CCC[C@@H]2C(=O)O[C@@H]1C,-5.34
7041,CC(=O)N[C@@H]1C(=O)N2CCC[C@H]2C(=O)N(C)[C@H](CC(C)C)C(=O)N(C)[C@@H](CC(C)C)C(=O)N[C@H](CC(C)C)C(=O)N(C)[C@@H](CC(C)C)C(=O)N[C@H](C)C(=O)N[C@@H](CC(C)C)C(=O)N2CCC[C@@H]2C(=O)O[C@@H]1C,-5.54
7040,CC(=O)N[C@@H]1C(=O)N2CCC[C@H]2C(=O)N(C)[C@H](CC(C)C)C(=O)N(C)[C@@H](CC(C)C)C(=O)N[C@H](CC(C)C)C(=O)N[C@@H](CC(C)C)C(=O)N[C@@H](C)C(=O)N[C@@H](CC(C)C)C(=O)N2CCC[C@@H]2C(=O)O[C@@H]1C,-6.35
7039,CC(=O)N[C@@H]1C(=O)N2CCC[C@H]2C(=O)N(C)[C@H](CC(C)C)C(=O)N(C)[C@@H](CC(C)C)C(=O)N[C@@H](CC(C)C)C(=O)N(C)[C@@H](CC(C)C)C(=O)N(C)[C@H](C)C(=O)N[C@@H](CC(C)C)C(=O)N2CCC[C@@H]2C(=O)O[C@@H]1C,-6.0
7038,CC(=O)N[C@@H]1C(=O)N2CCC[C@H]2C(=O)N(C)[C@H](CC(C)C)C(=O)N(C)[C@@H](CC(C)C)C(=O)N[C@@H](CC(C)C)C(=O)N[C@H](CC(C)C)C(=O)N(C)[C@H](C)C(=O)N[C@@H](CC(C)C)C(=O)N2CCC[C@@H]2C(=O)O[C@@H]1C,-5.88
7037,CC(=O)N[C@@H]1C(=O)N2CCC[C@H]2C(=O)N(C)[C@H](CC(C)C)C(=O)N(C)[C@@H](CC(C)C)C(=O)N[C@@H](CC(C)C)C(=O)N[C@H](CC(C)C)C(=O)N[C@H](C)C(=O)N[C@@H](CC(C)C)C(=O)N2CCC[C@@H]2C(=O)O[C@@H]1C,-6.41
7036,CC(=O)N[C@@H]1C(=O)N2CCC[C@H]2C(=O)N(C)[C@H](CC(C)C)C(=O)N(C)[C@@H](CC(C)C)C(=O)N[C@@H](CC(C)C)C(=O)N[C@@H](CC(C)C)C(=O)N[C@@H](C)C(=O)N[C@@H](CC(C)C)C(=O)N2CCC[C@@H]2C(=O)O[C@@H]1C,-6.36
7035,CC(=O)N[C@@H]1C(=O)N2CCC[C@H]2C(=O)N(C)[C@H](CC(C)C)C(=O)N[C@H](CC(C)C)C(=O)N(C)[C@H](CC(C)C)C(=O)N(C)[C@H](CC(C)C)C(=O)N[C@@H](C)C(=O)N[C@@H](CC(C)C)C(=O)N2CCC[C@@H]2C(=O)O[C@@H]1C,-6.4
7034,CC(=O)N[C@@H]1C(=O)N2CCC[C@H]2C(=O)N(C)[C@H](CC(C)C)C(=O)N[C@H](CC(C)C)C(=O)N(C)[C@H](CC(C)C)C(=O)N(C)[C@@H](CC(C)C)C(=O)N[C@H](C)C(=O)N[C@@H](CC(C)C)C(=O)N2CCC[C@@H]2C(=O)O[C@@H]1C,-5.46
7033,CC(=O)N[C@@H]1C(=O)N2CCC[C@H]2C(=O)N(C)[C@H](CC(C)C)C(=O)N[C@H](CC(C)C)C(=O)N(C)[C@H](CC(C)C)C(=O)N[C@H](CC(C)C)C(=O)N(C)[C@H](C)C(=O)N[C@@H](CC(C)C)C(=O)N2CCC[C@@H]2C(=O)O[C@@H]1C,-5.61
7032,CC(=O)N[C@@H]1C(=O)N2CCC[C@H]2C(=O)N(C)[C@H](CC(C)C)C(=O)N[C@H](CC(C)C)C(=O)N(C)[C@H](CC(C)C)C(=O)N[C@H](CC(C)C)C(=O)N(C)[C@@H](C)C(=O)N[C@@H](CC(C)C)C(=O)N2CCC[C@@H]2C(=O)O[C@@H]1C,-5.34
7031,CC(=O)N[C@@H]1C(=O)N2CCC[C@H]2C(=O)N(C)[C@H](CC(C)C)C(=O)N[C@H](CC(C)C)C(=O)N(C)[C@H](CC(C)C)C(=O)N[C@H](CC(C)C)C(=O)N[C@@H](C)C(=O)N[C@@H](CC(C)C)C(=O)N2CCC[C@@H]2C(=O)O[C@@H]1C,-6.13
7030,CC(=O)N[C@@H]1C(=O)N2CCC[C@H]2C(=O)N(C)[C@H](CC(C)C)C(=O)N[C@H](CC(C)C)C(=O)N(C)[C@@H](CC(C)C)C(=O)N(C)[C@H](CC(C)C)C(=O)N[C@@H](C)C(=O)N[C@@H](CC(C)C)C(=O)N2CCC[C@@H]2C(=O)O[C@@H]1C,-6.42
7029,CC(=O)N[C@@H]1C(=O)N2CCC[C@H]2C(=O)N(C)[C@H](CC(C)C)C(=O)N[C@H](CC(C)C)C(=O)N(C)[C@@H](CC(C)C)C(=O)N[C@H](CC(C)C)C(=O)N(C)[C@H](C)C(=O)N[C@@H](CC(C)C)C(=O)N2CCC[C@@H]2C(=O)O[C@@H]1C,-5.93
7028,CC(=O)N[C@@H]1C(=O)N2CCC[C@H]2C(=O)N(C)[C@H](CC(C)C)C(=O)N[C@H](CC(C)C)C(=O)N(C)[C@@H](CC(C)C)C(=O)N[C@H](CC(C)C)C(=O)N(C)[C@@H](C)C(=O)N[C@@H](CC(C)C)C(=O)N2CCC[C@@H]2C(=O)O[C@@H]1C,-5.93
7027,CC(=O)N[C@@H]1C(=O)N2CCC[C@H]2C(=O)N(C)[C@H](CC(C)C)C(=O)N[C@H](CC(C)C)C(=O)N(C)[C@@H](CC(C)C)C(=O)N[C@@H](CC(C)C)C(=O)N[C@@H](C)C(=O)N[C@@H](CC(C)C)C(=O)N2CCC[C@@H]2C(=O)O[C@@H]1C,-6.88
7026,CC(=O)N[C@@H]1C(=O)N2CCC[C@H]2C(=O)N(C)[C@H](CC(C)C)C(=O)N[C@H](CC(C)C)C(=O)N[C@H](CC(C)C)C(=O)N(C)[C@H](CC(C)C)C(=O)N(C)[C@H](C)C(=O)N[C@@H](CC(C)C)C(=O)N2CCC[C@@H]2C(=O)O[C@@H]1C,-6.09
7025,CC(=O)N[C@@H]1C(=O)N2CCC[C@H]2C(=O)N(C)[C@H](CC(C)C)C(=O)N[C@H](CC(C)C)C(=O)N[C@H](CC(C)C)C(=O)N(C)[C@H](CC(C)C)C(=O)N(C)[C@@H](C)C(=O)N[C@@H](CC(C)C)C(=O)N2CCC[C@@H]2C(=O)O[C@@H]1C,-6.44
7024,CC(=O)N[C@@H]1C(=O)N2CCC[C@H]2C(=O)N(C)[C@H](CC(C)C)C(=O)N[C@H](CC(C)C)C(=O)N[C@H](CC(C)C)C(=O)N(C)[C@H](CC(C)C)C(=O)N[C@@H](C)C(=O)N[C@@H](CC(C)C)C(=O)N2CCC[C@@H]2C(=O)O[C@@H]1C,-6.85
7023,CC(=O)N[C@@H]1C(=O)N2CCC[C@H]2C(=O)N(C)[C@H](CC(C)C)C(=O)N[C@H](CC(C)C)C(=O)N[C@H](CC(C)C)C(=O)N(C)[C@@H](CC(C)C)C(=O)N(C)[C@H](C)C(=O)N[C@@H](CC(C)C)C(=O)N2CCC[C@@H]2C(=O)O[C@@H]1C,-5.65
7022,CC(=O)N[C@@H]1C(=O)N2CCC[C@H]2C(=O)N(C)[C@H](CC(C)C)C(=O)N[C@H](CC(C)C)C(=O)N[C@H](CC(C)C)C(=O)N(C)[C@@H](CC(C)C)C(=O)N(C)[C@@H](C)C(=O)N[C@@H](CC(C)C)C(=O)N2CCC[C@@H]2C(=O)O[C@@H]1C,-6.24
7021,CC(=O)N[C@@H]1C(=O)N2CCC[C@H]2C(=O)N(C)[C@H](CC(C)C)C(=O)N[C@H](CC(C)C)C(=O)N[C@H](CC(C)C)C(=O)N[C@H](CC(C)C)C(=O)N(C)[C@@H](C)C(=O)N[C@@H](CC(C)C)C(=O)N2CCC[C@@H]2C(=O)O[C@@H]1C,-6.46
7020,CC(=O)N[C@@H]1C(=O)N2CCC[C@H]2C(=O)N(C)[C@H](CC(C)C)C(=O)N[C@H](CC(C)C)C(=O)N[C@H](CC(C)C)C(=O)N[C@H](CC(C)C)C(=O)N[C@H](C)C(=O)N[C@@H](CC(C)C)C(=O)N2CCC[C@@H]2C(=O)O[C@@H]1C,-7.47
7019,CC(=O)N[C@@H]1C(=O)N2CCC[C@H]2C(=O)N(C)[C@H](CC(C)C)C(=O)N[C@H](CC(C)C)C(=O)N[C@H](CC(C)C)C(=O)N[C@H](CC(C)C)C(=O)N[C@@H](C)C(=O)N[C@@H](CC(C)C)C(=O)N2CCC[C@@H]2C(=O)O[C@@H]1C,-7.36
7018,CC(=O)N[C@@H]1C(=O)N2CCC[C@H]2C(=O)N(C)[C@H](CC(C)C)C(=O)N[C@H](CC(C)C)C(=O)N[C@H](CC(C)C)C(=O)N[C@@H](CC(C)C)C(=O)N(C)[C@H](C)C(=O)N[C@@H](CC(C)C)C(=O)N2CCC[C@@H]2C(=O)O[C@@H]1C,-6.8
7017,CC(=O)N[C@@H]1C(=O)N2CCC[C@H]2C(=O)N(C)[C@H](CC(C)C)C(=O)N[C@H](CC(C)C)C(=O)N[C@H](CC(C)C)C(=O)N[C@@H](CC(C)C)C(=O)N(C)[C@@H](C)C(=O)N[C@@H](CC(C)C)C(=O)N2CCC[C@@H]2C(=O)O[C@@H]1C,-6.78
7016,CC(=O)N[C@@H]1C(=O)N2CCC[C@H]2C(=O)N(C)[C@H](CC(C)C)C(=O)N[C@H](CC(C)C)C(=O)N[C@H](CC(C)C)C(=O)N[C@@H](CC(C)C)C(=O)N[C@H](C)C(=O)N[C@@H](CC(C)C)C(=O)N2CCC[C@@H]2C(=O)O[C@@H]1C,-6.83
7015,CC(=O)N[C@@H]1C(=O)N2CCC[C@H]2C(=O)N(C)[C@H](CC(C)C)C(=O)N[C@H](CC(C)C)C(=O)N[C@H](CC(C)C)C(=O)N[C@@H](CC(C)C)C(=O)N[C@@H](C)C(=O)N[C@@H](CC(C)C)C(=O)N2CCC[C@@H]2C(=O)O[C@@H]1C,-7.3
7014,CC(=O)N[C@@H]1C(=O)N2CCC[C@H]2C(=O)N(C)[C@H](CC(C)C)C(=O)N[C@H](CC(C)C)C(=O)N[C@@H](CC(C)C)C(=O)N(C)[C@H](CC(C)C)C(=O)N(C)[C@H](C)C(=O)N[C@@H](CC(C)C)C(=O)N2CCC[C@@H]2C(=O)O[C@@H]1C,-5.7
7013,CC(=O)N[C@@H]1C(=O)N2CCC[C@H]2C(=O)N(C)[C@H](CC(C)C)C(=O)N[C@H](CC(C)C)C(=O)N[C@@H](CC(C)C)C(=O)N(C)[C@H](CC(C)C)C(=O)N(C)[C@@H](C)C(=O)N[C@@H](CC(C)C)C(=O)N2CCC[C@@H]2C(=O)O[C@@H]1C,-6.04
7012,CC(=O)N[C@@H]1C(=O)N2CCC[C@H]2C(=O)N(C)[C@H](CC(C)C)C(=O)N[C@H](CC(C)C)C(=O)N[C@@H](CC(C)C)C(=O)N(C)[C@@H](CC(C)C)C(=O)N(C)[C@H](C)C(=O)N[C@@H](CC(C)C)C(=O)N2CCC[C@@H]2C(=O)O[C@@H]1C,-5.83
7011,CC(=O)N[C@@H]1C(=O)N2CCC[C@H]2C(=O)N(C)[C@H](CC(C)C)C(=O)N[C@H](CC(C)C)C(=O)N[C@@H](CC(C)C)C(=O)N(C)[C@@H](CC(C)C)C(=O)N(C)[C@@H](C)C(=O)N[C@@H](CC(C)C)C(=O)N2CCC[C@@H]2C(=O)O[C@@H]1C,-6.54
7010,CC(=O)N[C@@H]1C(=O)N2CCC[C@H]2C(=O)N(C)[C@H](CC(C)C)C(=O)N[C@H](CC(C)C)C(=O)N[C@@H](CC(C)C)C(=O)N(C)[C@@H](CC(C)C)C(=O)N[C@@H](C)C(=O)N[C@@H](CC(C)C)C(=O)N2CCC[C@@H]2C(=O)O[C@@H]1C,-6.51
7009,CC(=O)N[C@@H]1C(=O)N2CCC[C@H]2C(=O)N(C)[C@H](CC(C)C)C(=O)N[C@H](CC(C)C)C(=O)N[C@@H](CC(C)C)C(=O)N[C@H](CC(C)C)C(=O)N(C)[C@H](C)C(=O)N[C@@H](CC(C)C)C(=O)N2CCC[C@@H]2C(=O)O[C@@H]1C,-6.64
7008,CC(=O)N[C@@H]1C(=O)N2CCC[C@H]2C(=O)N(C)[C@H](CC(C)C)C(=O)N[C@H](CC(C)C)C(=O)N[C@@H](CC(C)C)C(=O)N[C@H](CC(C)C)C(=O)N[C@H](C)C(=O)N[C@@H](CC(C)C)C(=O)N2CCC[C@@H]2C(=O)O[C@@H]1C,-7.26
7007,CC(=O)N[C@@H]1C(=O)N2CCC[C@H]2C(=O)N(C)[C@H](CC(C)C)C(=O)N[C@H](CC(C)C)C(=O)N[C@@H](CC(C)C)C(=O)N[C@H](CC(C)C)C(=O)N[C@@H](C)C(=O)N[C@@H](CC(C)C)C(=O)N2CCC[C@@H]2C(=O)O[C@@H]1C,-7.17
7006,CC(=O)N[C@@H]1C(=O)N2CCC[C@H]2C(=O)N(C)[C@H](CC(C)C)C(=O)N[C@H](CC(C)C)C(=O)N[C@@H](CC(C)C)C(=O)N[C@@H](CC(C)C)C(=O)N(C)[C@@H](C)C(=O)N[C@@H](CC(C)C)C(=O)N2CCC[C@@H]2C(=O)O[C@@H]1C,-6.76
7005,CC(=O)N[C@@H]1C(=O)N2CCC[C@H]2C(=O)N(C)[C@H](CC(C)C)C(=O)N[C@H](CC(C)C)C(=O)N[C@@H](CC(C)C)C(=O)N[C@@H](CC(C)C)C(=O)N[C@H](C)C(=O)N[C@@H](CC(C)C)C(=O)N2CCC[C@@H]2C(=O)O[C@@H]1C,-7.27
7004,CC(=O)N[C@@H]1C(=O)N2CCC[C@H]2C(=O)N(C)[C@H](CC(C)C)C(=O)N[C@H](CC(C)C)C(=O)N[C@@H](CC(C)C)C(=O)N[C@@H](CC(C)C)C(=O)N[C@@H](C)C(=O)N[C@@H](CC(C)C)C(=O)N2CCC[C@@H]2C(=O)O[C@@H]1C,-7.11
7003,CC(=O)N[C@@H]1C(=O)N2CCC[C@H]2C(=O)N(C)[C@H](CC(C)C)C(=O)N[C@@H](CC(C)C)C(=O)N(C)[C@H](CC(C)C)C(=O)N(C)[C@H](CC(C)C)C(=O)N[C@@H](C)C(=O)N[C@@H](CC(C)C)C(=O)N2CCC[C@@H]2C(=O)O[C@@H]1C,-5.55
7002,CC(=O)N[C@@H]1C(=O)N2CCC[C@H]2C(=O)N(C)[C@H](CC(C)C)C(=O)N[C@@H](CC(C)C)C(=O)N(C)[C@H](CC(C)C)C(=O)N[C@H](CC(C)C)C(=O)N(C)[C@@H](C)C(=O)N[C@@H](CC(C)C)C(=O)N2CCC[C@@H]2C(=O)O[C@@H]1C,-4.96
7001,CC(=O)N[C@@H]1C(=O)N2CCC[C@H]2C(=O)N(C)[C@H](CC(C)C)C(=O)N[C@@H](CC(C)C)C(=O)N(C)[C@H](CC(C)C)C(=O)N[C@@H](CC(C)C)C(=O)N[C@@H](C)C(=O)N[C@@H](CC(C)C)C(=O)N2CCC[C@@H]2C(=O)O[C@@H]1C,-5.86
7000,CC(=O)N[C@@H]1C(=O)N2CCC[C@H]2C(=O)N(C)[C@H](CC(C)C)C(=O)N[C@@H](CC(C)C)C(=O)N(C)[C@@H](CC(C)C)C(=O)N(C)[C@@H](CC(C)C)C(=O)N(C)[C@H](C)C(=O)N[C@@H](CC(C)C)C(=O)N2CCC[C@@H]2C(=O)O[C@@H]1C,-5.47
6999,CC(=O)N[C@@H]1C(=O)N2CCC[C@H]2C(=O)N(C)[C@H](CC(C)C)C(=O)N[C@@H](CC(C)C)C(=O)N(C)[C@@H](CC(C)C)C(=O)N[C@@H](CC(C)C)C(=O)N[C@@H](C)C(=O)N[C@@H](CC(C)C)C(=O)N2CCC[C@@H]2C(=O)O[C@@H]1C,-6.31
6998,CC(=O)N[C@@H]1C(=O)N2CCC[C@H]2C(=O)N(C)[C@H](CC(C)C)C(=O)N[C@@H](CC(C)C)C(=O)N[C@H](CC(C)C)C(=O)N(C)[C@@H](CC(C)C)C(=O)N[C@@H](C)C(=O)N[C@@H](CC(C)C)C(=O)N2CCC[C@@H]2C(=O)O[C@@H]1C,-5.36
6997,CC(=O)N[C@@H]1C(=O)N2CCC[C@H]2C(=O)N(C)[C@H](CC(C)C)C(=O)N[C@@H](CC(C)C)C(=O)N[C@H](CC(C)C)C(=O)N[C@H](CC(C)C)C(=O)N(C)[C@H](C)C(=O)N[C@@H](CC(C)C)C(=O)N2CCC[C@@H]2C(=O)O[C@@H]1C,-7.08
6996,CC(=O)N[C@@H]1C(=O)N2CCC[C@H]2C(=O)N(C)[C@H](CC(C)C)C(=O)N[C@@H](CC(C)C)C(=O)N[C@H](CC(C)C)C(=O)N[C@H](CC(C)C)C(=O)N(C)[C@@H](C)C(=O)N[C@@H](CC(C)C)C(=O)N2CCC[C@@H]2C(=O)O[C@@H]1C,-6.44
6995,CC(=O)N[C@@H]1C(=O)N2CCC[C@H]2C(=O)N(C)[C@H](CC(C)C)C(=O)N[C@@H](CC(C)C)C(=O)N[C@H](CC(C)C)C(=O)N[C@H](CC(C)C)C(=O)N[C@H](C)C(=O)N[C@@H](CC(C)C)C(=O)N2CCC[C@@H]2C(=O)O[C@@H]1C,-7.32
6994,CC(=O)N[C@@H]1C(=O)N2CCC[C@H]2C(=O)N(C)[C@H](CC(C)C)C(=O)N[C@@H](CC(C)C)C(=O)N[C@H](CC(C)C)C(=O)N[C@H](CC(C)C)C(=O)N[C@@H](C)C(=O)N[C@@H](CC(C)C)C(=O)N2CCC[C@@H]2C(=O)O[C@@H]1C,-7.45
6993,CC(=O)N[C@@H]1C(=O)N2CCC[C@H]2C(=O)N(C)[C@H](CC(C)C)C(=O)N[C@@H](CC(C)C)C(=O)N[C@H](CC(C)C)C(=O)N[C@@H](CC(C)C)C(=O)N(C)[C@H](C)C(=O)N[C@@H](CC(C)C)C(=O)N2CCC[C@@H]2C(=O)O[C@@H]1C,-6.75
6992,CC(=O)N[C@@H]1C(=O)N2CCC[C@H]2C(=O)N(C)[C@H](CC(C)C)C(=O)N[C@@H](CC(C)C)C(=O)N[C@H](CC(C)C)C(=O)N[C@@H](CC(C)C)C(=O)N[C@H](C)C(=O)N[C@@H](CC(C)C)C(=O)N2CCC[C@@H]2C(=O)O[C@@H]1C,-7.0
6991,CC(=O)N[C@@H]1C(=O)N2CCC[C@H]2C(=O)N(C)[C@H](CC(C)C)C(=O)N[C@@H](CC(C)C)C(=O)N[C@H](CC(C)C)C(=O)N[C@@H](CC(C)C)C(=O)N[C@@H](C)C(=O)N[C@@H](CC(C)C)C(=O)N2CCC[C@@H]2C(=O)O[C@@H]1C,-6.47
6990,CC(=O)N[C@@H]1C(=O)N2CCC[C@H]2C(=O)N(C)[C@H](CC(C)C)C(=O)N[C@@H](CC(C)C)C(=O)N[C@@H](CC(C)C)C(=O)N(C)[C@H](CC(C)C)C(=O)N(C)[C@H](C)C(=O)N[C@@H](CC(C)C)C(=O)N2CCC[C@@H]2C(=O)O[C@@H]1C,-5.76
6989,CC(=O)N[C@@H]1C(=O)N2CCC[C@H]2C(=O)N(C)[C@H](CC(C)C)C(=O)N[C@@H](CC(C)C)C(=O)N[C@@H](CC(C)C)C(=O)N(C)[C@H](CC(C)C)C(=O)N[C@@H](C)C(=O)N[C@@H](CC(C)C)C(=O)N2CCC[C@@H]2C(=O)O[C@@H]1C,-6.5
6988,CC(=O)N[C@@H]1C(=O)N2CCC[C@H]2C(=O)N(C)[C@H](CC(C)C)C(=O)N[C@@H](CC(C)C)C(=O)N[C@@H](CC(C)C)C(=O)N(C)[C@@H](CC(C)C)C(=O)N(C)[C@H](C)C(=O)N[C@@H](CC(C)C)C(=O)N2CCC[C@@H]2C(=O)O[C@@H]1C,-6.4
6987,CC(=O)N[C@@H]1C(=O)N2CCC[C@H]2C(=O)N(C)[C@H](CC(C)C)C(=O)N[C@@H](CC(C)C)C(=O)N[C@@H](CC(C)C)C(=O)N(C)[C@@H](CC(C)C)C(=O)N[C@@H](C)C(=O)N[C@@H](CC(C)C)C(=O)N2CCC[C@@H]2C(=O)O[C@@H]1C,-6.79
6986,CC(=O)N[C@@H]1C(=O)N2CCC[C@H]2C(=O)N(C)[C@H](CC(C)C)C(=O)N[C@@H](CC(C)C)C(=O)N[C@@H](CC(C)C)C(=O)N[C@H](CC(C)C)C(=O)N[C@H](C)C(=O)N[C@@H](CC(C)C)C(=O)N2CCC[C@@H]2C(=O)O[C@@H]1C,-7.12
6985,CC(=O)N[C@@H]1C(=O)N2CCC[C@H]2C(=O)N(C)[C@H](CC(C)C)C(=O)N[C@@H](CC(C)C)C(=O)N[C@@H](CC(C)C)C(=O)N[C@H](CC(C)C)C(=O)N[C@@H](C)C(=O)N[C@@H](CC(C)C)C(=O)N2CCC[C@@H]2C(=O)O[C@@H]1C,-7.14
6984,CC(=O)N[C@@H]1C(=O)N2CCC[C@H]2C(=O)N(C)[C@H](CC(C)C)C(=O)N[C@@H](CC(C)C)C(=O)N[C@@H](CC(C)C)C(=O)N[C@@H](CC(C)C)C(=O)N(C)[C@@H](C)C(=O)N[C@@H](CC(C)C)C(=O)N2CCC[C@@H]2C(=O)O[C@@H]1C,-6.56
6983,CC(=O)N[C@@H]1C(=O)N2CCC[C@H]2C(=O)N(C)[C@H](CC(C)C)C(=O)N[C@@H](CC(C)C)C(=O)N[C@@H](CC(C)C)C(=O)N[C@@H](CC(C)C)C(=O)N[C@H](C)C(=O)N[C@@H](CC(C)C)C(=O)N2CCC[C@@H]2C(=O)O[C@@H]1C,-7.16
6981,CC(=O)N1CCC[C@H]1C(=O)N[C@@H]1C(=O)N[C@H](CC(C)C)C(=O)N(C)[C@H](CC(C)C)C(=O)N(C)[C@H](CC(C)C)C(=O)N(C)[C@H](CC(C)C)C(=O)N[C@H](C)C(=O)N[C@@H](CC(C)C)C(=O)N2CCC[C@@H]2C(=O)O[C@@H]1C,-5.36
6980,CC(=O)N1CCC[C@H]1C(=O)N[C@@H]1C(=O)N[C@H](CC(C)C)C(=O)N(C)[C@H](CC(C)C)C(=O)N(C)[C@H](CC(C)C)C(=O)N(C)[C@@H](CC(C)C)C(=O)N(C)[C@H](C)C(=O)N[C@@H](CC(C)C)C(=O)N2CCC[C@@H]2C(=O)O[C@@H]1C,-5.23
6979,CC(=O)N1CCC[C@H]1C(=O)N[C@@H]1C(=O)N[C@H](CC(C)C)C(=O)N(C)[C@H](CC(C)C)C(=O)N(C)[C@H](CC(C)C)C(=O)N(C)[C@@H](CC(C)C)C(=O)N(C)[C@@H](C)C(=O)N[C@@H](CC(C)C)C(=O)N2CCC[C@@H]2C(=O)O[C@@H]1C,-5.12
6978,CC(=O)N1CCC[C@H]1C(=O)N[C@@H]1C(=O)N[C@H](CC(C)C)C(=O)N(C)[C@H](CC(C)C)C(=O)N(C)[C@H](CC(C)C)C(=O)N(C)[C@@H](CC(C)C)C(=O)N[C@@H](C)C(=O)N[C@@H](CC(C)C)C(=O)N2CCC[C@@H]2C(=O)O[C@@H]1C,-5.41
6977,CC(=O)N1CCC[C@H]1C(=O)N[C@@H]1C(=O)N[C@H](CC(C)C)C(=O)N(C)[C@H](CC(C)C)C(=O)N(C)[C@H](CC(C)C)C(=O)N[C@H](CC(C)C)C(=O)N(C)[C@H](C)C(=O)N[C@@H](CC(C)C)C(=O)N2CCC[C@@H]2C(=O)O[C@@H]1C,-4.99
6976,CC(=O)N1CCC[C@H]1C(=O)N[C@@H]1C(=O)N[C@H](CC(C)C)C(=O)N(C)[C@H](CC(C)C)C(=O)N(C)[C@H](CC(C)C)C(=O)N[C@H](CC(C)C)C(=O)N(C)[C@@H](C)C(=O)N[C@@H](CC(C)C)C(=O)N2CCC[C@@H]2C(=O)O[C@@H]1C,-4.92
6975,CC(=O)N1CCC[C@H]1C(=O)N[C@@H]1C(=O)N[C@H](CC(C)C)C(=O)N(C)[C@H](CC(C)C)C(=O)N(C)[C@H](CC(C)C)C(=O)N[C@H](CC(C)C)C(=O)N[C@H](C)C(=O)N[C@@H](CC(C)C)C(=O)N2CCC[C@@H]2C(=O)O[C@@H]1C,-5.95
6974,CC(=O)N1CCC[C@H]1C(=O)N[C@@H]1C(=O)N[C@H](CC(C)C)C(=O)N(C)[C@H](CC(C)C)C(=O)N(C)[C@H](CC(C)C)C(=O)N[C@@H](CC(C)C)C(=O)N(C)[C@H](C)C(=O)N[C@@H](CC(C)C)C(=O)N2CCC[C@@H]2C(=O)O[C@@H]1C,-5.68
6973,CC(=O)N1CCC[C@H]1C(=O)N[C@@H]1C(=O)N[C@H](CC(C)C)C(=O)N(C)[C@H](CC(C)C)C(=O)N(C)[C@@H](CC(C)C)C(=O)N(C)[C@H](CC(C)C)C(=O)N(C)[C@H](C)C(=O)N[C@@H](CC(C)C)C(=O)N2CCC[C@@H]2C(=O)O[C@@H]1C,-4.95
6972,CC(=O)N1CCC[C@H]1C(=O)N[C@@H]1C(=O)N[C@H](CC(C)C)C(=O)N(C)[C@H](CC(C)C)C(=O)N(C)[C@@H](CC(C)C)C(=O)N(C)[C@H](CC(C)C)C(=O)N(C)[C@@H](C)C(=O)N[C@@H](CC(C)C)C(=O)N2CCC[C@@H]2C(=O)O[C@@H]1C,-4.99
6971,CC(=O)N1CCC[C@H]1C(=O)N[C@@H]1C(=O)N[C@H](CC(C)C)C(=O)N(C)[C@H](CC(C)C)C(=O)N(C)[C@@H](CC(C)C)C(=O)N(C)[C@H](CC(C)C)C(=O)N[C@H](C)C(=O)N[C@@H](CC(C)C)C(=O)N2CCC[C@@H]2C(=O)O[C@@H]1C,-5.21
6970,CC(=O)N1CCC[C@H]1C(=O)N[C@@H]1C(=O)N[C@H](CC(C)C)C(=O)N(C)[C@H](CC(C)C)C(=O)N(C)[C@@H](CC(C)C)C(=O)N(C)[C@@H](CC(C)C)C(=O)N(C)[C@@H](C)C(=O)N[C@@H](CC(C)C)C(=O)N2CCC[C@@H]2C(=O)O[C@@H]1C,-5.07
6969,CC(=O)N1CCC[C@H]1C(=O)N[C@@H]1C(=O)N[C@H](CC(C)C)C(=O)N(C)[C@H](CC(C)C)C(=O)N(C)[C@@H](CC(C)C)C(=O)N(C)[C@@H](CC(C)C)C(=O)N[C@@H](C)C(=O)N[C@@H](CC(C)C)C(=O)N2CCC[C@@H]2C(=O)O[C@@H]1C,-5.13
6968,CC(=O)N1CCC[C@H]1C(=O)N[C@@H]1C(=O)N[C@H](CC(C)C)C(=O)N(C)[C@H](CC(C)C)C(=O)N(C)[C@@H](CC(C)C)C(=O)N[C@H](CC(C)C)C(=O)N(C)[C@H](C)C(=O)N[C@@H](CC(C)C)C(=O)N2CCC[C@@H]2C(=O)O[C@@H]1C,-5.0
6967,CC(=O)N1CCC[C@H]1C(=O)N[C@@H]1C(=O)N[C@H](CC(C)C)C(=O)N(C)[C@H](CC(C)C)C(=O)N(C)[C@@H](CC(C)C)C(=O)N[C@@H](CC(C)C)C(=O)N(C)[C@H](C)C(=O)N[C@@H](CC(C)C)C(=O)N2CCC[C@@H]2C(=O)O[C@@H]1C,-5.6
6966,CC(=O)N1CCC[C@H]1C(=O)N[C@@H]1C(=O)N[C@H](CC(C)C)C(=O)N(C)[C@H](CC(C)C)C(=O)N[C@H](CC(C)C)C(=O)N(C)[C@H](CC(C)C)C(=O)N(C)[C@H](C)C(=O)N[C@@H](CC(C)C)C(=O)N2CCC[C@@H]2C(=O)O[C@@H]1C,-5.47
6965,CC(=O)N1CCC[C@H]1C(=O)N[C@@H]1C(=O)N[C@H](CC(C)C)C(=O)N(C)[C@H](CC(C)C)C(=O)N[C@H](CC(C)C)C(=O)N(C)[C@H](CC(C)C)C(=O)N(C)[C@@H](C)C(=O)N[C@@H](CC(C)C)C(=O)N2CCC[C@@H]2C(=O)O[C@@H]1C,-5.49
6964,CC(=O)N1CCC[C@H]1C(=O)N[C@@H]1C(=O)N[C@H](CC(C)C)C(=O)N(C)[C@H](CC(C)C)C(=O)N[C@H](CC(C)C)C(=O)N(C)[C@H](CC(C)C)C(=O)N[C@H](C)C(=O)N[C@@H](CC(C)C)C(=O)N2CCC[C@@H]2C(=O)O[C@@H]1C,-5.68
6963,CC(=O)N1CCC[C@H]1C(=O)N[C@@H]1C(=O)N[C@H](CC(C)C)C(=O)N(C)[C@H](CC(C)C)C(=O)N[C@H](CC(C)C)C(=O)N(C)[C@@H](CC(C)C)C(=O)N(C)[C@H](C)C(=O)N[C@@H](CC(C)C)C(=O)N2CCC[C@@H]2C(=O)O[C@@H]1C,-5.47
6962,CC(=O)N1CCC[C@H]1C(=O)N[C@@H]1C(=O)N[C@H](CC(C)C)C(=O)N(C)[C@H](CC(C)C)C(=O)N[C@H](CC(C)C)C(=O)N(C)[C@@H](CC(C)C)C(=O)N[C@@H](C)C(=O)N[C@@H](CC(C)C)C(=O)N2CCC[C@@H]2C(=O)O[C@@H]1C,-5.23
6961,CC(=O)N1CCC[C@H]1C(=O)N[C@@H]1C(=O)N[C@H](CC(C)C)C(=O)N(C)[C@H](CC(C)C)C(=O)N[C@H](CC(C)C)C(=O)N[C@H](CC(C)C)C(=O)N(C)[C@H](C)C(=O)N[C@@H](CC(C)C)C(=O)N2CCC[C@@H]2C(=O)O[C@@H]1C,-4.88
6960,CC(=O)N1CCC[C@H]1C(=O)N[C@@H]1C(=O)N[C@H](CC(C)C)C(=O)N(C)[C@H](CC(C)C)C(=O)N[C@H](CC(C)C)C(=O)N[C@H](CC(C)C)C(=O)N(C)[C@@H](C)C(=O)N[C@@H](CC(C)C)C(=O)N2CCC[C@@H]2C(=O)O[C@@H]1C,-4.88
6959,CC(=O)N1CCC[C@H]1C(=O)N[C@@H]1C(=O)N[C@H](CC(C)C)C(=O)N(C)[C@H](CC(C)C)C(=O)N[C@H](CC(C)C)C(=O)N[C@H](CC(C)C)C(=O)N[C@@H](C)C(=O)N[C@@H](CC(C)C)C(=O)N2CCC[C@@H]2C(=O)O[C@@H]1C,-5.1
6958,CC(=O)N1CCC[C@H]1C(=O)N[C@@H]1C(=O)N[C@H](CC(C)C)C(=O)N(C)[C@H](CC(C)C)C(=O)N[C@H](CC(C)C)C(=O)N[C@@H](CC(C)C)C(=O)N[C@H](C)C(=O)N[C@@H](CC(C)C)C(=O)N2CCC[C@@H]2C(=O)O[C@@H]1C,-6.13
6957,CC(=O)N1CCC[C@H]1C(=O)N[C@@H]1C(=O)N[C@H](CC(C)C)C(=O)N(C)[C@H](CC(C)C)C(=O)N[C@@H](CC(C)C)C(=O)N(C)[C@H](CC(C)C)C(=O)N(C)[C@H](C)C(=O)N[C@@H](CC(C)C)C(=O)N2CCC[C@@H]2C(=O)O[C@@H]1C,-5.35
6956,CC(=O)N1CCC[C@H]1C(=O)N[C@@H]1C(=O)N[C@H](CC(C)C)C(=O)N(C)[C@H](CC(C)C)C(=O)N[C@@H](CC(C)C)C(=O)N(C)[C@H](CC(C)C)C(=O)N(C)[C@@H](C)C(=O)N[C@@H](CC(C)C)C(=O)N2CCC[C@@H]2C(=O)O[C@@H]1C,-5.17
6955,CC(=O)N1CCC[C@H]1C(=O)N[C@@H]1C(=O)N[C@H](CC(C)C)C(=O)N(C)[C@H](CC(C)C)C(=O)N[C@@H](CC(C)C)C(=O)N(C)[C@H](CC(C)C)C(=O)N[C@@H](C)C(=O)N[C@@H](CC(C)C)C(=O)N2CCC[C@@H]2C(=O)O[C@@H]1C,-5.18
6954,CC(=O)N1CCC[C@H]1C(=O)N[C@@H]1C(=O)N[C@H](CC(C)C)C(=O)N(C)[C@H](CC(C)C)C(=O)N[C@@H](CC(C)C)C(=O)N(C)[C@@H](CC(C)C)C(=O)N(C)[C@H](C)C(=O)N[C@@H](CC(C)C)C(=O)N2CCC[C@@H]2C(=O)O[C@@H]1C,-4.96
6953,CC(=O)N1CCC[C@H]1C(=O)N[C@@H]1C(=O)N[C@H](CC(C)C)C(=O)N(C)[C@H](CC(C)C)C(=O)N[C@@H](CC(C)C)C(=O)N(C)[C@@H](CC(C)C)C(=O)N(C)[C@@H](C)C(=O)N[C@@H](CC(C)C)C(=O)N2CCC[C@@H]2C(=O)O[C@@H]1C,-5.01
6952,CC(=O)N1CCC[C@H]1C(=O)N[C@@H]1C(=O)N[C@H](CC(C)C)C(=O)N(C)[C@H](CC(C)C)C(=O)N[C@@H](CC(C)C)C(=O)N(C)[C@@H](CC(C)C)C(=O)N[C@H](C)C(=O)N[C@@H](CC(C)C)C(=O)N2CCC[C@@H]2C(=O)O[C@@H]1C,-5.1
6951,CC(=O)N1CCC[C@H]1C(=O)N[C@@H]1C(=O)N[C@H](CC(C)C)C(=O)N(C)[C@H](CC(C)C)C(=O)N[C@@H](CC(C)C)C(=O)N[C@H](CC(C)C)C(=O)N(C)[C@H](C)C(=O)N[C@@H](CC(C)C)C(=O)N2CCC[C@@H]2C(=O)O[C@@H]1C,-4.9
6950,CC(=O)N1CCC[C@H]1C(=O)N[C@@H]1C(=O)N[C@H](CC(C)C)C(=O)N(C)[C@H](CC(C)C)C(=O)N[C@@H](CC(C)C)C(=O)N[C@H](CC(C)C)C(=O)N(C)[C@@H](C)C(=O)N[C@@H](CC(C)C)C(=O)N2CCC[C@@H]2C(=O)O[C@@H]1C,-4.92
6949,CC(=O)N1CCC[C@H]1C(=O)N[C@@H]1C(=O)N[C@H](CC(C)C)C(=O)N(C)[C@H](CC(C)C)C(=O)N[C@@H](CC(C)C)C(=O)N[C@H](CC(C)C)C(=O)N[C@@H](C)C(=O)N[C@@H](CC(C)C)C(=O)N2CCC[C@@H]2C(=O)O[C@@H]1C,-5.21
6948,CC(=O)N1CCC[C@H]1C(=O)N[C@@H]1C(=O)N[C@H](CC(C)C)C(=O)N(C)[C@H](CC(C)C)C(=O)N[C@@H](CC(C)C)C(=O)N[C@@H](CC(C)C)C(=O)N[C@H](C)C(=O)N[C@@H](CC(C)C)C(=O)N2CCC[C@@H]2C(=O)O[C@@H]1C,-6.28
6947,CC(=O)N1CCC[C@H]1C(=O)N[C@@H]1C(=O)N[C@H](CC(C)C)C(=O)N(C)[C@@H](CC(C)C)C(=O)N(C)[C@H](CC(C)C)C(=O)N(C)[C@H](CC(C)C)C(=O)N(C)[C@@H](C)C(=O)N[C@@H](CC(C)C)C(=O)N2CCC[C@@H]2C(=O)O[C@@H]1C,-5.24
6946,CC(=O)N1CCC[C@H]1C(=O)N[C@@H]1C(=O)N[C@H](CC(C)C)C(=O)N(C)[C@@H](CC(C)C)C(=O)N(C)[C@H](CC(C)C)C(=O)N(C)[C@@H](CC(C)C)C(=O)N(C)[C@@H](C)C(=O)N[C@@H](CC(C)C)C(=O)N2CCC[C@@H]2C(=O)O[C@@H]1C,-5.12
6945,CC(=O)N1CCC[C@H]1C(=O)N[C@@H]1C(=O)N[C@H](CC(C)C)C(=O)N(C)[C@@H](CC(C)C)C(=O)N(C)[C@H](CC(C)C)C(=O)N[C@H](CC(C)C)C(=O)N(C)[C@H](C)C(=O)N[C@@H](CC(C)C)C(=O)N2CCC[C@@H]2C(=O)O[C@@H]1C,-4.92
6944,CC(=O)N1CCC[C@H]1C(=O)N[C@@H]1C(=O)N[C@H](CC(C)C)C(=O)N(C)[C@@H](CC(C)C)C(=O)N(C)[C@H](CC(C)C)C(=O)N[C@H](CC(C)C)C(=O)N[C@H](C)C(=O)N[C@@H](CC(C)C)C(=O)N2CCC[C@@H]2C(=O)O[C@@H]1C,-5.25
6943,CC(=O)N1CCC[C@H]1C(=O)N[C@@H]1C(=O)N[C@H](CC(C)C)C(=O)N(C)[C@@H](CC(C)C)C(=O)N(C)[C@@H](CC(C)C)C(=O)N(C)[C@H](CC(C)C)C(=O)N(C)[C@H](C)C(=O)N[C@@H](CC(C)C)C(=O)N2CCC[C@@H]2C(=O)O[C@@H]1C,-5.09
6942,CC(=O)N1CCC[C@H]1C(=O)N[C@@H]1C(=O)N[C@H](CC(C)C)C(=O)N(C)[C@@H](CC(C)C)C(=O)N(C)[C@@H](CC(C)C)C(=O)N(C)[C@H](CC(C)C)C(=O)N(C)[C@@H](C)C(=O)N[C@@H](CC(C)C)C(=O)N2CCC[C@@H]2C(=O)O[C@@H]1C,-5.12
6941,CC(=O)N1CCC[C@H]1C(=O)N[C@@H]1C(=O)N[C@H](CC(C)C)C(=O)N(C)[C@@H](CC(C)C)C(=O)N(C)[C@@H](CC(C)C)C(=O)N(C)[C@H](CC(C)C)C(=O)N[C@H](C)C(=O)N[C@@H](CC(C)C)C(=O)N2CCC[C@@H]2C(=O)O[C@@H]1C,-5.06
6940,CC(=O)N1CCC[C@H]1C(=O)N[C@@H]1C(=O)N[C@H](CC(C)C)C(=O)N(C)[C@@H](CC(C)C)C(=O)N(C)[C@@H](CC(C)C)C(=O)N(C)[C@@H](CC(C)C)C(=O)N(C)[C@H](C)C(=O)N[C@@H](CC(C)C)C(=O)N2CCC[C@@H]2C(=O)O[C@@H]1C,-5.01
6939,CC(=O)N1CCC[C@H]1C(=O)N[C@@H]1C(=O)N[C@H](CC(C)C)C(=O)N(C)[C@@H](CC(C)C)C(=O)N(C)[C@@H](CC(C)C)C(=O)N(C)[C@@H](CC(C)C)C(=O)N[C@H](C)C(=O)N[C@@H](CC(C)C)C(=O)N2CCC[C@@H]2C(=O)O[C@@H]1C,-5.12
6938,CC(=O)N1CCC[C@H]1C(=O)N[C@@H]1C(=O)N[C@H](CC(C)C)C(=O)N(C)[C@@H](CC(C)C)C(=O)N(C)[C@@H](CC(C)C)C(=O)N(C)[C@@H](CC(C)C)C(=O)N[C@@H](C)C(=O)N[C@@H](CC(C)C)C(=O)N2CCC[C@@H]2C(=O)O[C@@H]1C,-5.11
6937,CC(=O)N1CCC[C@H]1C(=O)N[C@@H]1C(=O)N[C@H](CC(C)C)C(=O)N(C)[C@@H](CC(C)C)C(=O)N(C)[C@@H](CC(C)C)C(=O)N[C@H](CC(C)C)C(=O)N[C@H](C)C(=O)N[C@@H](CC(C)C)C(=O)N2CCC[C@@H]2C(=O)O[C@@H]1C,-4.96
6936,CC(=O)N1CCC[C@H]1C(=O)N[C@@H]1C(=O)N[C@H](CC(C)C)C(=O)N(C)[C@@H](CC(C)C)C(=O)N(C)[C@@H](CC(C)C)C(=O)N[C@@H](CC(C)C)C(=O)N(C)[C@H](C)C(=O)N[C@@H](CC(C)C)C(=O)N2CCC[C@@H]2C(=O)O[C@@H]1C,-5.57
6935,CC(=O)N1CCC[C@H]1C(=O)N[C@@H]1C(=O)N[C@H](CC(C)C)C(=O)N(C)[C@@H](CC(C)C)C(=O)N(C)[C@@H](CC(C)C)C(=O)N[C@@H](CC(C)C)C(=O)N(C)[C@@H](C)C(=O)N[C@@H](CC(C)C)C(=O)N2CCC[C@@H]2C(=O)O[C@@H]1C,-4.96
6934,CC(=O)N1CCC[C@H]1C(=O)N[C@@H]1C(=O)N[C@H](CC(C)C)C(=O)N(C)[C@@H](CC(C)C)C(=O)N[C@H](CC(C)C)C(=O)N(C)[C@H](CC(C)C)C(=O)N(C)[C@H](C)C(=O)N[C@@H](CC(C)C)C(=O)N2CCC[C@@H]2C(=O)O[C@@H]1C,-5.22
6933,CC(=O)N1CCC[C@H]1C(=O)N[C@@H]1C(=O)N[C@H](CC(C)C)C(=O)N(C)[C@@H](CC(C)C)C(=O)N[C@H](CC(C)C)C(=O)N(C)[C@@H](CC(C)C)C(=O)N(C)[C@@H](C)C(=O)N[C@@H](CC(C)C)C(=O)N2CCC[C@@H]2C(=O)O[C@@H]1C,-5.84
6932,CC(=O)N1CCC[C@H]1C(=O)N[C@@H]1C(=O)N[C@H](CC(C)C)C(=O)N(C)[C@@H](CC(C)C)C(=O)N[C@@H](CC(C)C)C(=O)N(C)[C@H](CC(C)C)C(=O)N[C@H](C)C(=O)N[C@@H](CC(C)C)C(=O)N2CCC[C@@H]2C(=O)O[C@@H]1C,-5.25
6931,CC(=O)N1CCC[C@H]1C(=O)N[C@@H]1C(=O)N[C@H](CC(C)C)C(=O)N(C)[C@@H](CC(C)C)C(=O)N[C@@H](CC(C)C)C(=O)N(C)[C@H](CC(C)C)C(=O)N[C@@H](C)C(=O)N[C@@H](CC(C)C)C(=O)N2CCC[C@@H]2C(=O)O[C@@H]1C,-5.09
6930,CC(=O)N1CCC[C@H]1C(=O)N[C@@H]1C(=O)N[C@H](CC(C)C)C(=O)N(C)[C@@H](CC(C)C)C(=O)N[C@@H](CC(C)C)C(=O)N(C)[C@@H](CC(C)C)C(=O)N(C)[C@@H](C)C(=O)N[C@@H](CC(C)C)C(=O)N2CCC[C@@H]2C(=O)O[C@@H]1C,-5.32
6929,CC(=O)N1CCC[C@H]1C(=O)N[C@@H]1C(=O)N[C@H](CC(C)C)C(=O)N(C)[C@@H](CC(C)C)C(=O)N[C@@H](CC(C)C)C(=O)N[C@H](CC(C)C)C(=O)N(C)[C@@H](C)C(=O)N[C@@H](CC(C)C)C(=O)N2CCC[C@@H]2C(=O)O[C@@H]1C,-5.51
6928,CC(=O)N1CCC[C@H]1C(=O)N[C@@H]1C(=O)N[C@H](CC(C)C)C(=O)N(C)[C@@H](CC(C)C)C(=O)N[C@@H](CC(C)C)C(=O)N[C@@H](CC(C)C)C(=O)N(C)[C@H](C)C(=O)N[C@@H](CC(C)C)C(=O)N2CCC[C@@H]2C(=O)O[C@@H]1C,-5.73
6927,CC(=O)N1CCC[C@H]1C(=O)N[C@@H]1C(=O)N[C@H](CC(C)C)C(=O)N(C)[C@@H](CC(C)C)C(=O)N[C@@H](CC(C)C)C(=O)N[C@@H](CC(C)C)C(=O)N(C)[C@@H](C)C(=O)N[C@@H](CC(C)C)C(=O)N2CCC[C@@H]2C(=O)O[C@@H]1C,-5.8
6926,CC(=O)N1CCC[C@H]1C(=O)N[C@@H]1C(=O)N[C@H](CC(C)C)C(=O)N(C)[C@@H](CC(C)C)C(=O)N[C@@H](CC(C)C)C(=O)N[C@@H](CC(C)C)C(=O)N[C@@H](C)C(=O)N[C@@H](CC(C)C)C(=O)N2CCC[C@@H]2C(=O)O[C@@H]1C,-6.11
6925,CC(=O)N1CCC[C@H]1C(=O)N[C@@H]1C(=O)N[C@H](CC(C)C)C(=O)N[C@H](CC(C)C)C(=O)N(C)[C@H](CC(C)C)C(=O)N(C)[C@H](CC(C)C)C(=O)N(C)[C@H](C)C(=O)N[C@@H](CC(C)C)C(=O)N2CCC[C@@H]2C(=O)O[C@@H]1C,-4.64
6924,CC(=O)N1CCC[C@H]1C(=O)N[C@@H]1C(=O)N[C@H](CC(C)C)C(=O)N[C@H](CC(C)C)C(=O)N(C)[C@H](CC(C)C)C(=O)N(C)[C@H](CC(C)C)C(=O)N[C@@H](C)C(=O)N[C@@H](CC(C)C)C(=O)N2CCC[C@@H]2C(=O)O[C@@H]1C,-5.93
6923,CC(=O)N1CCC[C@H]1C(=O)N[C@@H]1C(=O)N[C@H](CC(C)C)C(=O)N[C@H](CC(C)C)C(=O)N(C)[C@H](CC(C)C)C(=O)N(C)[C@@H](CC(C)C)C(=O)N(C)[C@H](C)C(=O)N[C@@H](CC(C)C)C(=O)N2CCC[C@@H]2C(=O)O[C@@H]1C,-5.11
6922,CC(=O)N1CCC[C@H]1C(=O)N[C@@H]1C(=O)N[C@H](CC(C)C)C(=O)N[C@H](CC(C)C)C(=O)N(C)[C@H](CC(C)C)C(=O)N(C)[C@@H](CC(C)C)C(=O)N(C)[C@@H](C)C(=O)N[C@@H](CC(C)C)C(=O)N2CCC[C@@H]2C(=O)O[C@@H]1C,-5.74
6921,CC(=O)N1CCC[C@H]1C(=O)N[C@@H]1C(=O)N[C@H](CC(C)C)C(=O)N[C@H](CC(C)C)C(=O)N(C)[C@H](CC(C)C)C(=O)N[C@H](CC(C)C)C(=O)N(C)[C@H](C)C(=O)N[C@@H](CC(C)C)C(=O)N2CCC[C@@H]2C(=O)O[C@@H]1C,-5.49
6920,CC(=O)N1CCC[C@H]1C(=O)N[C@@H]1C(=O)N[C@H](CC(C)C)C(=O)N[C@H](CC(C)C)C(=O)N(C)[C@H](CC(C)C)C(=O)N[C@H](CC(C)C)C(=O)N[C@H](C)C(=O)N[C@@H](CC(C)C)C(=O)N2CCC[C@@H]2C(=O)O[C@@H]1C,-6.21
6919,CC(=O)N1CCC[C@H]1C(=O)N[C@@H]1C(=O)N[C@H](CC(C)C)C(=O)N[C@H](CC(C)C)C(=O)N(C)[C@H](CC(C)C)C(=O)N[C@@H](CC(C)C)C(=O)N(C)[C@H](C)C(=O)N[C@@H](CC(C)C)C(=O)N2CCC[C@@H]2C(=O)O[C@@H]1C,-5.71
6918,CC(=O)N1CCC[C@H]1C(=O)N[C@@H]1C(=O)N[C@H](CC(C)C)C(=O)N[C@H](CC(C)C)C(=O)N(C)[C@H](CC(C)C)C(=O)N[C@@H](CC(C)C)C(=O)N(C)[C@@H](C)C(=O)N[C@@H](CC(C)C)C(=O)N2CCC[C@@H]2C(=O)O[C@@H]1C,-5.42
6917,CC(=O)N1CCC[C@H]1C(=O)N[C@@H]1C(=O)N[C@H](CC(C)C)C(=O)N[C@H](CC(C)C)C(=O)N(C)[C@H](CC(C)C)C(=O)N[C@@H](CC(C)C)C(=O)N[C@@H](C)C(=O)N[C@@H](CC(C)C)C(=O)N2CCC[C@@H]2C(=O)O[C@@H]1C,-5.57
6916,CC(=O)N1CCC[C@H]1C(=O)N[C@@H]1C(=O)N[C@H](CC(C)C)C(=O)N[C@H](CC(C)C)C(=O)N(C)[C@@H](CC(C)C)C(=O)N(C)[C@H](CC(C)C)C(=O)N(C)[C@H](C)C(=O)N[C@@H](CC(C)C)C(=O)N2CCC[C@@H]2C(=O)O[C@@H]1C,-5.61
6915,CC(=O)N1CCC[C@H]1C(=O)N[C@@H]1C(=O)N[C@H](CC(C)C)C(=O)N[C@H](CC(C)C)C(=O)N(C)[C@@H](CC(C)C)C(=O)N(C)[C@@H](CC(C)C)C(=O)N(C)[C@@H](C)C(=O)N[C@@H](CC(C)C)C(=O)N2CCC[C@@H]2C(=O)O[C@@H]1C,-5.62
6914,CC(=O)N1CCC[C@H]1C(=O)N[C@@H]1C(=O)N[C@H](CC(C)C)C(=O)N[C@H](CC(C)C)C(=O)N(C)[C@@H](CC(C)C)C(=O)N[C@@H](CC(C)C)C(=O)N(C)[C@H](C)C(=O)N[C@@H](CC(C)C)C(=O)N2CCC[C@@H]2C(=O)O[C@@H]1C,-5.65
6913,CC(=O)N1CCC[C@H]1C(=O)N[C@@H]1C(=O)N[C@H](CC(C)C)C(=O)N[C@H](CC(C)C)C(=O)N(C)[C@@H](CC(C)C)C(=O)N[C@@H](CC(C)C)C(=O)N(C)[C@@H](C)C(=O)N[C@@H](CC(C)C)C(=O)N2CCC[C@@H]2C(=O)O[C@@H]1C,-5.19
6912,CC(=O)N1CCC[C@H]1C(=O)N[C@@H]1C(=O)N[C@H](CC(C)C)C(=O)N[C@H](CC(C)C)C(=O)N(C)[C@@H](CC(C)C)C(=O)N[C@@H](CC(C)C)C(=O)N[C@H](C)C(=O)N[C@@H](CC(C)C)C(=O)N2CCC[C@@H]2C(=O)O[C@@H]1C,-5.41
6911,CC(=O)N1CCC[C@H]1C(=O)N[C@@H]1C(=O)N[C@H](CC(C)C)C(=O)N[C@H](CC(C)C)C(=O)N[C@H](CC(C)C)C(=O)N(C)[C@H](CC(C)C)C(=O)N(C)[C@H](C)C(=O)N[C@@H](CC(C)C)C(=O)N2CCC[C@@H]2C(=O)O[C@@H]1C,-5.84
6910,CC(=O)N1CCC[C@H]1C(=O)N[C@@H]1C(=O)N[C@H](CC(C)C)C(=O)N[C@H](CC(C)C)C(=O)N[C@H](CC(C)C)C(=O)N(C)[C@H](CC(C)C)C(=O)N(C)[C@@H](C)C(=O)N[C@@H](CC(C)C)C(=O)N2CCC[C@@H]2C(=O)O[C@@H]1C,-5.67
6909,CC(=O)N1CCC[C@H]1C(=O)N[C@@H]1C(=O)N[C@H](CC(C)C)C(=O)N[C@H](CC(C)C)C(=O)N[C@H](CC(C)C)C(=O)N(C)[C@H](CC(C)C)C(=O)N[C@H](C)C(=O)N[C@@H](CC(C)C)C(=O)N2CCC[C@@H]2C(=O)O[C@@H]1C,-5.75
6908,CC(=O)N1CCC[C@H]1C(=O)N[C@@H]1C(=O)N[C@H](CC(C)C)C(=O)N[C@H](CC(C)C)C(=O)N[C@H](CC(C)C)C(=O)N(C)[C@@H](CC(C)C)C(=O)N(C)[C@@H](C)C(=O)N[C@@H](CC(C)C)C(=O)N2CCC[C@@H]2C(=O)O[C@@H]1C,-5.91
6907,CC(=O)N1CCC[C@H]1C(=O)N[C@@H]1C(=O)N[C@H](CC(C)C)C(=O)N[C@H](CC(C)C)C(=O)N[C@H](CC(C)C)C(=O)N(C)[C@@H](CC(C)C)C(=O)N[C@H](C)C(=O)N[C@@H](CC(C)C)C(=O)N2CCC[C@@H]2C(=O)O[C@@H]1C,-6.16
6906,CC(=O)N1CCC[C@H]1C(=O)N[C@@H]1C(=O)N[C@H](CC(C)C)C(=O)N[C@H](CC(C)C)C(=O)N[C@H](CC(C)C)C(=O)N[C@H](CC(C)C)C(=O)N(C)[C@H](C)C(=O)N[C@@H](CC(C)C)C(=O)N2CCC[C@@H]2C(=O)O[C@@H]1C,-5.07
6905,CC(=O)N1CCC[C@H]1C(=O)N[C@@H]1C(=O)N[C@H](CC(C)C)C(=O)N[C@H](CC(C)C)C(=O)N[C@H](CC(C)C)C(=O)N[C@H](CC(C)C)C(=O)N(C)[C@@H](C)C(=O)N[C@@H](CC(C)C)C(=O)N2CCC[C@@H]2C(=O)O[C@@H]1C,-5.17
6904,CC(=O)N1CCC[C@H]1C(=O)N[C@@H]1C(=O)N[C@H](CC(C)C)C(=O)N[C@H](CC(C)C)C(=O)N[C@H](CC(C)C)C(=O)N[C@H](CC(C)C)C(=O)N[C@H](C)C(=O)N[C@@H](CC(C)C)C(=O)N2CCC[C@@H]2C(=O)O[C@@H]1C,-5.97
6903,CC(=O)N1CCC[C@H]1C(=O)N[C@@H]1C(=O)N[C@H](CC(C)C)C(=O)N[C@H](CC(C)C)C(=O)N[C@H](CC(C)C)C(=O)N[C@H](CC(C)C)C(=O)N[C@@H](C)C(=O)N[C@@H](CC(C)C)C(=O)N2CCC[C@@H]2C(=O)O[C@@H]1C,-5.54
6902,CC(=O)N1CCC[C@H]1C(=O)N[C@@H]1C(=O)N[C@H](CC(C)C)C(=O)N[C@H](CC(C)C)C(=O)N[C@H](CC(C)C)C(=O)N[C@@H](CC(C)C)C(=O)N(C)[C@H](C)C(=O)N[C@@H](CC(C)C)C(=O)N2CCC[C@@H]2C(=O)O[C@@H]1C,-6.22
6901,CC(=O)N1CCC[C@H]1C(=O)N[C@@H]1C(=O)N[C@H](CC(C)C)C(=O)N[C@H](CC(C)C)C(=O)N[C@H](CC(C)C)C(=O)N[C@@H](CC(C)C)C(=O)N(C)[C@@H](C)C(=O)N[C@@H](CC(C)C)C(=O)N2CCC[C@@H]2C(=O)O[C@@H]1C,-5.95
6900,CC(=O)N1CCC[C@H]1C(=O)N[C@@H]1C(=O)N[C@H](CC(C)C)C(=O)N[C@H](CC(C)C)C(=O)N[C@H](CC(C)C)C(=O)N[C@@H](CC(C)C)C(=O)N[C@H](C)C(=O)N[C@@H](CC(C)C)C(=O)N2CCC[C@@H]2C(=O)O[C@@H]1C,-6.64
6899,CC(=O)N1CCC[C@H]1C(=O)N[C@@H]1C(=O)N[C@H](CC(C)C)C(=O)N[C@H](CC(C)C)C(=O)N[C@H](CC(C)C)C(=O)N[C@@H](CC(C)C)C(=O)N[C@@H](C)C(=O)N[C@@H](CC(C)C)C(=O)N2CCC[C@@H]2C(=O)O[C@@H]1C,-6.65
6898,CC(=O)N1CCC[C@H]1C(=O)N[C@@H]1C(=O)N[C@H](CC(C)C)C(=O)N[C@H](CC(C)C)C(=O)N[C@@H](CC(C)C)C(=O)N(C)[C@H](CC(C)C)C(=O)N(C)[C@H](C)C(=O)N[C@@H](CC(C)C)C(=O)N2CCC[C@@H]2C(=O)O[C@@H]1C,-5.83
6897,CC(=O)N1CCC[C@H]1C(=O)N[C@@H]1C(=O)N[C@H](CC(C)C)C(=O)N[C@H](CC(C)C)C(=O)N[C@@H](CC(C)C)C(=O)N(C)[C@H](CC(C)C)C(=O)N(C)[C@@H](C)C(=O)N[C@@H](CC(C)C)C(=O)N2CCC[C@@H]2C(=O)O[C@@H]1C,-5.9
6896,CC(=O)N1CCC[C@H]1C(=O)N[C@@H]1C(=O)N[C@H](CC(C)C)C(=O)N[C@H](CC(C)C)C(=O)N[C@@H](CC(C)C)C(=O)N(C)[C@@H](CC(C)C)C(=O)N(C)[C@@H](C)C(=O)N[C@@H](CC(C)C)C(=O)N2CCC[C@@H]2C(=O)O[C@@H]1C,-6.16
6895,CC(=O)N1CCC[C@H]1C(=O)N[C@@H]1C(=O)N[C@H](CC(C)C)C(=O)N[C@H](CC(C)C)C(=O)N[C@@H](CC(C)C)C(=O)N(C)[C@@H](CC(C)C)C(=O)N[C@@H](C)C(=O)N[C@@H](CC(C)C)C(=O)N2CCC[C@@H]2C(=O)O[C@@H]1C,-5.62
6894,CC(=O)N1CCC[C@H]1C(=O)N[C@@H]1C(=O)N[C@H](CC(C)C)C(=O)N[C@H](CC(C)C)C(=O)N[C@@H](CC(C)C)C(=O)N[C@H](CC(C)C)C(=O)N(C)[C@H](C)C(=O)N[C@@H](CC(C)C)C(=O)N2CCC[C@@H]2C(=O)O[C@@H]1C,-5.63
6893,CC(=O)N1CCC[C@H]1C(=O)N[C@@H]1C(=O)N[C@H](CC(C)C)C(=O)N[C@H](CC(C)C)C(=O)N[C@@H](CC(C)C)C(=O)N[C@H](CC(C)C)C(=O)N[C@H](C)C(=O)N[C@@H](CC(C)C)C(=O)N2CCC[C@@H]2C(=O)O[C@@H]1C,-6.51
6892,CC(=O)N1CCC[C@H]1C(=O)N[C@@H]1C(=O)N[C@H](CC(C)C)C(=O)N[C@H](CC(C)C)C(=O)N[C@@H](CC(C)C)C(=O)N[C@@H](CC(C)C)C(=O)N(C)[C@H](C)C(=O)N[C@@H](CC(C)C)C(=O)N2CCC[C@@H]2C(=O)O[C@@H]1C,-6.76
6891,CC(=O)N1CCC[C@H]1C(=O)N[C@@H]1C(=O)N[C@H](CC(C)C)C(=O)N[C@H](CC(C)C)C(=O)N[C@@H](CC(C)C)C(=O)N[C@@H](CC(C)C)C(=O)N(C)[C@@H](C)C(=O)N[C@@H](CC(C)C)C(=O)N2CCC[C@@H]2C(=O)O[C@@H]1C,-6.2
6890,CC(=O)N1CCC[C@H]1C(=O)N[C@@H]1C(=O)N[C@H](CC(C)C)C(=O)N[C@H](CC(C)C)C(=O)N[C@@H](CC(C)C)C(=O)N[C@@H](CC(C)C)C(=O)N[C@H](C)C(=O)N[C@@H](CC(C)C)C(=O)N2CCC[C@@H]2C(=O)O[C@@H]1C,-6.59
6889,CC(=O)N1CCC[C@H]1C(=O)N[C@@H]1C(=O)N[C@H](CC(C)C)C(=O)N[C@H](CC(C)C)C(=O)N[C@@H](CC(C)C)C(=O)N[C@@H](CC(C)C)C(=O)N[C@@H](C)C(=O)N[C@@H](CC(C)C)C(=O)N2CCC[C@@H]2C(=O)O[C@@H]1C,-6.68
6888,CC(=O)N1CCC[C@H]1C(=O)N[C@@H]1C(=O)N[C@H](CC(C)C)C(=O)N[C@@H](CC(C)C)C(=O)N(C)[C@H](CC(C)C)C(=O)N(C)[C@H](CC(C)C)C(=O)N(C)[C@H](C)C(=O)N[C@@H](CC(C)C)C(=O)N2CCC[C@@H]2C(=O)O[C@@H]1C,-5.64
6887,CC(=O)N1CCC[C@H]1C(=O)N[C@@H]1C(=O)N[C@H](CC(C)C)C(=O)N[C@@H](CC(C)C)C(=O)N(C)[C@H](CC(C)C)C(=O)N(C)[C@@H](CC(C)C)C(=O)N(C)[C@@H](C)C(=O)N[C@@H](CC(C)C)C(=O)N2CCC[C@@H]2C(=O)O[C@@H]1C,-5.11
6886,CC(=O)N1CCC[C@H]1C(=O)N[C@@H]1C(=O)N[C@H](CC(C)C)C(=O)N[C@@H](CC(C)C)C(=O)N(C)[C@H](CC(C)C)C(=O)N[C@H](CC(C)C)C(=O)N(C)[C@@H](C)C(=O)N[C@@H](CC(C)C)C(=O)N2CCC[C@@H]2C(=O)O[C@@H]1C,-4.97
6885,CC(=O)N1CCC[C@H]1C(=O)N[C@@H]1C(=O)N[C@H](CC(C)C)C(=O)N[C@@H](CC(C)C)C(=O)N(C)[C@H](CC(C)C)C(=O)N[C@H](CC(C)C)C(=O)N[C@H](C)C(=O)N[C@@H](CC(C)C)C(=O)N2CCC[C@@H]2C(=O)O[C@@H]1C,-5.26
6884,CC(=O)N1CCC[C@H]1C(=O)N[C@@H]1C(=O)N[C@H](CC(C)C)C(=O)N[C@@H](CC(C)C)C(=O)N(C)[C@H](CC(C)C)C(=O)N[C@H](CC(C)C)C(=O)N[C@@H](C)C(=O)N[C@@H](CC(C)C)C(=O)N2CCC[C@@H]2C(=O)O[C@@H]1C,-5.12
6883,CC(=O)N1CCC[C@H]1C(=O)N[C@@H]1C(=O)N[C@H](CC(C)C)C(=O)N[C@@H](CC(C)C)C(=O)N(C)[C@H](CC(C)C)C(=O)N[C@@H](CC(C)C)C(=O)N(C)[C@@H](C)C(=O)N[C@@H](CC(C)C)C(=O)N2CCC[C@@H]2C(=O)O[C@@H]1C,-5.38
6882,CC(=O)N1CCC[C@H]1C(=O)N[C@@H]1C(=O)N[C@H](CC(C)C)C(=O)N[C@@H](CC(C)C)C(=O)N(C)[C@@H](CC(C)C)C(=O)N(C)[C@H](CC(C)C)C(=O)N(C)[C@@H](C)C(=O)N[C@@H](CC(C)C)C(=O)N2CCC[C@@H]2C(=O)O[C@@H]1C,-5.32
6881,CC(=O)N1CCC[C@H]1C(=O)N[C@@H]1C(=O)N[C@H](CC(C)C)C(=O)N[C@@H](CC(C)C)C(=O)N(C)[C@@H](CC(C)C)C(=O)N[C@H](CC(C)C)C(=O)N(C)[C@H](C)C(=O)N[C@@H](CC(C)C)C(=O)N2CCC[C@@H]2C(=O)O[C@@H]1C,-5.28
6880,CC(=O)N1CCC[C@H]1C(=O)N[C@@H]1C(=O)N[C@H](CC(C)C)C(=O)N[C@@H](CC(C)C)C(=O)N(C)[C@@H](CC(C)C)C(=O)N[C@H](CC(C)C)C(=O)N(C)[C@@H](C)C(=O)N[C@@H](CC(C)C)C(=O)N2CCC[C@@H]2C(=O)O[C@@H]1C,-4.91
6879,CC(=O)N1CCC[C@H]1C(=O)N[C@@H]1C(=O)N[C@H](CC(C)C)C(=O)N[C@@H](CC(C)C)C(=O)N(C)[C@@H](CC(C)C)C(=O)N[C@H](CC(C)C)C(=O)N[C@H](C)C(=O)N[C@@H](CC(C)C)C(=O)N2CCC[C@@H]2C(=O)O[C@@H]1C,-5.08
6878,CC(=O)N1CCC[C@H]1C(=O)N[C@@H]1C(=O)N[C@H](CC(C)C)C(=O)N[C@@H](CC(C)C)C(=O)N(C)[C@@H](CC(C)C)C(=O)N[C@@H](CC(C)C)C(=O)N(C)[C@H](C)C(=O)N[C@@H](CC(C)C)C(=O)N2CCC[C@@H]2C(=O)O[C@@H]1C,-5.93
6877,CC(=O)N1CCC[C@H]1C(=O)N[C@@H]1C(=O)N[C@H](CC(C)C)C(=O)N[C@@H](CC(C)C)C(=O)N(C)[C@@H](CC(C)C)C(=O)N[C@@H](CC(C)C)C(=O)N(C)[C@@H](C)C(=O)N[C@@H](CC(C)C)C(=O)N2CCC[C@@H]2C(=O)O[C@@H]1C,-5.14
6876,CC(=O)N1CCC[C@H]1C(=O)N[C@@H]1C(=O)N[C@H](CC(C)C)C(=O)N[C@@H](CC(C)C)C(=O)N(C)[C@@H](CC(C)C)C(=O)N[C@@H](CC(C)C)C(=O)N[C@H](C)C(=O)N[C@@H](CC(C)C)C(=O)N2CCC[C@@H]2C(=O)O[C@@H]1C,-6.07
6875,CC(=O)N1CCC[C@H]1C(=O)N[C@@H]1C(=O)N[C@H](CC(C)C)C(=O)N[C@@H](CC(C)C)C(=O)N[C@H](CC(C)C)C(=O)N(C)[C@@H](CC(C)C)C(=O)N(C)[C@@H](C)C(=O)N[C@@H](CC(C)C)C(=O)N2CCC[C@@H]2C(=O)O[C@@H]1C,-5.96
6874,CC(=O)N1CCC[C@H]1C(=O)N[C@@H]1C(=O)N[C@H](CC(C)C)C(=O)N[C@@H](CC(C)C)C(=O)N[C@H](CC(C)C)C(=O)N(C)[C@@H](CC(C)C)C(=O)N[C@@H](C)C(=O)N[C@@H](CC(C)C)C(=O)N2CCC[C@@H]2C(=O)O[C@@H]1C,-5.83
6873,CC(=O)N1CCC[C@H]1C(=O)N[C@@H]1C(=O)N[C@H](CC(C)C)C(=O)N[C@@H](CC(C)C)C(=O)N[C@H](CC(C)C)C(=O)N[C@H](CC(C)C)C(=O)N(C)[C@H](C)C(=O)N[C@@H](CC(C)C)C(=O)N2CCC[C@@H]2C(=O)O[C@@H]1C,-5.24
6872,CC(=O)N1CCC[C@H]1C(=O)N[C@@H]1C(=O)N[C@H](CC(C)C)C(=O)N[C@@H](CC(C)C)C(=O)N[C@H](CC(C)C)C(=O)N[C@H](CC(C)C)C(=O)N(C)[C@@H](C)C(=O)N[C@@H](CC(C)C)C(=O)N2CCC[C@@H]2C(=O)O[C@@H]1C,-5.18
6871,CC(=O)N1CCC[C@H]1C(=O)N[C@@H]1C(=O)N[C@H](CC(C)C)C(=O)N[C@@H](CC(C)C)C(=O)N[C@H](CC(C)C)C(=O)N[C@@H](CC(C)C)C(=O)N(C)[C@H](C)C(=O)N[C@@H](CC(C)C)C(=O)N2CCC[C@@H]2C(=O)O[C@@H]1C,-6.4
6870,CC(=O)N1CCC[C@H]1C(=O)N[C@@H]1C(=O)N[C@H](CC(C)C)C(=O)N[C@@H](CC(C)C)C(=O)N[C@H](CC(C)C)C(=O)N[C@@H](CC(C)C)C(=O)N[C@H](C)C(=O)N[C@@H](CC(C)C)C(=O)N2CCC[C@@H]2C(=O)O[C@@H]1C,-6.69
6869,CC(=O)N1CCC[C@H]1C(=O)N[C@@H]1C(=O)N[C@H](CC(C)C)C(=O)N[C@@H](CC(C)C)C(=O)N[C@H](CC(C)C)C(=O)N[C@@H](CC(C)C)C(=O)N[C@@H](C)C(=O)N[C@@H](CC(C)C)C(=O)N2CCC[C@@H]2C(=O)O[C@@H]1C,-6.45
6868,CC(=O)N1CCC[C@H]1C(=O)N[C@@H]1C(=O)N[C@H](CC(C)C)C(=O)N[C@@H](CC(C)C)C(=O)N[C@@H](CC(C)C)C(=O)N(C)[C@H](CC(C)C)C(=O)N(C)[C@@H](C)C(=O)N[C@@H](CC(C)C)C(=O)N2CCC[C@@H]2C(=O)O[C@@H]1C,-5.59
6867,CC(=O)N1CCC[C@H]1C(=O)N[C@@H]1C(=O)N[C@H](CC(C)C)C(=O)N[C@@H](CC(C)C)C(=O)N[C@@H](CC(C)C)C(=O)N(C)[C@H](CC(C)C)C(=O)N[C@H](C)C(=O)N[C@@H](CC(C)C)C(=O)N2CCC[C@@H]2C(=O)O[C@@H]1C,-6.3
6866,CC(=O)N1CCC[C@H]1C(=O)N[C@@H]1C(=O)N[C@H](CC(C)C)C(=O)N[C@@H](CC(C)C)C(=O)N[C@@H](CC(C)C)C(=O)N(C)[C@H](CC(C)C)C(=O)N[C@@H](C)C(=O)N[C@@H](CC(C)C)C(=O)N2CCC[C@@H]2C(=O)O[C@@H]1C,-5.99
6865,CC(=O)N1CCC[C@H]1C(=O)N[C@@H]1C(=O)N[C@H](CC(C)C)C(=O)N[C@@H](CC(C)C)C(=O)N[C@@H](CC(C)C)C(=O)N(C)[C@@H](CC(C)C)C(=O)N(C)[C@H](C)C(=O)N[C@@H](CC(C)C)C(=O)N2CCC[C@@H]2C(=O)O[C@@H]1C,-5.82
6864,CC(=O)N1CCC[C@H]1C(=O)N[C@@H]1C(=O)N[C@H](CC(C)C)C(=O)N[C@@H](CC(C)C)C(=O)N[C@@H](CC(C)C)C(=O)N(C)[C@@H](CC(C)C)C(=O)N(C)[C@@H](C)C(=O)N[C@@H](CC(C)C)C(=O)N2CCC[C@@H]2C(=O)O[C@@H]1C,-6.27
6863,CC(=O)N1CCC[C@H]1C(=O)N[C@@H]1C(=O)N[C@H](CC(C)C)C(=O)N[C@@H](CC(C)C)C(=O)N[C@@H](CC(C)C)C(=O)N(C)[C@@H](CC(C)C)C(=O)N[C@H](C)C(=O)N[C@@H](CC(C)C)C(=O)N2CCC[C@@H]2C(=O)O[C@@H]1C,-6.47
6862,CC(=O)N1CCC[C@H]1C(=O)N[C@@H]1C(=O)N[C@H](CC(C)C)C(=O)N[C@@H](CC(C)C)C(=O)N[C@@H](CC(C)C)C(=O)N(C)[C@@H](CC(C)C)C(=O)N[C@@H](C)C(=O)N[C@@H](CC(C)C)C(=O)N2CCC[C@@H]2C(=O)O[C@@H]1C,-5.82
6861,CC(=O)N1CCC[C@H]1C(=O)N[C@@H]1C(=O)N[C@H](CC(C)C)C(=O)N[C@@H](CC(C)C)C(=O)N[C@@H](CC(C)C)C(=O)N[C@H](CC(C)C)C(=O)N(C)[C@H](C)C(=O)N[C@@H](CC(C)C)C(=O)N2CCC[C@@H]2C(=O)O[C@@H]1C,-5.01
6860,CC(=O)N1CCC[C@H]1C(=O)N[C@@H]1C(=O)N[C@H](CC(C)C)C(=O)N[C@@H](CC(C)C)C(=O)N[C@@H](CC(C)C)C(=O)N[C@H](CC(C)C)C(=O)N(C)[C@@H](C)C(=O)N[C@@H](CC(C)C)C(=O)N2CCC[C@@H]2C(=O)O[C@@H]1C,-4.89
6859,CC(=O)N1CCC[C@H]1C(=O)N[C@@H]1C(=O)N[C@H](CC(C)C)C(=O)N[C@@H](CC(C)C)C(=O)N[C@@H](CC(C)C)C(=O)N[C@H](CC(C)C)C(=O)N[C@H](C)C(=O)N[C@@H](CC(C)C)C(=O)N2CCC[C@@H]2C(=O)O[C@@H]1C,-6.15
6858,CC(=O)N1CCC[C@H]1C(=O)N[C@@H]1C(=O)N[C@H](CC(C)C)C(=O)N[C@@H](CC(C)C)C(=O)N[C@@H](CC(C)C)C(=O)N[C@H](CC(C)C)C(=O)N[C@@H](C)C(=O)N[C@@H](CC(C)C)C(=O)N2CCC[C@@H]2C(=O)O[C@@H]1C,-6.05
6857,CC(=O)N1CCC[C@H]1C(=O)N[C@@H]1C(=O)N[C@H](CC(C)C)C(=O)N[C@@H](CC(C)C)C(=O)N[C@@H](CC(C)C)C(=O)N[C@@H](CC(C)C)C(=O)N(C)[C@H](C)C(=O)N[C@@H](CC(C)C)C(=O)N2CCC[C@@H]2C(=O)O[C@@H]1C,-7.08
6856,CC(=O)N1CCC[C@H]1C(=O)N[C@@H]1C(=O)N[C@H](CC(C)C)C(=O)N[C@@H](CC(C)C)C(=O)N[C@@H](CC(C)C)C(=O)N[C@@H](CC(C)C)C(=O)N(C)[C@@H](C)C(=O)N[C@@H](CC(C)C)C(=O)N2CCC[C@@H]2C(=O)O[C@@H]1C,-6.63
6855,CC(=O)N1CCC[C@H]1C(=O)N[C@@H]1C(=O)N[C@H](CC(C)C)C(=O)N[C@@H](CC(C)C)C(=O)N[C@@H](CC(C)C)C(=O)N[C@@H](CC(C)C)C(=O)N[C@H](C)C(=O)N[C@@H](CC(C)C)C(=O)N2CCC[C@@H]2C(=O)O[C@@H]1C,-6.57
6854,CC(=O)N1CCC[C@H]1C(=O)N[C@@H]1C(=O)N[C@H](CC(C)C)C(=O)N[C@@H](CC(C)C)C(=O)N[C@@H](CC(C)C)C(=O)N[C@@H](CC(C)C)C(=O)N[C@@H](C)C(=O)N[C@@H](CC(C)C)C(=O)N2CCC[C@@H]2C(=O)O[C@@H]1C,-6.33
6853,CC(=O)N1CCC[C@H]1C(=O)N[C@@H]1C(=O)N(C)[C@H](CC(C)C)C(=O)N(C)[C@H](CC(C)C)C(=O)N(C)[C@H](CC(C)C)C(=O)N(C)[C@@H](CC(C)C)C(=O)N(C)[C@@H](C)C(=O)N[C@@H](CC(C)C)C(=O)N2CCC[C@@H]2C(=O)O[C@@H]1C,-5.08
6852,CC(=O)N1CCC[C@H]1C(=O)N[C@@H]1C(=O)N(C)[C@H](CC(C)C)C(=O)N(C)[C@H](CC(C)C)C(=O)N(C)[C@H](CC(C)C)C(=O)N[C@H](CC(C)C)C(=O)N[C@H](C)C(=O)N[C@@H](CC(C)C)C(=O)N2CCC[C@@H]2C(=O)O[C@@H]1C,-5.64
6851,CC(=O)N1CCC[C@H]1C(=O)N[C@@H]1C(=O)N(C)[C@H](CC(C)C)C(=O)N(C)[C@H](CC(C)C)C(=O)N(C)[C@H](CC(C)C)C(=O)N[C@@H](CC(C)C)C(=O)N(C)[C@@H](C)C(=O)N[C@@H](CC(C)C)C(=O)N2CCC[C@@H]2C(=O)O[C@@H]1C,-5.14
6850,CC(=O)N1CCC[C@H]1C(=O)N[C@@H]1C(=O)N(C)[C@H](CC(C)C)C(=O)N(C)[C@H](CC(C)C)C(=O)N(C)[C@@H](CC(C)C)C(=O)N(C)[C@H](CC(C)C)C(=O)N(C)[C@H](C)C(=O)N[C@@H](CC(C)C)C(=O)N2CCC[C@@H]2C(=O)O[C@@H]1C,-5.05
6849,CC(=O)N1CCC[C@H]1C(=O)N[C@@H]1C(=O)N(C)[C@H](CC(C)C)C(=O)N(C)[C@H](CC(C)C)C(=O)N(C)[C@@H](CC(C)C)C(=O)N(C)[C@H](CC(C)C)C(=O)N(C)[C@@H](C)C(=O)N[C@@H](CC(C)C)C(=O)N2CCC[C@@H]2C(=O)O[C@@H]1C,-5.0
6848,CC(=O)N1CCC[C@H]1C(=O)N[C@@H]1C(=O)N(C)[C@H](CC(C)C)C(=O)N(C)[C@H](CC(C)C)C(=O)N(C)[C@@H](CC(C)C)C(=O)N(C)[C@@H](CC(C)C)C(=O)N(C)[C@H](C)C(=O)N[C@@H](CC(C)C)C(=O)N2CCC[C@@H]2C(=O)O[C@@H]1C,-5.08
6847,CC(=O)N1CCC[C@H]1C(=O)N[C@@H]1C(=O)N(C)[C@H](CC(C)C)C(=O)N(C)[C@H](CC(C)C)C(=O)N(C)[C@@H](CC(C)C)C(=O)N(C)[C@@H](CC(C)C)C(=O)N[C@@H](C)C(=O)N[C@@H](CC(C)C)C(=O)N2CCC[C@@H]2C(=O)O[C@@H]1C,-5.15
6846,CC(=O)N1CCC[C@H]1C(=O)N[C@@H]1C(=O)N(C)[C@H](CC(C)C)C(=O)N(C)[C@H](CC(C)C)C(=O)N(C)[C@@H](CC(C)C)C(=O)N[C@@H](CC(C)C)C(=O)N(C)[C@@H](C)C(=O)N[C@@H](CC(C)C)C(=O)N2CCC[C@@H]2C(=O)O[C@@H]1C,-5.09
6845,CC(=O)N1CCC[C@H]1C(=O)N[C@@H]1C(=O)N(C)[C@H](CC(C)C)C(=O)N(C)[C@H](CC(C)C)C(=O)N[C@H](CC(C)C)C(=O)N(C)[C@H](CC(C)C)C(=O)N[C@H](C)C(=O)N[C@@H](CC(C)C)C(=O)N2CCC[C@@H]2C(=O)O[C@@H]1C,-5.11
6844,CC(=O)N1CCC[C@H]1C(=O)N[C@@H]1C(=O)N(C)[C@H](CC(C)C)C(=O)N(C)[C@H](CC(C)C)C(=O)N[C@H](CC(C)C)C(=O)N[C@H](CC(C)C)C(=O)N(C)[C@H](C)C(=O)N[C@@H](CC(C)C)C(=O)N2CCC[C@@H]2C(=O)O[C@@H]1C,-5.27
6843,CC(=O)N1CCC[C@H]1C(=O)N[C@@H]1C(=O)N(C)[C@H](CC(C)C)C(=O)N(C)[C@H](CC(C)C)C(=O)N[C@H](CC(C)C)C(=O)N[C@@H](CC(C)C)C(=O)N(C)[C@H](C)C(=O)N[C@@H](CC(C)C)C(=O)N2CCC[C@@H]2C(=O)O[C@@H]1C,-5.68
6842,CC(=O)N1CCC[C@H]1C(=O)N[C@@H]1C(=O)N(C)[C@H](CC(C)C)C(=O)N(C)[C@H](CC(C)C)C(=O)N[C@@H](CC(C)C)C(=O)N(C)[C@@H](CC(C)C)C(=O)N(C)[C@H](C)C(=O)N[C@@H](CC(C)C)C(=O)N2CCC[C@@H]2C(=O)O[C@@H]1C,-4.92
6841,CC(=O)N1CCC[C@H]1C(=O)N[C@@H]1C(=O)N(C)[C@H](CC(C)C)C(=O)N(C)[C@@H](CC(C)C)C(=O)N(C)[C@H](CC(C)C)C(=O)N(C)[C@H](CC(C)C)C(=O)N(C)[C@H](C)C(=O)N[C@@H](CC(C)C)C(=O)N2CCC[C@@H]2C(=O)O[C@@H]1C,-5.32
6840,CC(=O)N1CCC[C@H]1C(=O)N[C@@H]1C(=O)N(C)[C@H](CC(C)C)C(=O)N(C)[C@@H](CC(C)C)C(=O)N(C)[C@H](CC(C)C)C(=O)N(C)[C@@H](CC(C)C)C(=O)N(C)[C@H](C)C(=O)N[C@@H](CC(C)C)C(=O)N2CCC[C@@H]2C(=O)O[C@@H]1C,-4.91
6839,CC(=O)N1CCC[C@H]1C(=O)N[C@@H]1C(=O)N(C)[C@H](CC(C)C)C(=O)N(C)[C@@H](CC(C)C)C(=O)N(C)[C@H](CC(C)C)C(=O)N(C)[C@@H](CC(C)C)C(=O)N(C)[C@@H](C)C(=O)N[C@@H](CC(C)C)C(=O)N2CCC[C@@H]2C(=O)O[C@@H]1C,-4.81
6838,CC(=O)N1CCC[C@H]1C(=O)N[C@@H]1C(=O)N(C)[C@H](CC(C)C)C(=O)N(C)[C@@H](CC(C)C)C(=O)N(C)[C@H](CC(C)C)C(=O)N(C)[C@@H](CC(C)C)C(=O)N[C@@H](C)C(=O)N[C@@H](CC(C)C)C(=O)N2CCC[C@@H]2C(=O)O[C@@H]1C,-5.12
6837,CC(=O)N1CCC[C@H]1C(=O)N[C@@H]1C(=O)N(C)[C@H](CC(C)C)C(=O)N(C)[C@@H](CC(C)C)C(=O)N(C)[C@H](CC(C)C)C(=O)N[C@H](CC(C)C)C(=O)N[C@H](C)C(=O)N[C@@H](CC(C)C)C(=O)N2CCC[C@@H]2C(=O)O[C@@H]1C,-5.51
6836,CC(=O)N1CCC[C@H]1C(=O)N[C@@H]1C(=O)N(C)[C@H](CC(C)C)C(=O)N(C)[C@@H](CC(C)C)C(=O)N(C)[C@H](CC(C)C)C(=O)N[C@@H](CC(C)C)C(=O)N(C)[C@H](C)C(=O)N[C@@H](CC(C)C)C(=O)N2CCC[C@@H]2C(=O)O[C@@H]1C,-4.95
6835,CC(=O)N1CCC[C@H]1C(=O)N[C@@H]1C(=O)N(C)[C@H](CC(C)C)C(=O)N(C)[C@@H](CC(C)C)C(=O)N(C)[C@H](CC(C)C)C(=O)N[C@@H](CC(C)C)C(=O)N(C)[C@@H](C)C(=O)N[C@@H](CC(C)C)C(=O)N2CCC[C@@H]2C(=O)O[C@@H]1C,-4.93
6834,CC(=O)N1CCC[C@H]1C(=O)N[C@@H]1C(=O)N(C)[C@H](CC(C)C)C(=O)N(C)[C@@H](CC(C)C)C(=O)N(C)[C@H](CC(C)C)C(=O)N[C@@H](CC(C)C)C(=O)N[C@H](C)C(=O)N[C@@H](CC(C)C)C(=O)N2CCC[C@@H]2C(=O)O[C@@H]1C,-5.23
6833,CC(=O)N1CCC[C@H]1C(=O)N[C@@H]1C(=O)N(C)[C@H](CC(C)C)C(=O)N(C)[C@@H](CC(C)C)C(=O)N(C)[C@@H](CC(C)C)C(=O)N(C)[C@H](CC(C)C)C(=O)N(C)[C@H](C)C(=O)N[C@@H](CC(C)C)C(=O)N2CCC[C@@H]2C(=O)O[C@@H]1C,-5.22
6832,CC(=O)N1CCC[C@H]1C(=O)N[C@@H]1C(=O)N(C)[C@H](CC(C)C)C(=O)N(C)[C@@H](CC(C)C)C(=O)N(C)[C@@H](CC(C)C)C(=O)N(C)[C@H](CC(C)C)C(=O)N(C)[C@@H](C)C(=O)N[C@@H](CC(C)C)C(=O)N2CCC[C@@H]2C(=O)O[C@@H]1C,-5.09
6831,CC(=O)N1CCC[C@H]1C(=O)N[C@@H]1C(=O)N(C)[C@H](CC(C)C)C(=O)N(C)[C@@H](CC(C)C)C(=O)N(C)[C@@H](CC(C)C)C(=O)N(C)[C@H](CC(C)C)C(=O)N[C@@H](C)C(=O)N[C@@H](CC(C)C)C(=O)N2CCC[C@@H]2C(=O)O[C@@H]1C,-5.8
6830,CC(=O)N1CCC[C@H]1C(=O)N[C@@H]1C(=O)N(C)[C@H](CC(C)C)C(=O)N(C)[C@@H](CC(C)C)C(=O)N(C)[C@@H](CC(C)C)C(=O)N(C)[C@@H](CC(C)C)C(=O)N(C)[C@H](C)C(=O)N[C@@H](CC(C)C)C(=O)N2CCC[C@@H]2C(=O)O[C@@H]1C,-5.09
6829,CC(=O)N1CCC[C@H]1C(=O)N[C@@H]1C(=O)N(C)[C@H](CC(C)C)C(=O)N(C)[C@@H](CC(C)C)C(=O)N(C)[C@@H](CC(C)C)C(=O)N(C)[C@@H](CC(C)C)C(=O)N(C)[C@@H](C)C(=O)N[C@@H](CC(C)C)C(=O)N2CCC[C@@H]2C(=O)O[C@@H]1C,-5.07
6828,CC(=O)N1CCC[C@H]1C(=O)N[C@@H]1C(=O)N(C)[C@H](CC(C)C)C(=O)N(C)[C@@H](CC(C)C)C(=O)N(C)[C@@H](CC(C)C)C(=O)N(C)[C@@H](CC(C)C)C(=O)N[C@H](C)C(=O)N[C@@H](CC(C)C)C(=O)N2CCC[C@@H]2C(=O)O[C@@H]1C,-5.01
6827,CC(=O)N1CCC[C@H]1C(=O)N[C@@H]1C(=O)N(C)[C@H](CC(C)C)C(=O)N(C)[C@@H](CC(C)C)C(=O)N(C)[C@@H](CC(C)C)C(=O)N(C)[C@@H](CC(C)C)C(=O)N[C@@H](C)C(=O)N[C@@H](CC(C)C)C(=O)N2CCC[C@@H]2C(=O)O[C@@H]1C,-5.2
6826,CC(=O)N1CCC[C@H]1C(=O)N[C@@H]1C(=O)N(C)[C@H](CC(C)C)C(=O)N(C)[C@@H](CC(C)C)C(=O)N(C)[C@@H](CC(C)C)C(=O)N[C@@H](CC(C)C)C(=O)N(C)[C@H](C)C(=O)N[C@@H](CC(C)C)C(=O)N2CCC[C@@H]2C(=O)O[C@@H]1C,-5.32
6825,CC(=O)N1CCC[C@H]1C(=O)N[C@@H]1C(=O)N(C)[C@H](CC(C)C)C(=O)N(C)[C@@H](CC(C)C)C(=O)N(C)[C@@H](CC(C)C)C(=O)N[C@@H](CC(C)C)C(=O)N(C)[C@@H](C)C(=O)N[C@@H](CC(C)C)C(=O)N2CCC[C@@H]2C(=O)O[C@@H]1C,-5.07
6824,CC(=O)N1CCC[C@H]1C(=O)N[C@@H]1C(=O)N(C)[C@H](CC(C)C)C(=O)N(C)[C@@H](CC(C)C)C(=O)N[C@H](CC(C)C)C(=O)N(C)[C@H](CC(C)C)C(=O)N(C)[C@@H](C)C(=O)N[C@@H](CC(C)C)C(=O)N2CCC[C@@H]2C(=O)O[C@@H]1C,-5.09
6823,CC(=O)N1CCC[C@H]1C(=O)N[C@@H]1C(=O)N(C)[C@H](CC(C)C)C(=O)N(C)[C@@H](CC(C)C)C(=O)N[C@H](CC(C)C)C(=O)N(C)[C@H](CC(C)C)C(=O)N[C@H](C)C(=O)N[C@@H](CC(C)C)C(=O)N2CCC[C@@H]2C(=O)O[C@@H]1C,-5.07
6822,CC(=O)N1CCC[C@H]1C(=O)N[C@@H]1C(=O)N(C)[C@H](CC(C)C)C(=O)N(C)[C@@H](CC(C)C)C(=O)N[C@H](CC(C)C)C(=O)N(C)[C@@H](CC(C)C)C(=O)N[C@H](C)C(=O)N[C@@H](CC(C)C)C(=O)N2CCC[C@@H]2C(=O)O[C@@H]1C,-5.33
6821,CC(=O)N1CCC[C@H]1C(=O)N[C@@H]1C(=O)N(C)[C@H](CC(C)C)C(=O)N(C)[C@@H](CC(C)C)C(=O)N[C@@H](CC(C)C)C(=O)N(C)[C@H](CC(C)C)C(=O)N(C)[C@H](C)C(=O)N[C@@H](CC(C)C)C(=O)N2CCC[C@@H]2C(=O)O[C@@H]1C,-6.01
6820,CC(=O)N1CCC[C@H]1C(=O)N[C@@H]1C(=O)N(C)[C@H](CC(C)C)C(=O)N(C)[C@@H](CC(C)C)C(=O)N[C@@H](CC(C)C)C(=O)N(C)[C@H](CC(C)C)C(=O)N(C)[C@@H](C)C(=O)N[C@@H](CC(C)C)C(=O)N2CCC[C@@H]2C(=O)O[C@@H]1C,-5.44
6819,CC(=O)N1CCC[C@H]1C(=O)N[C@@H]1C(=O)N(C)[C@H](CC(C)C)C(=O)N(C)[C@@H](CC(C)C)C(=O)N[C@@H](CC(C)C)C(=O)N(C)[C@@H](CC(C)C)C(=O)N(C)[C@@H](C)C(=O)N[C@@H](CC(C)C)C(=O)N2CCC[C@@H]2C(=O)O[C@@H]1C,-5.4
6818,CC(=O)N1CCC[C@H]1C(=O)N[C@@H]1C(=O)N(C)[C@H](CC(C)C)C(=O)N[C@H](CC(C)C)C(=O)N(C)[C@H](CC(C)C)C(=O)N(C)[C@H](CC(C)C)C(=O)N[C@@H](C)C(=O)N[C@@H](CC(C)C)C(=O)N2CCC[C@@H]2C(=O)O[C@@H]1C,-6.92
6817,CC(=O)N1CCC[C@H]1C(=O)N[C@@H]1C(=O)N(C)[C@H](CC(C)C)C(=O)N[C@H](CC(C)C)C(=O)N(C)[C@H](CC(C)C)C(=O)N(C)[C@@H](CC(C)C)C(=O)N(C)[C@@H](C)C(=O)N[C@@H](CC(C)C)C(=O)N2CCC[C@@H]2C(=O)O[C@@H]1C,-5.51
6816,CC(=O)N1CCC[C@H]1C(=O)N[C@@H]1C(=O)N(C)[C@H](CC(C)C)C(=O)N[C@H](CC(C)C)C(=O)N(C)[C@H](CC(C)C)C(=O)N(C)[C@@H](CC(C)C)C(=O)N[C@H](C)C(=O)N[C@@H](CC(C)C)C(=O)N2CCC[C@@H]2C(=O)O[C@@H]1C,-5.19
6815,CC(=O)N1CCC[C@H]1C(=O)N[C@@H]1C(=O)N(C)[C@H](CC(C)C)C(=O)N[C@H](CC(C)C)C(=O)N(C)[C@H](CC(C)C)C(=O)N(C)[C@@H](CC(C)C)C(=O)N[C@@H](C)C(=O)N[C@@H](CC(C)C)C(=O)N2CCC[C@@H]2C(=O)O[C@@H]1C,-5.53
6814,CC(=O)N1CCC[C@H]1C(=O)N[C@@H]1C(=O)N(C)[C@H](CC(C)C)C(=O)N[C@H](CC(C)C)C(=O)N(C)[C@H](CC(C)C)C(=O)N[C@H](CC(C)C)C(=O)N(C)[C@H](C)C(=O)N[C@@H](CC(C)C)C(=O)N2CCC[C@@H]2C(=O)O[C@@H]1C,-5.79
6813,CC(=O)N1CCC[C@H]1C(=O)N[C@@H]1C(=O)N(C)[C@H](CC(C)C)C(=O)N[C@H](CC(C)C)C(=O)N(C)[C@H](CC(C)C)C(=O)N[C@H](CC(C)C)C(=O)N(C)[C@@H](C)C(=O)N[C@@H](CC(C)C)C(=O)N2CCC[C@@H]2C(=O)O[C@@H]1C,-5.98
6812,CC(=O)N1CCC[C@H]1C(=O)N[C@@H]1C(=O)N(C)[C@H](CC(C)C)C(=O)N[C@H](CC(C)C)C(=O)N(C)[C@H](CC(C)C)C(=O)N[C@@H](CC(C)C)C(=O)N[C@H](C)C(=O)N[C@@H](CC(C)C)C(=O)N2CCC[C@@H]2C(=O)O[C@@H]1C,-5.67
6811,CC(=O)N1CCC[C@H]1C(=O)N[C@@H]1C(=O)N(C)[C@H](CC(C)C)C(=O)N[C@H](CC(C)C)C(=O)N(C)[C@@H](CC(C)C)C(=O)N(C)[C@H](CC(C)C)C(=O)N[C@H](C)C(=O)N[C@@H](CC(C)C)C(=O)N2CCC[C@@H]2C(=O)O[C@@H]1C,-5.45
6810,CC(=O)N1CCC[C@H]1C(=O)N[C@@H]1C(=O)N(C)[C@H](CC(C)C)C(=O)N[C@H](CC(C)C)C(=O)N(C)[C@@H](CC(C)C)C(=O)N(C)[C@@H](CC(C)C)C(=O)N(C)[C@H](C)C(=O)N[C@@H](CC(C)C)C(=O)N2CCC[C@@H]2C(=O)O[C@@H]1C,-6.06
6809,CC(=O)N1CCC[C@H]1C(=O)N[C@@H]1C(=O)N(C)[C@H](CC(C)C)C(=O)N[C@H](CC(C)C)C(=O)N(C)[C@@H](CC(C)C)C(=O)N[C@H](CC(C)C)C(=O)N(C)[C@H](C)C(=O)N[C@@H](CC(C)C)C(=O)N2CCC[C@@H]2C(=O)O[C@@H]1C,-5.52
6808,CC(=O)N1CCC[C@H]1C(=O)N[C@@H]1C(=O)N(C)[C@H](CC(C)C)C(=O)N[C@H](CC(C)C)C(=O)N(C)[C@@H](CC(C)C)C(=O)N[C@H](CC(C)C)C(=O)N(C)[C@@H](C)C(=O)N[C@@H](CC(C)C)C(=O)N2CCC[C@@H]2C(=O)O[C@@H]1C,-4.94
6807,CC(=O)N1CCC[C@H]1C(=O)N[C@@H]1C(=O)N(C)[C@H](CC(C)C)C(=O)N[C@H](CC(C)C)C(=O)N(C)[C@@H](CC(C)C)C(=O)N[C@@H](CC(C)C)C(=O)N(C)[C@H](C)C(=O)N[C@@H](CC(C)C)C(=O)N2CCC[C@@H]2C(=O)O[C@@H]1C,-5.56
6806,CC(=O)N1CCC[C@H]1C(=O)N[C@@H]1C(=O)N(C)[C@H](CC(C)C)C(=O)N[C@H](CC(C)C)C(=O)N[C@H](CC(C)C)C(=O)N(C)[C@H](CC(C)C)C(=O)N(C)[C@H](C)C(=O)N[C@@H](CC(C)C)C(=O)N2CCC[C@@H]2C(=O)O[C@@H]1C,-7.13
6805,CC(=O)N1CCC[C@H]1C(=O)N[C@@H]1C(=O)N(C)[C@H](CC(C)C)C(=O)N[C@H](CC(C)C)C(=O)N[C@H](CC(C)C)C(=O)N(C)[C@H](CC(C)C)C(=O)N(C)[C@@H](C)C(=O)N[C@@H](CC(C)C)C(=O)N2CCC[C@@H]2C(=O)O[C@@H]1C,-6.68
6804,CC(=O)N1CCC[C@H]1C(=O)N[C@@H]1C(=O)N(C)[C@H](CC(C)C)C(=O)N[C@H](CC(C)C)C(=O)N[C@H](CC(C)C)C(=O)N(C)[C@H](CC(C)C)C(=O)N[C@@H](C)C(=O)N[C@@H](CC(C)C)C(=O)N2CCC[C@@H]2C(=O)O[C@@H]1C,-6.62
6803,CC(=O)N1CCC[C@H]1C(=O)N[C@@H]1C(=O)N(C)[C@H](CC(C)C)C(=O)N[C@H](CC(C)C)C(=O)N[C@H](CC(C)C)C(=O)N(C)[C@@H](CC(C)C)C(=O)N(C)[C@H](C)C(=O)N[C@@H](CC(C)C)C(=O)N2CCC[C@@H]2C(=O)O[C@@H]1C,-6.37
6802,CC(=O)N1CCC[C@H]1C(=O)N[C@@H]1C(=O)N(C)[C@H](CC(C)C)C(=O)N[C@H](CC(C)C)C(=O)N[C@H](CC(C)C)C(=O)N(C)[C@@H](CC(C)C)C(=O)N(C)[C@@H](C)C(=O)N[C@@H](CC(C)C)C(=O)N2CCC[C@@H]2C(=O)O[C@@H]1C,-6.2
6801,CC(=O)N1CCC[C@H]1C(=O)N[C@@H]1C(=O)N(C)[C@H](CC(C)C)C(=O)N[C@H](CC(C)C)C(=O)N[C@H](CC(C)C)C(=O)N(C)[C@@H](CC(C)C)C(=O)N[C@H](C)C(=O)N[C@@H](CC(C)C)C(=O)N2CCC[C@@H]2C(=O)O[C@@H]1C,-6.17
6800,CC(=O)N1CCC[C@H]1C(=O)N[C@@H]1C(=O)N(C)[C@H](CC(C)C)C(=O)N[C@H](CC(C)C)C(=O)N[C@H](CC(C)C)C(=O)N(C)[C@@H](CC(C)C)C(=O)N[C@@H](C)C(=O)N[C@@H](CC(C)C)C(=O)N2CCC[C@@H]2C(=O)O[C@@H]1C,-6.1
6799,CC(=O)N1CCC[C@H]1C(=O)N[C@@H]1C(=O)N(C)[C@H](CC(C)C)C(=O)N[C@H](CC(C)C)C(=O)N[C@H](CC(C)C)C(=O)N[C@H](CC(C)C)C(=O)N(C)[C@@H](C)C(=O)N[C@@H](CC(C)C)C(=O)N2CCC[C@@H]2C(=O)O[C@@H]1C,-7.43
6798,CC(=O)N1CCC[C@H]1C(=O)N[C@@H]1C(=O)N(C)[C@H](CC(C)C)C(=O)N[C@H](CC(C)C)C(=O)N[C@H](CC(C)C)C(=O)N[C@H](CC(C)C)C(=O)N[C@H](C)C(=O)N[C@@H](CC(C)C)C(=O)N2CCC[C@@H]2C(=O)O[C@@H]1C,-6.78
6797,CC(=O)N1CCC[C@H]1C(=O)N[C@@H]1C(=O)N(C)[C@H](CC(C)C)C(=O)N[C@H](CC(C)C)C(=O)N[C@H](CC(C)C)C(=O)N[C@H](CC(C)C)C(=O)N[C@@H](C)C(=O)N[C@@H](CC(C)C)C(=O)N2CCC[C@@H]2C(=O)O[C@@H]1C,-7.85
6796,CC(=O)N1CCC[C@H]1C(=O)N[C@@H]1C(=O)N(C)[C@H](CC(C)C)C(=O)N[C@H](CC(C)C)C(=O)N[C@H](CC(C)C)C(=O)N[C@@H](CC(C)C)C(=O)N(C)[C@H](C)C(=O)N[C@@H](CC(C)C)C(=O)N2CCC[C@@H]2C(=O)O[C@@H]1C,-6.5
6795,CC(=O)N1CCC[C@H]1C(=O)N[C@@H]1C(=O)N(C)[C@H](CC(C)C)C(=O)N[C@H](CC(C)C)C(=O)N[C@H](CC(C)C)C(=O)N[C@@H](CC(C)C)C(=O)N[C@H](C)C(=O)N[C@@H](CC(C)C)C(=O)N2CCC[C@@H]2C(=O)O[C@@H]1C,-6.67
6794,CC(=O)N1CCC[C@H]1C(=O)N[C@@H]1C(=O)N(C)[C@H](CC(C)C)C(=O)N[C@H](CC(C)C)C(=O)N[C@@H](CC(C)C)C(=O)N(C)[C@H](CC(C)C)C(=O)N(C)[C@H](C)C(=O)N[C@@H](CC(C)C)C(=O)N2CCC[C@@H]2C(=O)O[C@@H]1C,-5.87
6793,CC(=O)N1CCC[C@H]1C(=O)N[C@@H]1C(=O)N(C)[C@H](CC(C)C)C(=O)N[C@H](CC(C)C)C(=O)N[C@@H](CC(C)C)C(=O)N(C)[C@H](CC(C)C)C(=O)N(C)[C@@H](C)C(=O)N[C@@H](CC(C)C)C(=O)N2CCC[C@@H]2C(=O)O[C@@H]1C,-5.7
6792,CC(=O)N1CCC[C@H]1C(=O)N[C@@H]1C(=O)N(C)[C@H](CC(C)C)C(=O)N[C@H](CC(C)C)C(=O)N[C@@H](CC(C)C)C(=O)N(C)[C@H](CC(C)C)C(=O)N[C@H](C)C(=O)N[C@@H](CC(C)C)C(=O)N2CCC[C@@H]2C(=O)O[C@@H]1C,-5.53
6791,CC(=O)N1CCC[C@H]1C(=O)N[C@@H]1C(=O)N(C)[C@H](CC(C)C)C(=O)N[C@H](CC(C)C)C(=O)N[C@@H](CC(C)C)C(=O)N(C)[C@H](CC(C)C)C(=O)N[C@@H](C)C(=O)N[C@@H](CC(C)C)C(=O)N2CCC[C@@H]2C(=O)O[C@@H]1C,-6.1
6790,CC(=O)N1CCC[C@H]1C(=O)N[C@@H]1C(=O)N(C)[C@H](CC(C)C)C(=O)N[C@H](CC(C)C)C(=O)N[C@@H](CC(C)C)C(=O)N(C)[C@@H](CC(C)C)C(=O)N(C)[C@H](C)C(=O)N[C@@H](CC(C)C)C(=O)N2CCC[C@@H]2C(=O)O[C@@H]1C,-5.76
6789,CC(=O)N1CCC[C@H]1C(=O)N[C@@H]1C(=O)N(C)[C@H](CC(C)C)C(=O)N[C@H](CC(C)C)C(=O)N[C@@H](CC(C)C)C(=O)N(C)[C@@H](CC(C)C)C(=O)N[C@@H](C)C(=O)N[C@@H](CC(C)C)C(=O)N2CCC[C@@H]2C(=O)O[C@@H]1C,-5.98
6788,CC(=O)N1CCC[C@H]1C(=O)N[C@@H]1C(=O)N(C)[C@H](CC(C)C)C(=O)N[C@H](CC(C)C)C(=O)N[C@@H](CC(C)C)C(=O)N[C@H](CC(C)C)C(=O)N(C)[C@H](C)C(=O)N[C@@H](CC(C)C)C(=O)N2CCC[C@@H]2C(=O)O[C@@H]1C,-6.13
6787,CC(=O)N1CCC[C@H]1C(=O)N[C@@H]1C(=O)N(C)[C@H](CC(C)C)C(=O)N[C@H](CC(C)C)C(=O)N[C@@H](CC(C)C)C(=O)N[C@H](CC(C)C)C(=O)N(C)[C@@H](C)C(=O)N[C@@H](CC(C)C)C(=O)N2CCC[C@@H]2C(=O)O[C@@H]1C,-5.82
6786,CC(=O)N1CCC[C@H]1C(=O)N[C@@H]1C(=O)N(C)[C@H](CC(C)C)C(=O)N[C@H](CC(C)C)C(=O)N[C@@H](CC(C)C)C(=O)N[C@H](CC(C)C)C(=O)N[C@H](C)C(=O)N[C@@H](CC(C)C)C(=O)N2CCC[C@@H]2C(=O)O[C@@H]1C,-6.57
6785,CC(=O)N1CCC[C@H]1C(=O)N[C@@H]1C(=O)N(C)[C@H](CC(C)C)C(=O)N[C@H](CC(C)C)C(=O)N[C@@H](CC(C)C)C(=O)N[C@@H](CC(C)C)C(=O)N(C)[C@@H](C)C(=O)N[C@@H](CC(C)C)C(=O)N2CCC[C@@H]2C(=O)O[C@@H]1C,-6.0
6784,CC(=O)N1CCC[C@H]1C(=O)N[C@@H]1C(=O)N(C)[C@H](CC(C)C)C(=O)N[C@H](CC(C)C)C(=O)N[C@@H](CC(C)C)C(=O)N[C@@H](CC(C)C)C(=O)N[C@@H](C)C(=O)N[C@@H](CC(C)C)C(=O)N2CCC[C@@H]2C(=O)O[C@@H]1C,-6.57
6783,CC(=O)N1CCC[C@H]1C(=O)N[C@@H]1C(=O)N(C)[C@H](CC(C)C)C(=O)N[C@@H](CC(C)C)C(=O)N(C)[C@H](CC(C)C)C(=O)N(C)[C@@H](CC(C)C)C(=O)N(C)[C@H](C)C(=O)N[C@@H](CC(C)C)C(=O)N2CCC[C@@H]2C(=O)O[C@@H]1C,-5.4
6782,CC(=O)N1CCC[C@H]1C(=O)N[C@@H]1C(=O)N(C)[C@H](CC(C)C)C(=O)N[C@@H](CC(C)C)C(=O)N(C)[C@H](CC(C)C)C(=O)N[C@H](CC(C)C)C(=O)N(C)[C@H](C)C(=O)N[C@@H](CC(C)C)C(=O)N2CCC[C@@H]2C(=O)O[C@@H]1C,-5.0
6781,CC(=O)N1CCC[C@H]1C(=O)N[C@@H]1C(=O)N(C)[C@H](CC(C)C)C(=O)N[C@@H](CC(C)C)C(=O)N(C)[C@H](CC(C)C)C(=O)N[C@H](CC(C)C)C(=O)N(C)[C@@H](C)C(=O)N[C@@H](CC(C)C)C(=O)N2CCC[C@@H]2C(=O)O[C@@H]1C,-4.8
6780,CC(=O)N1CCC[C@H]1C(=O)N[C@@H]1C(=O)N(C)[C@H](CC(C)C)C(=O)N[C@@H](CC(C)C)C(=O)N(C)[C@H](CC(C)C)C(=O)N[C@H](CC(C)C)C(=O)N[C@H](C)C(=O)N[C@@H](CC(C)C)C(=O)N2CCC[C@@H]2C(=O)O[C@@H]1C,-5.76
6779,CC(=O)N1CCC[C@H]1C(=O)N[C@@H]1C(=O)N(C)[C@H](CC(C)C)C(=O)N[C@@H](CC(C)C)C(=O)N(C)[C@@H](CC(C)C)C(=O)N(C)[C@H](CC(C)C)C(=O)N(C)[C@H](C)C(=O)N[C@@H](CC(C)C)C(=O)N2CCC[C@@H]2C(=O)O[C@@H]1C,-5.9
6778,CC(=O)N1CCC[C@H]1C(=O)N[C@@H]1C(=O)N(C)[C@H](CC(C)C)C(=O)N[C@@H](CC(C)C)C(=O)N(C)[C@@H](CC(C)C)C(=O)N(C)[C@H](CC(C)C)C(=O)N(C)[C@@H](C)C(=O)N[C@@H](CC(C)C)C(=O)N2CCC[C@@H]2C(=O)O[C@@H]1C,-5.7
6777,CC(=O)N1CCC[C@H]1C(=O)N[C@@H]1C(=O)N(C)[C@H](CC(C)C)C(=O)N[C@@H](CC(C)C)C(=O)N[C@H](CC(C)C)C(=O)N(C)[C@H](CC(C)C)C(=O)N(C)[C@H](C)C(=O)N[C@@H](CC(C)C)C(=O)N2CCC[C@@H]2C(=O)O[C@@H]1C,-5.97
6776,CC(=O)N1CCC[C@H]1C(=O)N[C@@H]1C(=O)N(C)[C@H](CC(C)C)C(=O)N[C@@H](CC(C)C)C(=O)N[C@H](CC(C)C)C(=O)N(C)[C@@H](CC(C)C)C(=O)N[C@@H](C)C(=O)N[C@@H](CC(C)C)C(=O)N2CCC[C@@H]2C(=O)O[C@@H]1C,-5.64
6775,CC(=O)N1CCC[C@H]1C(=O)N[C@@H]1C(=O)N(C)[C@H](CC(C)C)C(=O)N[C@@H](CC(C)C)C(=O)N[C@H](CC(C)C)C(=O)N[C@H](CC(C)C)C(=O)N(C)[C@H](C)C(=O)N[C@@H](CC(C)C)C(=O)N2CCC[C@@H]2C(=O)O[C@@H]1C,-6.03
6774,CC(=O)N1CCC[C@H]1C(=O)N[C@@H]1C(=O)N(C)[C@H](CC(C)C)C(=O)N[C@@H](CC(C)C)C(=O)N[C@H](CC(C)C)C(=O)N[C@@H](CC(C)C)C(=O)N(C)[C@H](C)C(=O)N[C@@H](CC(C)C)C(=O)N2CCC[C@@H]2C(=O)O[C@@H]1C,-6.03
6773,CC(=O)N1CCC[C@H]1C(=O)N[C@@H]1C(=O)N(C)[C@H](CC(C)C)C(=O)N[C@@H](CC(C)C)C(=O)N[C@@H](CC(C)C)C(=O)N(C)[C@H](CC(C)C)C(=O)N[C@@H](C)C(=O)N[C@@H](CC(C)C)C(=O)N2CCC[C@@H]2C(=O)O[C@@H]1C,-5.86
6772,CC(=O)N1CCC[C@H]1C(=O)N[C@@H]1C(=O)N(C)[C@H](CC(C)C)C(=O)N[C@@H](CC(C)C)C(=O)N[C@@H](CC(C)C)C(=O)N(C)[C@@H](CC(C)C)C(=O)N[C@@H](C)C(=O)N[C@@H](CC(C)C)C(=O)N2CCC[C@@H]2C(=O)O[C@@H]1C,-6.01
6771,CC(=O)N1CCC[C@H]1C(=O)N[C@@H]1C(=O)N(C)[C@H](CC(C)C)C(=O)N[C@@H](CC(C)C)C(=O)N[C@@H](CC(C)C)C(=O)N[C@H](CC(C)C)C(=O)N[C@@H](C)C(=O)N[C@@H](CC(C)C)C(=O)N2CCC[C@@H]2C(=O)O[C@@H]1C,-6.77
6770,CC(=O)N1CCC[C@H]1C(=O)N[C@@H]1C(=O)N(C)[C@H](CC(C)C)C(=O)N[C@@H](CC(C)C)C(=O)N[C@@H](CC(C)C)C(=O)N[C@@H](CC(C)C)C(=O)N(C)[C@H](C)C(=O)N[C@@H](CC(C)C)C(=O)N2CCC[C@@H]2C(=O)O[C@@H]1C,-7.55
6769,CC(=O)N1CCC[C@H]1C(=O)N[C@@H]1C(=O)N(C)[C@H](CC(C)C)C(=O)N[C@@H](CC(C)C)C(=O)N[C@@H](CC(C)C)C(=O)N[C@@H](CC(C)C)C(=O)N[C@H](C)C(=O)N[C@@H](CC(C)C)C(=O)N2CCC[C@@H]2C(=O)O[C@@H]1C,-7.32
6767,CC(=O)N1CCC[C@H]1C(=O)N(C)[C@@H](CC(C)C)C(=O)N[C@@H]1C(=O)N(C)[C@H](CC(C)C)C(=O)N(C)[C@H](CC(C)C)C(=O)N(C)[C@@H](CC(C)C)C(=O)N(C)[C@H](C)C(=O)N[C@H](CC(C)C)C(=O)N2CCC[C@H]2C(=O)O[C@@H]1C,-5.1
6766,CC(=O)N1CCC[C@H]1C(=O)N(C)[C@@H](CC(C)C)C(=O)N[C@@H]1C(=O)N(C)[C@H](CC(C)C)C(=O)N(C)[C@H](CC(C)C)C(=O)N(C)[C@@H](CC(C)C)C(=O)N(C)[C@@H](C)C(=O)N[C@H](CC(C)C)C(=O)N2CCC[C@H]2C(=O)O[C@@H]1C,-5.06
6765,CC(=O)N1CCC[C@H]1C(=O)N(C)[C@@H](CC(C)C)C(=O)N[C@@H]1C(=O)N(C)[C@H](CC(C)C)C(=O)N(C)[C@H](CC(C)C)C(=O)N[C@H](CC(C)C)C(=O)N(C)[C@@H](C)C(=O)N[C@H](CC(C)C)C(=O)N2CCC[C@H]2C(=O)O[C@@H]1C,-5.01
6764,CC(=O)N1CCC[C@H]1C(=O)N(C)[C@@H](CC(C)C)C(=O)N[C@@H]1C(=O)N(C)[C@H](CC(C)C)C(=O)N(C)[C@H](CC(C)C)C(=O)N[C@@H](CC(C)C)C(=O)N(C)[C@H](C)C(=O)N[C@H](CC(C)C)C(=O)N2CCC[C@H]2C(=O)O[C@@H]1C,-5.18
6763,CC(=O)N1CCC[C@H]1C(=O)N(C)[C@@H](CC(C)C)C(=O)N[C@@H]1C(=O)N(C)[C@H](CC(C)C)C(=O)N(C)[C@@H](CC(C)C)C(=O)N(C)[C@H](CC(C)C)C(=O)N(C)[C@H](C)C(=O)N[C@H](CC(C)C)C(=O)N2CCC[C@H]2C(=O)O[C@@H]1C,-5.2
6762,CC(=O)N1CCC[C@H]1C(=O)N(C)[C@@H](CC(C)C)C(=O)N[C@@H]1C(=O)N(C)[C@H](CC(C)C)C(=O)N(C)[C@@H](CC(C)C)C(=O)N(C)[C@H](CC(C)C)C(=O)N(C)[C@@H](C)C(=O)N[C@H](CC(C)C)C(=O)N2CCC[C@H]2C(=O)O[C@@H]1C,-5.22
6761,CC(=O)N1CCC[C@H]1C(=O)N(C)[C@@H](CC(C)C)C(=O)N[C@@H]1C(=O)N(C)[C@H](CC(C)C)C(=O)N(C)[C@@H](CC(C)C)C(=O)N(C)[C@@H](CC(C)C)C(=O)N(C)[C@H](C)C(=O)N[C@H](CC(C)C)C(=O)N2CCC[C@H]2C(=O)O[C@@H]1C,-5.41
6760,CC(=O)N1CCC[C@H]1C(=O)N(C)[C@@H](CC(C)C)C(=O)N[C@@H]1C(=O)N(C)[C@H](CC(C)C)C(=O)N(C)[C@@H](CC(C)C)C(=O)N(C)[C@@H](CC(C)C)C(=O)N[C@@H](C)C(=O)N[C@H](CC(C)C)C(=O)N2CCC[C@H]2C(=O)O[C@@H]1C,-5.01
6759,CC(=O)N1CCC[C@H]1C(=O)N(C)[C@@H](CC(C)C)C(=O)N[C@@H]1C(=O)N(C)[C@H](CC(C)C)C(=O)N(C)[C@@H](CC(C)C)C(=O)N[C@H](CC(C)C)C(=O)N[C@@H](C)C(=O)N[C@H](CC(C)C)C(=O)N2CCC[C@H]2C(=O)O[C@@H]1C,-5.33
6758,CC(=O)N1CCC[C@H]1C(=O)N(C)[C@@H](CC(C)C)C(=O)N[C@@H]1C(=O)N(C)[C@H](CC(C)C)C(=O)N[C@H](CC(C)C)C(=O)N(C)[C@@H](CC(C)C)C(=O)N(C)[C@H](C)C(=O)N[C@H](CC(C)C)C(=O)N2CCC[C@H]2C(=O)O[C@@H]1C,-6.09
6757,CC(=O)N1CCC[C@H]1C(=O)N(C)[C@@H](CC(C)C)C(=O)N[C@@H]1C(=O)N(C)[C@H](CC(C)C)C(=O)N[C@H](CC(C)C)C(=O)N(C)[C@@H](CC(C)C)C(=O)N(C)[C@@H](C)C(=O)N[C@H](CC(C)C)C(=O)N2CCC[C@H]2C(=O)O[C@@H]1C,-5.49
6756,CC(=O)N1CCC[C@H]1C(=O)N(C)[C@@H](CC(C)C)C(=O)N[C@@H]1C(=O)N(C)[C@H](CC(C)C)C(=O)N[C@H](CC(C)C)C(=O)N[C@H](CC(C)C)C(=O)N[C@@H](C)C(=O)N[C@H](CC(C)C)C(=O)N2CCC[C@H]2C(=O)O[C@@H]1C,-6.38
6755,CC(=O)N1CCC[C@H]1C(=O)N(C)[C@@H](CC(C)C)C(=O)N[C@@H]1C(=O)N(C)[C@H](CC(C)C)C(=O)N[C@H](CC(C)C)C(=O)N[C@@H](CC(C)C)C(=O)N[C@@H](C)C(=O)N[C@H](CC(C)C)C(=O)N2CCC[C@H]2C(=O)O[C@@H]1C,-6.35
6754,CC(=O)N1CCC[C@H]1C(=O)N(C)[C@@H](CC(C)C)C(=O)N[C@@H]1C(=O)N(C)[C@H](CC(C)C)C(=O)N[C@@H](CC(C)C)C(=O)N(C)[C@H](CC(C)C)C(=O)N(C)[C@H](C)C(=O)N[C@H](CC(C)C)C(=O)N2CCC[C@H]2C(=O)O[C@@H]1C,-5.67
6753,CC(=O)N1CCC[C@H]1C(=O)N(C)[C@@H](CC(C)C)C(=O)N[C@@H]1C(=O)N(C)[C@H](CC(C)C)C(=O)N[C@@H](CC(C)C)C(=O)N(C)[C@@H](CC(C)C)C(=O)N(C)[C@H](C)C(=O)N[C@H](CC(C)C)C(=O)N2CCC[C@H]2C(=O)O[C@@H]1C,-5.96
6752,CC(=O)N1CCC[C@H]1C(=O)N(C)[C@@H](CC(C)C)C(=O)N[C@@H]1C(=O)N(C)[C@H](CC(C)C)C(=O)N[C@@H](CC(C)C)C(=O)N(C)[C@@H](CC(C)C)C(=O)N(C)[C@@H](C)C(=O)N[C@H](CC(C)C)C(=O)N2CCC[C@H]2C(=O)O[C@@H]1C,-6.18
6751,CC(=O)N1CCC[C@H]1C(=O)N(C)[C@@H](CC(C)C)C(=O)N[C@@H]1C(=O)N(C)[C@@H](CC(C)C)C(=O)N(C)[C@H](CC(C)C)C(=O)N(C)[C@H](CC(C)C)C(=O)N(C)[C@@H](C)C(=O)N[C@H](CC(C)C)C(=O)N2CCC[C@H]2C(=O)O[C@@H]1C,-5.3
6750,CC(=O)N1CCC[C@H]1C(=O)N(C)[C@@H](CC(C)C)C(=O)N[C@@H]1C(=O)N(C)[C@@H](CC(C)C)C(=O)N(C)[C@H](CC(C)C)C(=O)N(C)[C@@H](CC(C)C)C(=O)N(C)[C@H](C)C(=O)N[C@H](CC(C)C)C(=O)N2CCC[C@H]2C(=O)O[C@@H]1C,-5.44
6749,CC(=O)N1CCC[C@H]1C(=O)N(C)[C@@H](CC(C)C)C(=O)N[C@@H]1C(=O)N(C)[C@@H](CC(C)C)C(=O)N(C)[C@H](CC(C)C)C(=O)N(C)[C@@H](CC(C)C)C(=O)N(C)[C@@H](C)C(=O)N[C@H](CC(C)C)C(=O)N2CCC[C@H]2C(=O)O[C@@H]1C,-5.21
6748,CC(=O)N1CCC[C@H]1C(=O)N(C)[C@@H](CC(C)C)C(=O)N[C@@H]1C(=O)N(C)[C@@H](CC(C)C)C(=O)N(C)[C@H](CC(C)C)C(=O)N(C)[C@@H](CC(C)C)C(=O)N[C@@H](C)C(=O)N[C@H](CC(C)C)C(=O)N2CCC[C@H]2C(=O)O[C@@H]1C,-5.78
6747,CC(=O)N1CCC[C@H]1C(=O)N(C)[C@@H](CC(C)C)C(=O)N[C@@H]1C(=O)N(C)[C@@H](CC(C)C)C(=O)N(C)[C@H](CC(C)C)C(=O)N[C@H](CC(C)C)C(=O)N(C)[C@@H](C)C(=O)N[C@H](CC(C)C)C(=O)N2CCC[C@H]2C(=O)O[C@@H]1C,-6.05
6746,CC(=O)N1CCC[C@H]1C(=O)N(C)[C@@H](CC(C)C)C(=O)N[C@@H]1C(=O)N(C)[C@@H](CC(C)C)C(=O)N(C)[C@@H](CC(C)C)C(=O)N(C)[C@H](CC(C)C)C(=O)N(C)[C@H](C)C(=O)N[C@H](CC(C)C)C(=O)N2CCC[C@H]2C(=O)O[C@@H]1C,-6.05
6745,CC(=O)N1CCC[C@H]1C(=O)N(C)[C@@H](CC(C)C)C(=O)N[C@@H]1C(=O)N(C)[C@@H](CC(C)C)C(=O)N(C)[C@@H](CC(C)C)C(=O)N(C)[C@H](CC(C)C)C(=O)N(C)[C@@H](C)C(=O)N[C@H](CC(C)C)C(=O)N2CCC[C@H]2C(=O)O[C@@H]1C,-6.44
6744,CC(=O)N1CCC[C@H]1C(=O)N(C)[C@@H](CC(C)C)C(=O)N[C@@H]1C(=O)N(C)[C@@H](CC(C)C)C(=O)N(C)[C@@H](CC(C)C)C(=O)N(C)[C@@H](CC(C)C)C(=O)N[C@@H](C)C(=O)N[C@H](CC(C)C)C(=O)N2CCC[C@H]2C(=O)O[C@@H]1C,-6.69
6743,CC(=O)N1CCC[C@H]1C(=O)N(C)[C@@H](CC(C)C)C(=O)N[C@@H]1C(=O)N(C)[C@@H](CC(C)C)C(=O)N(C)[C@@H](CC(C)C)C(=O)N[C@H](CC(C)C)C(=O)N(C)[C@H](C)C(=O)N[C@H](CC(C)C)C(=O)N2CCC[C@H]2C(=O)O[C@@H]1C,-6.78
6742,CC(=O)N1CCC[C@H]1C(=O)N(C)[C@@H](CC(C)C)C(=O)N[C@@H]1C(=O)N(C)[C@@H](CC(C)C)C(=O)N(C)[C@@H](CC(C)C)C(=O)N[C@H](CC(C)C)C(=O)N(C)[C@@H](C)C(=O)N[C@H](CC(C)C)C(=O)N2CCC[C@H]2C(=O)O[C@@H]1C,-6.94
6741,CC(=O)N1CCC[C@H]1C(=O)N(C)[C@@H](CC(C)C)C(=O)N[C@@H]1C(=O)N(C)[C@@H](CC(C)C)C(=O)N(C)[C@@H](CC(C)C)C(=O)N[C@H](CC(C)C)C(=O)N[C@H](C)C(=O)N[C@H](CC(C)C)C(=O)N2CCC[C@H]2C(=O)O[C@@H]1C,-6.51
6740,CC(=O)N1CCC[C@H]1C(=O)N(C)[C@@H](CC(C)C)C(=O)N[C@@H]1C(=O)N(C)[C@@H](CC(C)C)C(=O)N(C)[C@@H](CC(C)C)C(=O)N[C@@H](CC(C)C)C(=O)N(C)[C@@H](C)C(=O)N[C@H](CC(C)C)C(=O)N2CCC[C@H]2C(=O)O[C@@H]1C,-6.08
6739,CC(=O)N1CCC[C@H]1C(=O)N(C)[C@@H](CC(C)C)C(=O)N[C@@H]1C(=O)N(C)[C@@H](CC(C)C)C(=O)N(C)[C@@H](CC(C)C)C(=O)N[C@@H](CC(C)C)C(=O)N[C@@H](C)C(=O)N[C@H](CC(C)C)C(=O)N2CCC[C@H]2C(=O)O[C@@H]1C,-7.26
6738,CC(=O)N1CCC[C@H]1C(=O)N(C)[C@@H](CC(C)C)C(=O)N[C@@H]1C(=O)N(C)[C@@H](CC(C)C)C(=O)N[C@H](CC(C)C)C(=O)N(C)[C@@H](CC(C)C)C(=O)N(C)[C@@H](C)C(=O)N[C@H](CC(C)C)C(=O)N2CCC[C@H]2C(=O)O[C@@H]1C,-5.69
6737,CC(=O)N1CCC[C@H]1C(=O)N(C)[C@@H](CC(C)C)C(=O)N[C@@H]1C(=O)N(C)[C@@H](CC(C)C)C(=O)N[C@H](CC(C)C)C(=O)N[C@H](CC(C)C)C(=O)N(C)[C@H](C)C(=O)N[C@H](CC(C)C)C(=O)N2CCC[C@H]2C(=O)O[C@@H]1C,-6.14
6736,CC(=O)N1CCC[C@H]1C(=O)N(C)[C@@H](CC(C)C)C(=O)N[C@@H]1C(=O)N(C)[C@@H](CC(C)C)C(=O)N[C@@H](CC(C)C)C(=O)N(C)[C@@H](CC(C)C)C(=O)N(C)[C@H](C)C(=O)N[C@H](CC(C)C)C(=O)N2CCC[C@H]2C(=O)O[C@@H]1C,-6.0
6735,CC(=O)N1CCC[C@H]1C(=O)N(C)[C@@H](CC(C)C)C(=O)N[C@@H]1C(=O)N(C)[C@@H](CC(C)C)C(=O)N[C@@H](CC(C)C)C(=O)N(C)[C@@H](CC(C)C)C(=O)N(C)[C@@H](C)C(=O)N[C@H](CC(C)C)C(=O)N2CCC[C@H]2C(=O)O[C@@H]1C,-7.08
6734,CC(=O)N1CCC[C@H]1C(=O)N(C)[C@@H](CC(C)C)C(=O)N[C@@H]1C(=O)N(C)[C@@H](CC(C)C)C(=O)N[C@@H](CC(C)C)C(=O)N[C@H](CC(C)C)C(=O)N(C)[C@H](C)C(=O)N[C@H](CC(C)C)C(=O)N2CCC[C@H]2C(=O)O[C@@H]1C,-7.02
6733,CC(=O)N1CCC[C@H]1C(=O)N(C)[C@@H](CC(C)C)C(=O)N[C@@H]1C(=O)N(C)[C@@H](CC(C)C)C(=O)N[C@@H](CC(C)C)C(=O)N[C@@H](CC(C)C)C(=O)N[C@@H](C)C(=O)N[C@H](CC(C)C)C(=O)N2CCC[C@H]2C(=O)O[C@@H]1C,-7.3
6732,CC(=O)N1CCC[C@H]1C(=O)N(C)[C@@H](CC(C)C)C(=O)N[C@@H]1C(=O)N[C@H](CC(C)C)C(=O)N(C)[C@H](CC(C)C)C(=O)N(C)[C@H](CC(C)C)C(=O)N[C@@H](C)C(=O)N[C@H](CC(C)C)C(=O)N2CCC[C@H]2C(=O)O[C@@H]1C,-5.46
6731,CC(=O)N1CCC[C@H]1C(=O)N(C)[C@@H](CC(C)C)C(=O)N[C@@H]1C(=O)N[C@H](CC(C)C)C(=O)N(C)[C@H](CC(C)C)C(=O)N(C)[C@@H](CC(C)C)C(=O)N(C)[C@@H](C)C(=O)N[C@H](CC(C)C)C(=O)N2CCC[C@H]2C(=O)O[C@@H]1C,-5.3
6730,CC(=O)N1CCC[C@H]1C(=O)N(C)[C@@H](CC(C)C)C(=O)N[C@@H]1C(=O)N[C@H](CC(C)C)C(=O)N(C)[C@H](CC(C)C)C(=O)N[C@H](CC(C)C)C(=O)N(C)[C@@H](C)C(=O)N[C@H](CC(C)C)C(=O)N2CCC[C@H]2C(=O)O[C@@H]1C,-5.27
6729,CC(=O)N1CCC[C@H]1C(=O)N(C)[C@@H](CC(C)C)C(=O)N[C@@H]1C(=O)N[C@H](CC(C)C)C(=O)N(C)[C@H](CC(C)C)C(=O)N[C@H](CC(C)C)C(=O)N[C@H](C)C(=O)N[C@H](CC(C)C)C(=O)N2CCC[C@H]2C(=O)O[C@@H]1C,-6.15
6728,CC(=O)N1CCC[C@H]1C(=O)N(C)[C@@H](CC(C)C)C(=O)N[C@@H]1C(=O)N[C@H](CC(C)C)C(=O)N(C)[C@H](CC(C)C)C(=O)N[C@H](CC(C)C)C(=O)N[C@@H](C)C(=O)N[C@H](CC(C)C)C(=O)N2CCC[C@H]2C(=O)O[C@@H]1C,-5.83
6727,CC(=O)N1CCC[C@H]1C(=O)N(C)[C@@H](CC(C)C)C(=O)N[C@@H]1C(=O)N[C@H](CC(C)C)C(=O)N(C)[C@H](CC(C)C)C(=O)N[C@@H](CC(C)C)C(=O)N(C)[C@H](C)C(=O)N[C@H](CC(C)C)C(=O)N2CCC[C@H]2C(=O)O[C@@H]1C,-5.21
6726,CC(=O)N1CCC[C@H]1C(=O)N(C)[C@@H](CC(C)C)C(=O)N[C@@H]1C(=O)N[C@H](CC(C)C)C(=O)N(C)[C@H](CC(C)C)C(=O)N[C@@H](CC(C)C)C(=O)N(C)[C@@H](C)C(=O)N[C@H](CC(C)C)C(=O)N2CCC[C@H]2C(=O)O[C@@H]1C,-5.18
6725,CC(=O)N1CCC[C@H]1C(=O)N(C)[C@@H](CC(C)C)C(=O)N[C@@H]1C(=O)N[C@H](CC(C)C)C(=O)N(C)[C@@H](CC(C)C)C(=O)N(C)[C@H](CC(C)C)C(=O)N[C@@H](C)C(=O)N[C@H](CC(C)C)C(=O)N2CCC[C@H]2C(=O)O[C@@H]1C,-5.29
6724,CC(=O)N1CCC[C@H]1C(=O)N(C)[C@@H](CC(C)C)C(=O)N[C@@H]1C(=O)N[C@H](CC(C)C)C(=O)N(C)[C@@H](CC(C)C)C(=O)N(C)[C@@H](CC(C)C)C(=O)N(C)[C@H](C)C(=O)N[C@H](CC(C)C)C(=O)N2CCC[C@H]2C(=O)O[C@@H]1C,-5.48
6723,CC(=O)N1CCC[C@H]1C(=O)N(C)[C@@H](CC(C)C)C(=O)N[C@@H]1C(=O)N[C@H](CC(C)C)C(=O)N(C)[C@@H](CC(C)C)C(=O)N(C)[C@@H](CC(C)C)C(=O)N[C@@H](C)C(=O)N[C@H](CC(C)C)C(=O)N2CCC[C@H]2C(=O)O[C@@H]1C,-5.37
6722,CC(=O)N1CCC[C@H]1C(=O)N(C)[C@@H](CC(C)C)C(=O)N[C@@H]1C(=O)N[C@H](CC(C)C)C(=O)N(C)[C@@H](CC(C)C)C(=O)N[C@H](CC(C)C)C(=O)N[C@H](C)C(=O)N[C@H](CC(C)C)C(=O)N2CCC[C@H]2C(=O)O[C@@H]1C,-5.96
6721,CC(=O)N1CCC[C@H]1C(=O)N(C)[C@@H](CC(C)C)C(=O)N[C@@H]1C(=O)N[C@H](CC(C)C)C(=O)N(C)[C@@H](CC(C)C)C(=O)N[C@H](CC(C)C)C(=O)N[C@@H](C)C(=O)N[C@H](CC(C)C)C(=O)N2CCC[C@H]2C(=O)O[C@@H]1C,-5.93
6720,CC(=O)N1CCC[C@H]1C(=O)N(C)[C@@H](CC(C)C)C(=O)N[C@@H]1C(=O)N[C@H](CC(C)C)C(=O)N(C)[C@@H](CC(C)C)C(=O)N[C@@H](CC(C)C)C(=O)N(C)[C@H](C)C(=O)N[C@H](CC(C)C)C(=O)N2CCC[C@H]2C(=O)O[C@@H]1C,-5.61
6719,CC(=O)N1CCC[C@H]1C(=O)N(C)[C@@H](CC(C)C)C(=O)N[C@@H]1C(=O)N[C@H](CC(C)C)C(=O)N(C)[C@@H](CC(C)C)C(=O)N[C@@H](CC(C)C)C(=O)N(C)[C@@H](C)C(=O)N[C@H](CC(C)C)C(=O)N2CCC[C@H]2C(=O)O[C@@H]1C,-5.31
6718,CC(=O)N1CCC[C@H]1C(=O)N(C)[C@@H](CC(C)C)C(=O)N[C@@H]1C(=O)N[C@H](CC(C)C)C(=O)N(C)[C@@H](CC(C)C)C(=O)N[C@@H](CC(C)C)C(=O)N[C@@H](C)C(=O)N[C@H](CC(C)C)C(=O)N2CCC[C@H]2C(=O)O[C@@H]1C,-6.09
6717,CC(=O)N1CCC[C@H]1C(=O)N(C)[C@@H](CC(C)C)C(=O)N[C@@H]1C(=O)N[C@H](CC(C)C)C(=O)N[C@H](CC(C)C)C(=O)N(C)[C@H](CC(C)C)C(=O)N(C)[C@@H](C)C(=O)N[C@H](CC(C)C)C(=O)N2CCC[C@H]2C(=O)O[C@@H]1C,-5.52
6716,CC(=O)N1CCC[C@H]1C(=O)N(C)[C@@H](CC(C)C)C(=O)N[C@@H]1C(=O)N[C@H](CC(C)C)C(=O)N[C@H](CC(C)C)C(=O)N(C)[C@H](CC(C)C)C(=O)N[C@@H](C)C(=O)N[C@H](CC(C)C)C(=O)N2CCC[C@H]2C(=O)O[C@@H]1C,-5.5
6715,CC(=O)N1CCC[C@H]1C(=O)N(C)[C@@H](CC(C)C)C(=O)N[C@@H]1C(=O)N[C@H](CC(C)C)C(=O)N[C@H](CC(C)C)C(=O)N(C)[C@@H](CC(C)C)C(=O)N(C)[C@H](C)C(=O)N[C@H](CC(C)C)C(=O)N2CCC[C@H]2C(=O)O[C@@H]1C,-5.76
6714,CC(=O)N1CCC[C@H]1C(=O)N(C)[C@@H](CC(C)C)C(=O)N[C@@H]1C(=O)N[C@H](CC(C)C)C(=O)N[C@H](CC(C)C)C(=O)N[C@H](CC(C)C)C(=O)N(C)[C@H](C)C(=O)N[C@H](CC(C)C)C(=O)N2CCC[C@H]2C(=O)O[C@@H]1C,-6.95
6713,CC(=O)N1CCC[C@H]1C(=O)N(C)[C@@H](CC(C)C)C(=O)N[C@@H]1C(=O)N[C@H](CC(C)C)C(=O)N[C@H](CC(C)C)C(=O)N[C@@H](CC(C)C)C(=O)N(C)[C@H](C)C(=O)N[C@H](CC(C)C)C(=O)N2CCC[C@H]2C(=O)O[C@@H]1C,-5.9
6712,CC(=O)N1CCC[C@H]1C(=O)N(C)[C@@H](CC(C)C)C(=O)N[C@@H]1C(=O)N[C@H](CC(C)C)C(=O)N[C@@H](CC(C)C)C(=O)N(C)[C@H](CC(C)C)C(=O)N(C)[C@@H](C)C(=O)N[C@H](CC(C)C)C(=O)N2CCC[C@H]2C(=O)O[C@@H]1C,-5.25
6711,CC(=O)N1CCC[C@H]1C(=O)N(C)[C@@H](CC(C)C)C(=O)N[C@@H]1C(=O)N[C@H](CC(C)C)C(=O)N[C@@H](CC(C)C)C(=O)N(C)[C@@H](CC(C)C)C(=O)N(C)[C@H](C)C(=O)N[C@H](CC(C)C)C(=O)N2CCC[C@H]2C(=O)O[C@@H]1C,-5.78
6710,CC(=O)N1CCC[C@H]1C(=O)N(C)[C@@H](CC(C)C)C(=O)N[C@@H]1C(=O)N[C@H](CC(C)C)C(=O)N[C@@H](CC(C)C)C(=O)N(C)[C@@H](CC(C)C)C(=O)N(C)[C@@H](C)C(=O)N[C@H](CC(C)C)C(=O)N2CCC[C@H]2C(=O)O[C@@H]1C,-5.48
6709,CC(=O)N1CCC[C@H]1C(=O)N(C)[C@@H](CC(C)C)C(=O)N[C@@H]1C(=O)N[C@H](CC(C)C)C(=O)N[C@@H](CC(C)C)C(=O)N(C)[C@@H](CC(C)C)C(=O)N[C@@H](C)C(=O)N[C@H](CC(C)C)C(=O)N2CCC[C@H]2C(=O)O[C@@H]1C,-5.82
6708,CC(=O)N1CCC[C@H]1C(=O)N(C)[C@@H](CC(C)C)C(=O)N[C@@H]1C(=O)N[C@H](CC(C)C)C(=O)N[C@@H](CC(C)C)C(=O)N[C@H](CC(C)C)C(=O)N[C@@H](C)C(=O)N[C@H](CC(C)C)C(=O)N2CCC[C@H]2C(=O)O[C@@H]1C,-6.67
6707,CC(=O)N1CCC[C@H]1C(=O)N(C)[C@@H](CC(C)C)C(=O)N[C@@H]1C(=O)N[C@H](CC(C)C)C(=O)N[C@@H](CC(C)C)C(=O)N[C@@H](CC(C)C)C(=O)N(C)[C@@H](C)C(=O)N[C@H](CC(C)C)C(=O)N2CCC[C@H]2C(=O)O[C@@H]1C,-6.04
6706,CC(=O)N1CCC[C@H]1C(=O)N(C)[C@@H](CC(C)C)C(=O)N[C@@H]1C(=O)N[C@H](CC(C)C)C(=O)N[C@@H](CC(C)C)C(=O)N[C@@H](CC(C)C)C(=O)N[C@@H](C)C(=O)N[C@H](CC(C)C)C(=O)N2CCC[C@H]2C(=O)O[C@@H]1C,-7.05
6705,CC(=O)N1CCC[C@H]1C(=O)N(C)[C@@H](CC(C)C)C(=O)N[C@@H]1C(=O)N[C@@H](CC(C)C)C(=O)N(C)[C@H](CC(C)C)C(=O)N(C)[C@@H](CC(C)C)C(=O)N(C)[C@H](C)C(=O)N[C@H](CC(C)C)C(=O)N2CCC[C@H]2C(=O)O[C@@H]1C,-5.82
6704,CC(=O)N1CCC[C@H]1C(=O)N(C)[C@@H](CC(C)C)C(=O)N[C@@H]1C(=O)N[C@@H](CC(C)C)C(=O)N(C)[C@H](CC(C)C)C(=O)N(C)[C@@H](CC(C)C)C(=O)N(C)[C@@H](C)C(=O)N[C@H](CC(C)C)C(=O)N2CCC[C@H]2C(=O)O[C@@H]1C,-5.58
6703,CC(=O)N1CCC[C@H]1C(=O)N(C)[C@@H](CC(C)C)C(=O)N[C@@H]1C(=O)N[C@@H](CC(C)C)C(=O)N(C)[C@@H](CC(C)C)C(=O)N(C)[C@H](CC(C)C)C(=O)N(C)[C@@H](C)C(=O)N[C@H](CC(C)C)C(=O)N2CCC[C@H]2C(=O)O[C@@H]1C,-6.26
6702,CC(=O)N1CCC[C@H]1C(=O)N(C)[C@@H](CC(C)C)C(=O)N[C@@H]1C(=O)N[C@@H](CC(C)C)C(=O)N(C)[C@@H](CC(C)C)C(=O)N(C)[C@H](CC(C)C)C(=O)N[C@@H](C)C(=O)N[C@H](CC(C)C)C(=O)N2CCC[C@H]2C(=O)O[C@@H]1C,-6.21
6701,CC(=O)N1CCC[C@H]1C(=O)N(C)[C@@H](CC(C)C)C(=O)N[C@@H]1C(=O)N[C@@H](CC(C)C)C(=O)N(C)[C@@H](CC(C)C)C(=O)N[C@@H](CC(C)C)C(=O)N(C)[C@@H](C)C(=O)N[C@H](CC(C)C)C(=O)N2CCC[C@H]2C(=O)O[C@@H]1C,-6.0
6700,CC(=O)N1CCC[C@H]1C(=O)N(C)[C@@H](CC(C)C)C(=O)N[C@@H]1C(=O)N[C@@H](CC(C)C)C(=O)N[C@H](CC(C)C)C(=O)N(C)[C@@H](CC(C)C)C(=O)N[C@@H](C)C(=O)N[C@H](CC(C)C)C(=O)N2CCC[C@H]2C(=O)O[C@@H]1C,-5.86
6699,CC(=O)N1CCC[C@H]1C(=O)N(C)[C@@H](CC(C)C)C(=O)N[C@@H]1C(=O)N[C@@H](CC(C)C)C(=O)N[C@H](CC(C)C)C(=O)N[C@H](CC(C)C)C(=O)N(C)[C@H](C)C(=O)N[C@H](CC(C)C)C(=O)N2CCC[C@H]2C(=O)O[C@@H]1C,-6.9
6698,CC(=O)N1CCC[C@H]1C(=O)N(C)[C@@H](CC(C)C)C(=O)N[C@@H]1C(=O)N[C@@H](CC(C)C)C(=O)N[C@H](CC(C)C)C(=O)N[C@H](CC(C)C)C(=O)N[C@H](C)C(=O)N[C@H](CC(C)C)C(=O)N2CCC[C@H]2C(=O)O[C@@H]1C,-6.89
6697,CC(=O)N1CCC[C@H]1C(=O)N(C)[C@@H](CC(C)C)C(=O)N[C@@H]1C(=O)N[C@@H](CC(C)C)C(=O)N[C@@H](CC(C)C)C(=O)N(C)[C@@H](CC(C)C)C(=O)N(C)[C@H](C)C(=O)N[C@H](CC(C)C)C(=O)N2CCC[C@H]2C(=O)O[C@@H]1C,-6.29
6696,CC(=O)N1CCC[C@H]1C(=O)N(C)[C@@H](CC(C)C)C(=O)N[C@@H]1C(=O)N[C@@H](CC(C)C)C(=O)N[C@@H](CC(C)C)C(=O)N(C)[C@@H](CC(C)C)C(=O)N(C)[C@@H](C)C(=O)N[C@H](CC(C)C)C(=O)N2CCC[C@H]2C(=O)O[C@@H]1C,-6.58
6695,CC(=O)N1CCC[C@H]1C(=O)N(C)[C@@H](CC(C)C)C(=O)N[C@@H]1C(=O)N[C@@H](CC(C)C)C(=O)N[C@@H](CC(C)C)C(=O)N[C@H](CC(C)C)C(=O)N(C)[C@H](C)C(=O)N[C@H](CC(C)C)C(=O)N2CCC[C@H]2C(=O)O[C@@H]1C,-6.66
6694,CC(=O)N1CCC[C@H]1C(=O)N(C)[C@@H](CC(C)C)C(=O)N[C@@H]1C(=O)N[C@@H](CC(C)C)C(=O)N[C@@H](CC(C)C)C(=O)N[C@H](CC(C)C)C(=O)N[C@H](C)C(=O)N[C@H](CC(C)C)C(=O)N2CCC[C@H]2C(=O)O[C@@H]1C,-6.39
6693,CC(=O)N1CCC[C@H]1C(=O)N(C)[C@@H](CC(C)C)C(=O)N[C@@H]1C(=O)N[C@@H](CC(C)C)C(=O)N[C@@H](CC(C)C)C(=O)N[C@H](CC(C)C)C(=O)N[C@@H](C)C(=O)N[C@H](CC(C)C)C(=O)N2CCC[C@H]2C(=O)O[C@@H]1C,-7.44
6692,CC(=O)N1CCC[C@H]1C(=O)N(C)[C@@H](CC(C)C)C(=O)N[C@@H]1C(=O)N[C@@H](CC(C)C)C(=O)N[C@@H](CC(C)C)C(=O)N[C@@H](CC(C)C)C(=O)N[C@@H](C)C(=O)N[C@H](CC(C)C)C(=O)N2CCC[C@H]2C(=O)O[C@@H]1C,-6.59
6691,CC(=O)N1CCC[C@@H]1C(=O)N(C)[C@H](CC(C)C)C(=O)N[C@@H]1C(=O)N(C)[C@H](CC(C)C)C(=O)N(C)[C@H](CC(C)C)C(=O)N(C)[C@@H](CC(C)C)C(=O)N(C)[C@@H](C)C(=O)N[C@@H](CC(C)C)C(=O)N2CCC[C@@H]2C(=O)O[C@@H]1C,-5.56
6690,CC(=O)N1CCC[C@@H]1C(=O)N(C)[C@H](CC(C)C)C(=O)N[C@@H]1C(=O)N(C)[C@H](CC(C)C)C(=O)N[C@H](CC(C)C)C(=O)N(C)[C@@H](CC(C)C)C(=O)N(C)[C@@H](C)C(=O)N[C@@H](CC(C)C)C(=O)N2CCC[C@@H]2C(=O)O[C@@H]1C,-5.08
6689,CC(=O)N1CCC[C@@H]1C(=O)N(C)[C@H](CC(C)C)C(=O)N[C@@H]1C(=O)N(C)[C@H](CC(C)C)C(=O)N[C@@H](CC(C)C)C(=O)N(C)[C@@H](CC(C)C)C(=O)N(C)[C@H](C)C(=O)N[C@@H](CC(C)C)C(=O)N2CCC[C@@H]2C(=O)O[C@@H]1C,-5.63
6688,CC(=O)N1CCC[C@@H]1C(=O)N(C)[C@H](CC(C)C)C(=O)N[C@@H]1C(=O)N(C)[C@@H](CC(C)C)C(=O)N(C)[C@H](CC(C)C)C(=O)N(C)[C@H](CC(C)C)C(=O)N(C)[C@@H](C)C(=O)N[C@@H](CC(C)C)C(=O)N2CCC[C@@H]2C(=O)O[C@@H]1C,-5.68
6687,CC(=O)N1CCC[C@@H]1C(=O)N(C)[C@H](CC(C)C)C(=O)N[C@@H]1C(=O)N(C)[C@@H](CC(C)C)C(=O)N(C)[C@H](CC(C)C)C(=O)N(C)[C@@H](CC(C)C)C(=O)N(C)[C@H](C)C(=O)N[C@@H](CC(C)C)C(=O)N2CCC[C@@H]2C(=O)O[C@@H]1C,-5.58
6686,CC(=O)N1CCC[C@@H]1C(=O)N(C)[C@H](CC(C)C)C(=O)N[C@@H]1C(=O)N(C)[C@@H](CC(C)C)C(=O)N(C)[C@H](CC(C)C)C(=O)N(C)[C@@H](CC(C)C)C(=O)N(C)[C@@H](C)C(=O)N[C@@H](CC(C)C)C(=O)N2CCC[C@@H]2C(=O)O[C@@H]1C,-5.36
6685,CC(=O)N1CCC[C@@H]1C(=O)N(C)[C@H](CC(C)C)C(=O)N[C@@H]1C(=O)N(C)[C@@H](CC(C)C)C(=O)N(C)[C@H](CC(C)C)C(=O)N[C@@H](CC(C)C)C(=O)N[C@@H](C)C(=O)N[C@@H](CC(C)C)C(=O)N2CCC[C@@H]2C(=O)O[C@@H]1C,-6.72
6684,CC(=O)N1CCC[C@@H]1C(=O)N(C)[C@H](CC(C)C)C(=O)N[C@@H]1C(=O)N(C)[C@@H](CC(C)C)C(=O)N(C)[C@@H](CC(C)C)C(=O)N[C@@H](CC(C)C)C(=O)N(C)[C@H](C)C(=O)N[C@@H](CC(C)C)C(=O)N2CCC[C@@H]2C(=O)O[C@@H]1C,-5.43
6683,CC(=O)N1CCC[C@@H]1C(=O)N(C)[C@H](CC(C)C)C(=O)N[C@@H]1C(=O)N(C)[C@@H](CC(C)C)C(=O)N[C@H](CC(C)C)C(=O)N(C)[C@H](CC(C)C)C(=O)N[C@@H](C)C(=O)N[C@@H](CC(C)C)C(=O)N2CCC[C@@H]2C(=O)O[C@@H]1C,-6.55
6682,CC(=O)N1CCC[C@@H]1C(=O)N(C)[C@H](CC(C)C)C(=O)N[C@@H]1C(=O)N(C)[C@@H](CC(C)C)C(=O)N[C@H](CC(C)C)C(=O)N(C)[C@@H](CC(C)C)C(=O)N(C)[C@@H](C)C(=O)N[C@@H](CC(C)C)C(=O)N2CCC[C@@H]2C(=O)O[C@@H]1C,-5.45
6681,CC(=O)N1CCC[C@@H]1C(=O)N(C)[C@H](CC(C)C)C(=O)N[C@@H]1C(=O)N(C)[C@@H](CC(C)C)C(=O)N[C@H](CC(C)C)C(=O)N(C)[C@@H](CC(C)C)C(=O)N[C@@H](C)C(=O)N[C@@H](CC(C)C)C(=O)N2CCC[C@@H]2C(=O)O[C@@H]1C,-7.0
6680,CC(=O)N1CCC[C@@H]1C(=O)N(C)[C@H](CC(C)C)C(=O)N[C@@H]1C(=O)N(C)[C@@H](CC(C)C)C(=O)N[C@@H](CC(C)C)C(=O)N(C)[C@H](CC(C)C)C(=O)N(C)[C@@H](C)C(=O)N[C@@H](CC(C)C)C(=O)N2CCC[C@@H]2C(=O)O[C@@H]1C,-5.41
6679,CC(=O)N1CCC[C@@H]1C(=O)N(C)[C@H](CC(C)C)C(=O)N[C@@H]1C(=O)N(C)[C@@H](CC(C)C)C(=O)N[C@@H](CC(C)C)C(=O)N(C)[C@@H](CC(C)C)C(=O)N(C)[C@@H](C)C(=O)N[C@@H](CC(C)C)C(=O)N2CCC[C@@H]2C(=O)O[C@@H]1C,-5.43
6678,CC(=O)N1CCC[C@@H]1C(=O)N(C)[C@H](CC(C)C)C(=O)N[C@@H]1C(=O)N(C)[C@@H](CC(C)C)C(=O)N[C@@H](CC(C)C)C(=O)N[C@@H](CC(C)C)C(=O)N(C)[C@@H](C)C(=O)N[C@@H](CC(C)C)C(=O)N2CCC[C@@H]2C(=O)O[C@@H]1C,-6.57
6677,CC(=O)N1CCC[C@@H]1C(=O)N(C)[C@H](CC(C)C)C(=O)N[C@@H]1C(=O)N[C@H](CC(C)C)C(=O)N(C)[C@H](CC(C)C)C(=O)N(C)[C@@H](CC(C)C)C(=O)N(C)[C@@H](C)C(=O)N[C@@H](CC(C)C)C(=O)N2CCC[C@@H]2C(=O)O[C@@H]1C,-5.64
6676,CC(=O)N1CCC[C@@H]1C(=O)N(C)[C@H](CC(C)C)C(=O)N[C@@H]1C(=O)N[C@H](CC(C)C)C(=O)N(C)[C@H](CC(C)C)C(=O)N[C@H](CC(C)C)C(=O)N[C@H](C)C(=O)N[C@@H](CC(C)C)C(=O)N2CCC[C@@H]2C(=O)O[C@@H]1C,-6.85
6675,CC(=O)N1CCC[C@@H]1C(=O)N(C)[C@H](CC(C)C)C(=O)N[C@@H]1C(=O)N[C@H](CC(C)C)C(=O)N(C)[C@H](CC(C)C)C(=O)N[C@H](CC(C)C)C(=O)N[C@@H](C)C(=O)N[C@@H](CC(C)C)C(=O)N2CCC[C@@H]2C(=O)O[C@@H]1C,-5.92
6674,CC(=O)N1CCC[C@@H]1C(=O)N(C)[C@H](CC(C)C)C(=O)N[C@@H]1C(=O)N[C@H](CC(C)C)C(=O)N(C)[C@@H](CC(C)C)C(=O)N(C)[C@H](CC(C)C)C(=O)N(C)[C@H](C)C(=O)N[C@@H](CC(C)C)C(=O)N2CCC[C@@H]2C(=O)O[C@@H]1C,-5.19
6673,CC(=O)N1CCC[C@@H]1C(=O)N(C)[C@H](CC(C)C)C(=O)N[C@@H]1C(=O)N[C@H](CC(C)C)C(=O)N(C)[C@@H](CC(C)C)C(=O)N(C)[C@@H](CC(C)C)C(=O)N[C@@H](C)C(=O)N[C@@H](CC(C)C)C(=O)N2CCC[C@@H]2C(=O)O[C@@H]1C,-5.3
6672,CC(=O)N1CCC[C@@H]1C(=O)N(C)[C@H](CC(C)C)C(=O)N[C@@H]1C(=O)N[C@H](CC(C)C)C(=O)N(C)[C@@H](CC(C)C)C(=O)N[C@H](CC(C)C)C(=O)N(C)[C@H](C)C(=O)N[C@@H](CC(C)C)C(=O)N2CCC[C@@H]2C(=O)O[C@@H]1C,-5.61
6671,CC(=O)N1CCC[C@@H]1C(=O)N(C)[C@H](CC(C)C)C(=O)N[C@@H]1C(=O)N[C@H](CC(C)C)C(=O)N(C)[C@@H](CC(C)C)C(=O)N[C@@H](CC(C)C)C(=O)N(C)[C@@H](C)C(=O)N[C@@H](CC(C)C)C(=O)N2CCC[C@@H]2C(=O)O[C@@H]1C,-5.43
6670,CC(=O)N1CCC[C@@H]1C(=O)N(C)[C@H](CC(C)C)C(=O)N[C@@H]1C(=O)N[C@H](CC(C)C)C(=O)N[C@H](CC(C)C)C(=O)N(C)[C@@H](CC(C)C)C(=O)N(C)[C@@H](C)C(=O)N[C@@H](CC(C)C)C(=O)N2CCC[C@@H]2C(=O)O[C@@H]1C,-5.25
6669,CC(=O)N1CCC[C@@H]1C(=O)N(C)[C@H](CC(C)C)C(=O)N[C@@H]1C(=O)N[C@H](CC(C)C)C(=O)N[C@H](CC(C)C)C(=O)N[C@H](CC(C)C)C(=O)N(C)[C@H](C)C(=O)N[C@@H](CC(C)C)C(=O)N2CCC[C@@H]2C(=O)O[C@@H]1C,-6.12
6668,CC(=O)N1CCC[C@@H]1C(=O)N(C)[C@H](CC(C)C)C(=O)N[C@@H]1C(=O)N[C@H](CC(C)C)C(=O)N[C@H](CC(C)C)C(=O)N[C@H](CC(C)C)C(=O)N[C@H](C)C(=O)N[C@@H](CC(C)C)C(=O)N2CCC[C@@H]2C(=O)O[C@@H]1C,-8.7
6667,CC(=O)N1CCC[C@@H]1C(=O)N(C)[C@H](CC(C)C)C(=O)N[C@@H]1C(=O)N[C@H](CC(C)C)C(=O)N[C@H](CC(C)C)C(=O)N[C@H](CC(C)C)C(=O)N[C@@H](C)C(=O)N[C@@H](CC(C)C)C(=O)N2CCC[C@@H]2C(=O)O[C@@H]1C,-6.92
6666,CC(=O)N1CCC[C@@H]1C(=O)N(C)[C@H](CC(C)C)C(=O)N[C@@H]1C(=O)N[C@H](CC(C)C)C(=O)N[C@H](CC(C)C)C(=O)N[C@@H](CC(C)C)C(=O)N[C@@H](C)C(=O)N[C@@H](CC(C)C)C(=O)N2CCC[C@@H]2C(=O)O[C@@H]1C,-7.82
6665,CC(=O)N1CCC[C@@H]1C(=O)N(C)[C@H](CC(C)C)C(=O)N[C@@H]1C(=O)N[C@H](CC(C)C)C(=O)N[C@@H](CC(C)C)C(=O)N[C@@H](CC(C)C)C(=O)N(C)[C@@H](C)C(=O)N[C@@H](CC(C)C)C(=O)N2CCC[C@@H]2C(=O)O[C@@H]1C,-6.05
6664,CC(=O)N1CCC[C@@H]1C(=O)N(C)[C@H](CC(C)C)C(=O)N[C@@H]1C(=O)N[C@@H](CC(C)C)C(=O)N(C)[C@H](CC(C)C)C(=O)N(C)[C@@H](CC(C)C)C(=O)N(C)[C@H](C)C(=O)N[C@@H](CC(C)C)C(=O)N2CCC[C@@H]2C(=O)O[C@@H]1C,-5.77
6663,CC(=O)N1CCC[C@@H]1C(=O)N(C)[C@H](CC(C)C)C(=O)N[C@@H]1C(=O)N[C@@H](CC(C)C)C(=O)N(C)[C@@H](CC(C)C)C(=O)N(C)[C@H](CC(C)C)C(=O)N(C)[C@@H](C)C(=O)N[C@@H](CC(C)C)C(=O)N2CCC[C@@H]2C(=O)O[C@@H]1C,-5.73
6662,CC(=O)N1CCC[C@@H]1C(=O)N(C)[C@H](CC(C)C)C(=O)N[C@@H]1C(=O)N[C@@H](CC(C)C)C(=O)N(C)[C@@H](CC(C)C)C(=O)N[C@@H](CC(C)C)C(=O)N(C)[C@@H](C)C(=O)N[C@@H](CC(C)C)C(=O)N2CCC[C@@H]2C(=O)O[C@@H]1C,-5.46
6661,CC(=O)N1CCC[C@@H]1C(=O)N(C)[C@H](CC(C)C)C(=O)N[C@@H]1C(=O)N[C@@H](CC(C)C)C(=O)N[C@H](CC(C)C)C(=O)N(C)[C@H](CC(C)C)C(=O)N(C)[C@H](C)C(=O)N[C@@H](CC(C)C)C(=O)N2CCC[C@@H]2C(=O)O[C@@H]1C,-7.06
6660,CC(=O)N1CCC[C@@H]1C(=O)N(C)[C@H](CC(C)C)C(=O)N[C@@H]1C(=O)N[C@@H](CC(C)C)C(=O)N[C@H](CC(C)C)C(=O)N(C)[C@H](CC(C)C)C(=O)N[C@@H](C)C(=O)N[C@@H](CC(C)C)C(=O)N2CCC[C@@H]2C(=O)O[C@@H]1C,-6.93
6659,CC(=O)N1CCC[C@@H]1C(=O)N(C)[C@H](CC(C)C)C(=O)N[C@@H]1C(=O)N[C@@H](CC(C)C)C(=O)N[C@H](CC(C)C)C(=O)N(C)[C@@H](CC(C)C)C(=O)N(C)[C@@H](C)C(=O)N[C@@H](CC(C)C)C(=O)N2CCC[C@@H]2C(=O)O[C@@H]1C,-5.22
6658,CC(=O)N1CCC[C@@H]1C(=O)N(C)[C@H](CC(C)C)C(=O)N[C@@H]1C(=O)N[C@@H](CC(C)C)C(=O)N[C@H](CC(C)C)C(=O)N[C@H](CC(C)C)C(=O)N[C@H](C)C(=O)N[C@@H](CC(C)C)C(=O)N2CCC[C@@H]2C(=O)O[C@@H]1C,-7.33
6657,CC(=O)N1CCC[C@@H]1C(=O)N(C)[C@H](CC(C)C)C(=O)N[C@@H]1C(=O)N[C@@H](CC(C)C)C(=O)N[C@@H](CC(C)C)C(=O)N(C)[C@@H](CC(C)C)C(=O)N(C)[C@H](C)C(=O)N[C@@H](CC(C)C)C(=O)N2CCC[C@@H]2C(=O)O[C@@H]1C,-6.41
6656,CC(=O)N1CCC[C@@H]1C(=O)N(C)[C@H](CC(C)C)C(=O)N[C@@H]1C(=O)N[C@@H](CC(C)C)C(=O)N[C@@H](CC(C)C)C(=O)N(C)[C@@H](CC(C)C)C(=O)N(C)[C@@H](C)C(=O)N[C@@H](CC(C)C)C(=O)N2CCC[C@@H]2C(=O)O[C@@H]1C,-6.31
6655,CC(=O)N1CCC[C@@H]1C(=O)N(C)[C@H](CC(C)C)C(=O)N[C@@H]1C(=O)N[C@@H](CC(C)C)C(=O)N[C@@H](CC(C)C)C(=O)N[C@H](CC(C)C)C(=O)N[C@@H](C)C(=O)N[C@@H](CC(C)C)C(=O)N2CCC[C@@H]2C(=O)O[C@@H]1C,-7.4
6654,CC(=O)N1CCC[C@@H]1C(=O)N(C)[C@H](CC(C)C)C(=O)N[C@@H]1C(=O)N(C)[C@H](CC(C)C)C(=O)N(C)[C@H](CC(C)C)C(=O)N(C)[C@@H](CC(C)C)C(=O)N(C)[C@@H](C)C(=O)N[C@@H](CC(C)C)C(=O)N2CCC[C@H]2C(=O)O[C@@H]1C,-5.72
6653,CC(=O)N1CCC[C@@H]1C(=O)N(C)[C@H](CC(C)C)C(=O)N[C@@H]1C(=O)N(C)[C@H](CC(C)C)C(=O)N(C)[C@H](CC(C)C)C(=O)N[C@H](CC(C)C)C(=O)N(C)[C@H](C)C(=O)N[C@@H](CC(C)C)C(=O)N2CCC[C@H]2C(=O)O[C@@H]1C,-5.09
6652,CC(=O)N1CCC[C@@H]1C(=O)N(C)[C@H](CC(C)C)C(=O)N[C@@H]1C(=O)N(C)[C@H](CC(C)C)C(=O)N(C)[C@H](CC(C)C)C(=O)N[C@@H](CC(C)C)C(=O)N(C)[C@H](C)C(=O)N[C@@H](CC(C)C)C(=O)N2CCC[C@H]2C(=O)O[C@@H]1C,-5.86
6651,CC(=O)N1CCC[C@@H]1C(=O)N(C)[C@H](CC(C)C)C(=O)N[C@@H]1C(=O)N(C)[C@H](CC(C)C)C(=O)N(C)[C@@H](CC(C)C)C(=O)N(C)[C@@H](CC(C)C)C(=O)N(C)[C@@H](C)C(=O)N[C@@H](CC(C)C)C(=O)N2CCC[C@H]2C(=O)O[C@@H]1C,-5.79
6650,CC(=O)N1CCC[C@@H]1C(=O)N(C)[C@H](CC(C)C)C(=O)N[C@@H]1C(=O)N(C)[C@H](CC(C)C)C(=O)N(C)[C@@H](CC(C)C)C(=O)N[C@@H](CC(C)C)C(=O)N(C)[C@@H](C)C(=O)N[C@@H](CC(C)C)C(=O)N2CCC[C@H]2C(=O)O[C@@H]1C,-6.45
6649,CC(=O)N1CCC[C@@H]1C(=O)N(C)[C@H](CC(C)C)C(=O)N[C@@H]1C(=O)N(C)[C@H](CC(C)C)C(=O)N[C@H](CC(C)C)C(=O)N(C)[C@H](CC(C)C)C(=O)N[C@@H](C)C(=O)N[C@@H](CC(C)C)C(=O)N2CCC[C@H]2C(=O)O[C@@H]1C,-6.76
6648,CC(=O)N1CCC[C@@H]1C(=O)N(C)[C@H](CC(C)C)C(=O)N[C@@H]1C(=O)N(C)[C@H](CC(C)C)C(=O)N[C@H](CC(C)C)C(=O)N(C)[C@@H](CC(C)C)C(=O)N(C)[C@H](C)C(=O)N[C@@H](CC(C)C)C(=O)N2CCC[C@H]2C(=O)O[C@@H]1C,-5.51
6647,CC(=O)N1CCC[C@@H]1C(=O)N(C)[C@H](CC(C)C)C(=O)N[C@@H]1C(=O)N(C)[C@H](CC(C)C)C(=O)N[C@H](CC(C)C)C(=O)N(C)[C@@H](CC(C)C)C(=O)N(C)[C@@H](C)C(=O)N[C@@H](CC(C)C)C(=O)N2CCC[C@H]2C(=O)O[C@@H]1C,-5.58
6646,CC(=O)N1CCC[C@@H]1C(=O)N(C)[C@H](CC(C)C)C(=O)N[C@@H]1C(=O)N(C)[C@H](CC(C)C)C(=O)N[C@H](CC(C)C)C(=O)N[C@H](CC(C)C)C(=O)N(C)[C@H](C)C(=O)N[C@@H](CC(C)C)C(=O)N2CCC[C@H]2C(=O)O[C@@H]1C,-6.2
6645,CC(=O)N1CCC[C@@H]1C(=O)N(C)[C@H](CC(C)C)C(=O)N[C@@H]1C(=O)N(C)[C@H](CC(C)C)C(=O)N[C@H](CC(C)C)C(=O)N[C@@H](CC(C)C)C(=O)N(C)[C@@H](C)C(=O)N[C@@H](CC(C)C)C(=O)N2CCC[C@H]2C(=O)O[C@@H]1C,-6.85
6644,CC(=O)N1CCC[C@@H]1C(=O)N(C)[C@H](CC(C)C)C(=O)N[C@@H]1C(=O)N(C)[C@H](CC(C)C)C(=O)N[C@@H](CC(C)C)C(=O)N(C)[C@H](CC(C)C)C(=O)N(C)[C@H](C)C(=O)N[C@@H](CC(C)C)C(=O)N2CCC[C@H]2C(=O)O[C@@H]1C,-5.55
6643,CC(=O)N1CCC[C@@H]1C(=O)N(C)[C@H](CC(C)C)C(=O)N[C@@H]1C(=O)N(C)[C@H](CC(C)C)C(=O)N[C@@H](CC(C)C)C(=O)N(C)[C@@H](CC(C)C)C(=O)N(C)[C@@H](C)C(=O)N[C@@H](CC(C)C)C(=O)N2CCC[C@H]2C(=O)O[C@@H]1C,-5.51
6642,CC(=O)N1CCC[C@@H]1C(=O)N(C)[C@H](CC(C)C)C(=O)N[C@@H]1C(=O)N(C)[C@H](CC(C)C)C(=O)N[C@@H](CC(C)C)C(=O)N[C@@H](CC(C)C)C(=O)N(C)[C@@H](C)C(=O)N[C@@H](CC(C)C)C(=O)N2CCC[C@H]2C(=O)O[C@@H]1C,-6.8
6641,CC(=O)N1CCC[C@@H]1C(=O)N(C)[C@H](CC(C)C)C(=O)N[C@@H]1C(=O)N(C)[C@H](CC(C)C)C(=O)N[C@@H](CC(C)C)C(=O)N[C@@H](CC(C)C)C(=O)N[C@@H](C)C(=O)N[C@@H](CC(C)C)C(=O)N2CCC[C@H]2C(=O)O[C@@H]1C,-5.7
6640,CC(=O)N1CCC[C@@H]1C(=O)N(C)[C@H](CC(C)C)C(=O)N[C@@H]1C(=O)N(C)[C@@H](CC(C)C)C(=O)N(C)[C@H](CC(C)C)C(=O)N(C)[C@H](CC(C)C)C(=O)N(C)[C@H](C)C(=O)N[C@@H](CC(C)C)C(=O)N2CCC[C@H]2C(=O)O[C@@H]1C,-6.45
6639,CC(=O)N1CCC[C@@H]1C(=O)N(C)[C@H](CC(C)C)C(=O)N[C@@H]1C(=O)N(C)[C@@H](CC(C)C)C(=O)N(C)[C@H](CC(C)C)C(=O)N(C)[C@@H](CC(C)C)C(=O)N(C)[C@@H](C)C(=O)N[C@@H](CC(C)C)C(=O)N2CCC[C@H]2C(=O)O[C@@H]1C,-5.7
6638,CC(=O)N1CCC[C@@H]1C(=O)N(C)[C@H](CC(C)C)C(=O)N[C@@H]1C(=O)N(C)[C@@H](CC(C)C)C(=O)N(C)[C@H](CC(C)C)C(=O)N[C@H](CC(C)C)C(=O)N(C)[C@H](C)C(=O)N[C@@H](CC(C)C)C(=O)N2CCC[C@H]2C(=O)O[C@@H]1C,-6.45
6637,CC(=O)N1CCC[C@@H]1C(=O)N(C)[C@H](CC(C)C)C(=O)N[C@@H]1C(=O)N(C)[C@@H](CC(C)C)C(=O)N[C@H](CC(C)C)C(=O)N(C)[C@@H](CC(C)C)C(=O)N(C)[C@@H](C)C(=O)N[C@@H](CC(C)C)C(=O)N2CCC[C@H]2C(=O)O[C@@H]1C,-6.01
6636,CC(=O)N1CCC[C@@H]1C(=O)N(C)[C@H](CC(C)C)C(=O)N[C@@H]1C(=O)N(C)[C@@H](CC(C)C)C(=O)N[C@@H](CC(C)C)C(=O)N(C)[C@@H](CC(C)C)C(=O)N(C)[C@H](C)C(=O)N[C@@H](CC(C)C)C(=O)N2CCC[C@H]2C(=O)O[C@@H]1C,-5.46
6635,CC(=O)N1CCC[C@@H]1C(=O)N(C)[C@H](CC(C)C)C(=O)N[C@@H]1C(=O)N[C@H](CC(C)C)C(=O)N(C)[C@H](CC(C)C)C(=O)N(C)[C@H](CC(C)C)C(=O)N(C)[C@H](C)C(=O)N[C@@H](CC(C)C)C(=O)N2CCC[C@H]2C(=O)O[C@@H]1C,-5.7
6634,CC(=O)N1CCC[C@@H]1C(=O)N(C)[C@H](CC(C)C)C(=O)N[C@@H]1C(=O)N[C@H](CC(C)C)C(=O)N(C)[C@H](CC(C)C)C(=O)N(C)[C@H](CC(C)C)C(=O)N(C)[C@@H](C)C(=O)N[C@@H](CC(C)C)C(=O)N2CCC[C@H]2C(=O)O[C@@H]1C,-5.62
6633,CC(=O)N1CCC[C@@H]1C(=O)N(C)[C@H](CC(C)C)C(=O)N[C@@H]1C(=O)N[C@H](CC(C)C)C(=O)N(C)[C@H](CC(C)C)C(=O)N(C)[C@H](CC(C)C)C(=O)N[C@H](C)C(=O)N[C@@H](CC(C)C)C(=O)N2CCC[C@H]2C(=O)O[C@@H]1C,-5.62
6632,CC(=O)N1CCC[C@@H]1C(=O)N(C)[C@H](CC(C)C)C(=O)N[C@@H]1C(=O)N[C@H](CC(C)C)C(=O)N(C)[C@H](CC(C)C)C(=O)N(C)[C@H](CC(C)C)C(=O)N[C@@H](C)C(=O)N[C@@H](CC(C)C)C(=O)N2CCC[C@H]2C(=O)O[C@@H]1C,-7.24
6631,CC(=O)N1CCC[C@@H]1C(=O)N(C)[C@H](CC(C)C)C(=O)N[C@@H]1C(=O)N[C@H](CC(C)C)C(=O)N(C)[C@H](CC(C)C)C(=O)N(C)[C@@H](CC(C)C)C(=O)N(C)[C@H](C)C(=O)N[C@@H](CC(C)C)C(=O)N2CCC[C@H]2C(=O)O[C@@H]1C,-5.48
6630,CC(=O)N1CCC[C@@H]1C(=O)N(C)[C@H](CC(C)C)C(=O)N[C@@H]1C(=O)N[C@H](CC(C)C)C(=O)N(C)[C@H](CC(C)C)C(=O)N(C)[C@@H](CC(C)C)C(=O)N(C)[C@@H](C)C(=O)N[C@@H](CC(C)C)C(=O)N2CCC[C@H]2C(=O)O[C@@H]1C,-5.59
6629,CC(=O)N1CCC[C@@H]1C(=O)N(C)[C@H](CC(C)C)C(=O)N[C@@H]1C(=O)N[C@H](CC(C)C)C(=O)N(C)[C@H](CC(C)C)C(=O)N[C@H](CC(C)C)C(=O)N(C)[C@H](C)C(=O)N[C@@H](CC(C)C)C(=O)N2CCC[C@H]2C(=O)O[C@@H]1C,-6.19
6628,CC(=O)N1CCC[C@@H]1C(=O)N(C)[C@H](CC(C)C)C(=O)N[C@@H]1C(=O)N[C@H](CC(C)C)C(=O)N(C)[C@@H](CC(C)C)C(=O)N(C)[C@H](CC(C)C)C(=O)N(C)[C@H](C)C(=O)N[C@@H](CC(C)C)C(=O)N2CCC[C@H]2C(=O)O[C@@H]1C,-5.49
6627,CC(=O)N1CCC[C@@H]1C(=O)N(C)[C@H](CC(C)C)C(=O)N[C@@H]1C(=O)N[C@H](CC(C)C)C(=O)N(C)[C@@H](CC(C)C)C(=O)N(C)[C@@H](CC(C)C)C(=O)N(C)[C@@H](C)C(=O)N[C@@H](CC(C)C)C(=O)N2CCC[C@H]2C(=O)O[C@@H]1C,-5.67
6626,CC(=O)N1CCC[C@@H]1C(=O)N(C)[C@H](CC(C)C)C(=O)N[C@@H]1C(=O)N[C@H](CC(C)C)C(=O)N(C)[C@@H](CC(C)C)C(=O)N[C@H](CC(C)C)C(=O)N(C)[C@H](C)C(=O)N[C@@H](CC(C)C)C(=O)N2CCC[C@H]2C(=O)O[C@@H]1C,-5.67
6625,CC(=O)N1CCC[C@@H]1C(=O)N(C)[C@H](CC(C)C)C(=O)N[C@@H]1C(=O)N[C@H](CC(C)C)C(=O)N[C@H](CC(C)C)C(=O)N(C)[C@H](CC(C)C)C(=O)N(C)[C@H](C)C(=O)N[C@@H](CC(C)C)C(=O)N2CCC[C@H]2C(=O)O[C@@H]1C,-6.35
6624,CC(=O)N1CCC[C@@H]1C(=O)N(C)[C@H](CC(C)C)C(=O)N[C@@H]1C(=O)N[C@H](CC(C)C)C(=O)N[C@H](CC(C)C)C(=O)N(C)[C@H](CC(C)C)C(=O)N(C)[C@@H](C)C(=O)N[C@@H](CC(C)C)C(=O)N2CCC[C@H]2C(=O)O[C@@H]1C,-6.05
6623,CC(=O)N1CCC[C@@H]1C(=O)N(C)[C@H](CC(C)C)C(=O)N[C@@H]1C(=O)N[C@H](CC(C)C)C(=O)N[C@H](CC(C)C)C(=O)N(C)[C@H](CC(C)C)C(=O)N[C@@H](C)C(=O)N[C@@H](CC(C)C)C(=O)N2CCC[C@H]2C(=O)O[C@@H]1C,-6.9
6622,CC(=O)N1CCC[C@@H]1C(=O)N(C)[C@H](CC(C)C)C(=O)N[C@@H]1C(=O)N[C@H](CC(C)C)C(=O)N[C@H](CC(C)C)C(=O)N(C)[C@@H](CC(C)C)C(=O)N(C)[C@@H](C)C(=O)N[C@@H](CC(C)C)C(=O)N2CCC[C@H]2C(=O)O[C@@H]1C,-5.48
6621,CC(=O)N1CCC[C@@H]1C(=O)N(C)[C@H](CC(C)C)C(=O)N[C@@H]1C(=O)N[C@H](CC(C)C)C(=O)N[C@H](CC(C)C)C(=O)N[C@H](CC(C)C)C(=O)N(C)[C@H](C)C(=O)N[C@@H](CC(C)C)C(=O)N2CCC[C@H]2C(=O)O[C@@H]1C,-6.38
6620,CC(=O)N1CCC[C@@H]1C(=O)N(C)[C@H](CC(C)C)C(=O)N[C@@H]1C(=O)N[C@H](CC(C)C)C(=O)N[C@H](CC(C)C)C(=O)N[C@H](CC(C)C)C(=O)N(C)[C@@H](C)C(=O)N[C@@H](CC(C)C)C(=O)N2CCC[C@H]2C(=O)O[C@@H]1C,-6.09
6619,CC(=O)N1CCC[C@@H]1C(=O)N(C)[C@H](CC(C)C)C(=O)N[C@@H]1C(=O)N[C@H](CC(C)C)C(=O)N[C@H](CC(C)C)C(=O)N[C@H](CC(C)C)C(=O)N[C@@H](C)C(=O)N[C@@H](CC(C)C)C(=O)N2CCC[C@H]2C(=O)O[C@@H]1C,-6.38
6618,CC(=O)N1CCC[C@@H]1C(=O)N(C)[C@H](CC(C)C)C(=O)N[C@@H]1C(=O)N[C@H](CC(C)C)C(=O)N[C@H](CC(C)C)C(=O)N[C@@H](CC(C)C)C(=O)N(C)[C@@H](C)C(=O)N[C@@H](CC(C)C)C(=O)N2CCC[C@H]2C(=O)O[C@@H]1C,-7.24
6617,CC(=O)N1CCC[C@@H]1C(=O)N(C)[C@H](CC(C)C)C(=O)N[C@@H]1C(=O)N[C@H](CC(C)C)C(=O)N[C@@H](CC(C)C)C(=O)N(C)[C@H](CC(C)C)C(=O)N(C)[C@H](C)C(=O)N[C@@H](CC(C)C)C(=O)N2CCC[C@H]2C(=O)O[C@@H]1C,-5.45
6616,CC(=O)N1CCC[C@@H]1C(=O)N(C)[C@H](CC(C)C)C(=O)N[C@@H]1C(=O)N[C@H](CC(C)C)C(=O)N[C@@H](CC(C)C)C(=O)N(C)[C@H](CC(C)C)C(=O)N(C)[C@@H](C)C(=O)N[C@@H](CC(C)C)C(=O)N2CCC[C@H]2C(=O)O[C@@H]1C,-5.54
6615,CC(=O)N1CCC[C@@H]1C(=O)N(C)[C@H](CC(C)C)C(=O)N[C@@H]1C(=O)N[C@H](CC(C)C)C(=O)N[C@@H](CC(C)C)C(=O)N(C)[C@@H](CC(C)C)C(=O)N(C)[C@H](C)C(=O)N[C@@H](CC(C)C)C(=O)N2CCC[C@H]2C(=O)O[C@@H]1C,-5.69
6614,CC(=O)N1CCC[C@@H]1C(=O)N(C)[C@H](CC(C)C)C(=O)N[C@@H]1C(=O)N[C@H](CC(C)C)C(=O)N[C@@H](CC(C)C)C(=O)N[C@H](CC(C)C)C(=O)N(C)[C@@H](C)C(=O)N[C@@H](CC(C)C)C(=O)N2CCC[C@H]2C(=O)O[C@@H]1C,-5.5
6613,CC(=O)N1CCC[C@@H]1C(=O)N(C)[C@H](CC(C)C)C(=O)N[C@@H]1C(=O)N[C@H](CC(C)C)C(=O)N[C@@H](CC(C)C)C(=O)N[C@@H](CC(C)C)C(=O)N(C)[C@H](C)C(=O)N[C@@H](CC(C)C)C(=O)N2CCC[C@H]2C(=O)O[C@@H]1C,-5.92
6612,CC(=O)N1CCC[C@@H]1C(=O)N(C)[C@H](CC(C)C)C(=O)N[C@@H]1C(=O)N[C@H](CC(C)C)C(=O)N[C@@H](CC(C)C)C(=O)N[C@@H](CC(C)C)C(=O)N(C)[C@@H](C)C(=O)N[C@@H](CC(C)C)C(=O)N2CCC[C@H]2C(=O)O[C@@H]1C,-6.41
6611,CC(=O)N1CCC[C@@H]1C(=O)N(C)[C@H](CC(C)C)C(=O)N[C@@H]1C(=O)N[C@@H](CC(C)C)C(=O)N(C)[C@H](CC(C)C)C(=O)N(C)[C@H](CC(C)C)C(=O)N(C)[C@@H](C)C(=O)N[C@@H](CC(C)C)C(=O)N2CCC[C@H]2C(=O)O[C@@H]1C,-6.28
6610,CC(=O)N1CCC[C@@H]1C(=O)N(C)[C@H](CC(C)C)C(=O)N[C@@H]1C(=O)N[C@@H](CC(C)C)C(=O)N(C)[C@H](CC(C)C)C(=O)N(C)[C@H](CC(C)C)C(=O)N[C@@H](C)C(=O)N[C@@H](CC(C)C)C(=O)N2CCC[C@H]2C(=O)O[C@@H]1C,-6.66
6609,CC(=O)N1CCC[C@@H]1C(=O)N(C)[C@H](CC(C)C)C(=O)N[C@@H]1C(=O)N[C@@H](CC(C)C)C(=O)N(C)[C@H](CC(C)C)C(=O)N(C)[C@@H](CC(C)C)C(=O)N(C)[C@@H](C)C(=O)N[C@@H](CC(C)C)C(=O)N2CCC[C@H]2C(=O)O[C@@H]1C,-5.86
6608,CC(=O)N1CCC[C@@H]1C(=O)N(C)[C@H](CC(C)C)C(=O)N[C@@H]1C(=O)N[C@@H](CC(C)C)C(=O)N(C)[C@H](CC(C)C)C(=O)N(C)[C@@H](CC(C)C)C(=O)N[C@@H](C)C(=O)N[C@@H](CC(C)C)C(=O)N2CCC[C@H]2C(=O)O[C@@H]1C,-6.34
6607,CC(=O)N1CCC[C@@H]1C(=O)N(C)[C@H](CC(C)C)C(=O)N[C@@H]1C(=O)N[C@@H](CC(C)C)C(=O)N(C)[C@H](CC(C)C)C(=O)N[C@H](CC(C)C)C(=O)N(C)[C@H](C)C(=O)N[C@@H](CC(C)C)C(=O)N2CCC[C@H]2C(=O)O[C@@H]1C,-6.73
6606,CC(=O)N1CCC[C@@H]1C(=O)N(C)[C@H](CC(C)C)C(=O)N[C@@H]1C(=O)N[C@@H](CC(C)C)C(=O)N(C)[C@@H](CC(C)C)C(=O)N(C)[C@H](CC(C)C)C(=O)N(C)[C@H](C)C(=O)N[C@@H](CC(C)C)C(=O)N2CCC[C@H]2C(=O)O[C@@H]1C,-6.13
6605,CC(=O)N1CCC[C@@H]1C(=O)N(C)[C@H](CC(C)C)C(=O)N[C@@H]1C(=O)N[C@@H](CC(C)C)C(=O)N(C)[C@@H](CC(C)C)C(=O)N(C)[C@H](CC(C)C)C(=O)N[C@@H](C)C(=O)N[C@@H](CC(C)C)C(=O)N2CCC[C@H]2C(=O)O[C@@H]1C,-7.18
6604,CC(=O)N1CCC[C@@H]1C(=O)N(C)[C@H](CC(C)C)C(=O)N[C@@H]1C(=O)N[C@@H](CC(C)C)C(=O)N(C)[C@@H](CC(C)C)C(=O)N(C)[C@@H](CC(C)C)C(=O)N(C)[C@H](C)C(=O)N[C@@H](CC(C)C)C(=O)N2CCC[C@H]2C(=O)O[C@@H]1C,-6.36
6603,CC(=O)N1CCC[C@@H]1C(=O)N(C)[C@H](CC(C)C)C(=O)N[C@@H]1C(=O)N[C@@H](CC(C)C)C(=O)N(C)[C@@H](CC(C)C)C(=O)N(C)[C@@H](CC(C)C)C(=O)N[C@@H](C)C(=O)N[C@@H](CC(C)C)C(=O)N2CCC[C@H]2C(=O)O[C@@H]1C,-6.97
6602,CC(=O)N1CCC[C@@H]1C(=O)N(C)[C@H](CC(C)C)C(=O)N[C@@H]1C(=O)N[C@@H](CC(C)C)C(=O)N[C@H](CC(C)C)C(=O)N(C)[C@H](CC(C)C)C(=O)N[C@@H](C)C(=O)N[C@@H](CC(C)C)C(=O)N2CCC[C@H]2C(=O)O[C@@H]1C,-7.59
6601,CC(=O)N1CCC[C@@H]1C(=O)N(C)[C@H](CC(C)C)C(=O)N[C@@H]1C(=O)N[C@@H](CC(C)C)C(=O)N[C@H](CC(C)C)C(=O)N[C@H](CC(C)C)C(=O)N[C@@H](C)C(=O)N[C@@H](CC(C)C)C(=O)N2CCC[C@H]2C(=O)O[C@@H]1C,-7.49
6600,CC(=O)N1CCC[C@@H]1C(=O)N(C)[C@H](CC(C)C)C(=O)N[C@@H]1C(=O)N[C@@H](CC(C)C)C(=O)N[C@@H](CC(C)C)C(=O)N(C)[C@H](CC(C)C)C(=O)N(C)[C@H](C)C(=O)N[C@@H](CC(C)C)C(=O)N2CCC[C@H]2C(=O)O[C@@H]1C,-5.85
6599,CC(=O)N1CCC[C@@H]1C(=O)N(C)[C@H](CC(C)C)C(=O)N[C@@H]1C(=O)N[C@@H](CC(C)C)C(=O)N[C@@H](CC(C)C)C(=O)N(C)[C@H](CC(C)C)C(=O)N(C)[C@@H](C)C(=O)N[C@@H](CC(C)C)C(=O)N2CCC[C@H]2C(=O)O[C@@H]1C,-6.07
6598,CC(=O)N1CCC[C@@H]1C(=O)N(C)[C@H](CC(C)C)C(=O)N[C@@H]1C(=O)N[C@@H](CC(C)C)C(=O)N[C@@H](CC(C)C)C(=O)N(C)[C@H](CC(C)C)C(=O)N[C@@H](C)C(=O)N[C@@H](CC(C)C)C(=O)N2CCC[C@H]2C(=O)O[C@@H]1C,-6.63
6597,CC(=O)N1CCC[C@@H]1C(=O)N(C)[C@H](CC(C)C)C(=O)N[C@@H]1C(=O)N[C@@H](CC(C)C)C(=O)N[C@@H](CC(C)C)C(=O)N(C)[C@@H](CC(C)C)C(=O)N(C)[C@@H](C)C(=O)N[C@@H](CC(C)C)C(=O)N2CCC[C@H]2C(=O)O[C@@H]1C,-6.31
6596,CC(=O)N1CCC[C@@H]1C(=O)N(C)[C@H](CC(C)C)C(=O)N[C@@H]1C(=O)N[C@@H](CC(C)C)C(=O)N[C@@H](CC(C)C)C(=O)N[C@@H](CC(C)C)C(=O)N[C@@H](C)C(=O)N[C@@H](CC(C)C)C(=O)N2CCC[C@H]2C(=O)O[C@@H]1C,-7.19
6595,CC(=O)N1CCC[C@H]1C(=O)N(C)[C@H](CC(C)C)C(=O)N[C@@H]1C(=O)N(C)[C@H](CC(C)C)C(=O)N(C)[C@H](CC(C)C)C(=O)N[C@H](CC(C)C)C(=O)N(C)[C@H](C)C(=O)N[C@@H](CC(C)C)C(=O)N2CCC[C@@H]2C(=O)O[C@@H]1C,-5.36
6594,CC(=O)N1CCC[C@H]1C(=O)N(C)[C@H](CC(C)C)C(=O)N[C@@H]1C(=O)N(C)[C@H](CC(C)C)C(=O)N(C)[C@H](CC(C)C)C(=O)N[C@H](CC(C)C)C(=O)N(C)[C@@H](C)C(=O)N[C@@H](CC(C)C)C(=O)N2CCC[C@@H]2C(=O)O[C@@H]1C,-5.98
6593,CC(=O)N1CCC[C@H]1C(=O)N(C)[C@H](CC(C)C)C(=O)N[C@@H]1C(=O)N(C)[C@H](CC(C)C)C(=O)N[C@H](CC(C)C)C(=O)N(C)[C@@H](CC(C)C)C(=O)N(C)[C@@H](C)C(=O)N[C@@H](CC(C)C)C(=O)N2CCC[C@@H]2C(=O)O[C@@H]1C,-5.37
6592,CC(=O)N1CCC[C@H]1C(=O)N(C)[C@H](CC(C)C)C(=O)N[C@@H]1C(=O)N(C)[C@@H](CC(C)C)C(=O)N(C)[C@H](CC(C)C)C(=O)N(C)[C@H](CC(C)C)C(=O)N(C)[C@@H](C)C(=O)N[C@@H](CC(C)C)C(=O)N2CCC[C@@H]2C(=O)O[C@@H]1C,-5.43
6591,CC(=O)N1CCC[C@H]1C(=O)N(C)[C@H](CC(C)C)C(=O)N[C@@H]1C(=O)N(C)[C@@H](CC(C)C)C(=O)N(C)[C@H](CC(C)C)C(=O)N(C)[C@H](CC(C)C)C(=O)N[C@@H](C)C(=O)N[C@@H](CC(C)C)C(=O)N2CCC[C@@H]2C(=O)O[C@@H]1C,-5.69
6590,CC(=O)N1CCC[C@H]1C(=O)N(C)[C@H](CC(C)C)C(=O)N[C@@H]1C(=O)N(C)[C@@H](CC(C)C)C(=O)N(C)[C@H](CC(C)C)C(=O)N(C)[C@@H](CC(C)C)C(=O)N(C)[C@H](C)C(=O)N[C@@H](CC(C)C)C(=O)N2CCC[C@@H]2C(=O)O[C@@H]1C,-5.41
6589,CC(=O)N1CCC[C@H]1C(=O)N(C)[C@H](CC(C)C)C(=O)N[C@@H]1C(=O)N(C)[C@@H](CC(C)C)C(=O)N(C)[C@H](CC(C)C)C(=O)N(C)[C@@H](CC(C)C)C(=O)N(C)[C@@H](C)C(=O)N[C@@H](CC(C)C)C(=O)N2CCC[C@@H]2C(=O)O[C@@H]1C,-5.29
6588,CC(=O)N1CCC[C@H]1C(=O)N(C)[C@H](CC(C)C)C(=O)N[C@@H]1C(=O)N(C)[C@@H](CC(C)C)C(=O)N(C)[C@@H](CC(C)C)C(=O)N(C)[C@H](CC(C)C)C(=O)N(C)[C@H](C)C(=O)N[C@@H](CC(C)C)C(=O)N2CCC[C@@H]2C(=O)O[C@@H]1C,-5.17
6587,CC(=O)N1CCC[C@H]1C(=O)N(C)[C@H](CC(C)C)C(=O)N[C@@H]1C(=O)N(C)[C@@H](CC(C)C)C(=O)N(C)[C@@H](CC(C)C)C(=O)N[C@@H](CC(C)C)C(=O)N(C)[C@H](C)C(=O)N[C@@H](CC(C)C)C(=O)N2CCC[C@@H]2C(=O)O[C@@H]1C,-5.32
6586,CC(=O)N1CCC[C@H]1C(=O)N(C)[C@H](CC(C)C)C(=O)N[C@@H]1C(=O)N(C)[C@@H](CC(C)C)C(=O)N(C)[C@@H](CC(C)C)C(=O)N[C@@H](CC(C)C)C(=O)N(C)[C@@H](C)C(=O)N[C@@H](CC(C)C)C(=O)N2CCC[C@@H]2C(=O)O[C@@H]1C,-5.19
6585,CC(=O)N1CCC[C@H]1C(=O)N(C)[C@H](CC(C)C)C(=O)N[C@@H]1C(=O)N(C)[C@@H](CC(C)C)C(=O)N[C@H](CC(C)C)C(=O)N(C)[C@@H](CC(C)C)C(=O)N(C)[C@@H](C)C(=O)N[C@@H](CC(C)C)C(=O)N2CCC[C@@H]2C(=O)O[C@@H]1C,-5.55
6584,CC(=O)N1CCC[C@H]1C(=O)N(C)[C@H](CC(C)C)C(=O)N[C@@H]1C(=O)N(C)[C@@H](CC(C)C)C(=O)N[C@@H](CC(C)C)C(=O)N(C)[C@H](CC(C)C)C(=O)N(C)[C@H](C)C(=O)N[C@@H](CC(C)C)C(=O)N2CCC[C@@H]2C(=O)O[C@@H]1C,-5.33
6583,CC(=O)N1CCC[C@H]1C(=O)N(C)[C@H](CC(C)C)C(=O)N[C@@H]1C(=O)N(C)[C@@H](CC(C)C)C(=O)N[C@@H](CC(C)C)C(=O)N(C)[C@H](CC(C)C)C(=O)N(C)[C@@H](C)C(=O)N[C@@H](CC(C)C)C(=O)N2CCC[C@@H]2C(=O)O[C@@H]1C,-5.29
6582,CC(=O)N1CCC[C@H]1C(=O)N(C)[C@H](CC(C)C)C(=O)N[C@@H]1C(=O)N(C)[C@@H](CC(C)C)C(=O)N[C@@H](CC(C)C)C(=O)N(C)[C@@H](CC(C)C)C(=O)N(C)[C@@H](C)C(=O)N[C@@H](CC(C)C)C(=O)N2CCC[C@@H]2C(=O)O[C@@H]1C,-5.3
6581,CC(=O)N1CCC[C@H]1C(=O)N(C)[C@H](CC(C)C)C(=O)N[C@@H]1C(=O)N(C)[C@@H](CC(C)C)C(=O)N[C@@H](CC(C)C)C(=O)N[C@@H](CC(C)C)C(=O)N(C)[C@@H](C)C(=O)N[C@@H](CC(C)C)C(=O)N2CCC[C@@H]2C(=O)O[C@@H]1C,-6.23
6580,CC(=O)N1CCC[C@H]1C(=O)N(C)[C@H](CC(C)C)C(=O)N[C@@H]1C(=O)N[C@H](CC(C)C)C(=O)N(C)[C@H](CC(C)C)C(=O)N(C)[C@@H](CC(C)C)C(=O)N(C)[C@H](C)C(=O)N[C@@H](CC(C)C)C(=O)N2CCC[C@@H]2C(=O)O[C@@H]1C,-5.23
6579,CC(=O)N1CCC[C@H]1C(=O)N(C)[C@H](CC(C)C)C(=O)N[C@@H]1C(=O)N[C@H](CC(C)C)C(=O)N(C)[C@H](CC(C)C)C(=O)N(C)[C@@H](CC(C)C)C(=O)N[C@@H](C)C(=O)N[C@@H](CC(C)C)C(=O)N2CCC[C@@H]2C(=O)O[C@@H]1C,-5.89
6578,CC(=O)N1CCC[C@H]1C(=O)N(C)[C@H](CC(C)C)C(=O)N[C@@H]1C(=O)N[C@H](CC(C)C)C(=O)N(C)[C@H](CC(C)C)C(=O)N[C@H](CC(C)C)C(=O)N(C)[C@H](C)C(=O)N[C@@H](CC(C)C)C(=O)N2CCC[C@@H]2C(=O)O[C@@H]1C,-5.21
6577,CC(=O)N1CCC[C@H]1C(=O)N(C)[C@H](CC(C)C)C(=O)N[C@@H]1C(=O)N[C@H](CC(C)C)C(=O)N(C)[C@H](CC(C)C)C(=O)N[C@H](CC(C)C)C(=O)N(C)[C@@H](C)C(=O)N[C@@H](CC(C)C)C(=O)N2CCC[C@@H]2C(=O)O[C@@H]1C,-5.39
6576,CC(=O)N1CCC[C@H]1C(=O)N(C)[C@H](CC(C)C)C(=O)N[C@@H]1C(=O)N[C@H](CC(C)C)C(=O)N(C)[C@H](CC(C)C)C(=O)N[C@H](CC(C)C)C(=O)N[C@@H](C)C(=O)N[C@@H](CC(C)C)C(=O)N2CCC[C@@H]2C(=O)O[C@@H]1C,-5.3
6575,CC(=O)N1CCC[C@H]1C(=O)N(C)[C@H](CC(C)C)C(=O)N[C@@H]1C(=O)N[C@H](CC(C)C)C(=O)N(C)[C@H](CC(C)C)C(=O)N[C@@H](CC(C)C)C(=O)N(C)[C@@H](C)C(=O)N[C@@H](CC(C)C)C(=O)N2CCC[C@@H]2C(=O)O[C@@H]1C,-5.4
6574,CC(=O)N1CCC[C@H]1C(=O)N(C)[C@H](CC(C)C)C(=O)N[C@@H]1C(=O)N[C@H](CC(C)C)C(=O)N(C)[C@@H](CC(C)C)C(=O)N(C)[C@H](CC(C)C)C(=O)N(C)[C@H](C)C(=O)N[C@@H](CC(C)C)C(=O)N2CCC[C@@H]2C(=O)O[C@@H]1C,-5.23
6573,CC(=O)N1CCC[C@H]1C(=O)N(C)[C@H](CC(C)C)C(=O)N[C@@H]1C(=O)N[C@H](CC(C)C)C(=O)N(C)[C@@H](CC(C)C)C(=O)N(C)[C@H](CC(C)C)C(=O)N[C@@H](C)C(=O)N[C@@H](CC(C)C)C(=O)N2CCC[C@@H]2C(=O)O[C@@H]1C,-5.29
6572,CC(=O)N1CCC[C@H]1C(=O)N(C)[C@H](CC(C)C)C(=O)N[C@@H]1C(=O)N[C@H](CC(C)C)C(=O)N(C)[C@@H](CC(C)C)C(=O)N(C)[C@@H](CC(C)C)C(=O)N[C@@H](C)C(=O)N[C@@H](CC(C)C)C(=O)N2CCC[C@@H]2C(=O)O[C@@H]1C,-5.25
6571,CC(=O)N1CCC[C@H]1C(=O)N(C)[C@H](CC(C)C)C(=O)N[C@@H]1C(=O)N[C@H](CC(C)C)C(=O)N(C)[C@@H](CC(C)C)C(=O)N[C@H](CC(C)C)C(=O)N(C)[C@H](C)C(=O)N[C@@H](CC(C)C)C(=O)N2CCC[C@@H]2C(=O)O[C@@H]1C,-5.1
6570,CC(=O)N1CCC[C@H]1C(=O)N(C)[C@H](CC(C)C)C(=O)N[C@@H]1C(=O)N[C@H](CC(C)C)C(=O)N(C)[C@@H](CC(C)C)C(=O)N[C@@H](CC(C)C)C(=O)N[C@@H](C)C(=O)N[C@@H](CC(C)C)C(=O)N2CCC[C@@H]2C(=O)O[C@@H]1C,-5.57
6569,CC(=O)N1CCC[C@H]1C(=O)N(C)[C@H](CC(C)C)C(=O)N[C@@H]1C(=O)N[C@H](CC(C)C)C(=O)N[C@H](CC(C)C)C(=O)N(C)[C@@H](CC(C)C)C(=O)N(C)[C@@H](C)C(=O)N[C@@H](CC(C)C)C(=O)N2CCC[C@@H]2C(=O)O[C@@H]1C,-5.17
6568,CC(=O)N1CCC[C@H]1C(=O)N(C)[C@H](CC(C)C)C(=O)N[C@@H]1C(=O)N[C@H](CC(C)C)C(=O)N[C@H](CC(C)C)C(=O)N[C@H](CC(C)C)C(=O)N(C)[C@H](C)C(=O)N[C@@H](CC(C)C)C(=O)N2CCC[C@@H]2C(=O)O[C@@H]1C,-5.73
6567,CC(=O)N1CCC[C@H]1C(=O)N(C)[C@H](CC(C)C)C(=O)N[C@@H]1C(=O)N[C@H](CC(C)C)C(=O)N[C@H](CC(C)C)C(=O)N[C@@H](CC(C)C)C(=O)N[C@@H](C)C(=O)N[C@@H](CC(C)C)C(=O)N2CCC[C@@H]2C(=O)O[C@@H]1C,-5.53
6566,CC(=O)N1CCC[C@H]1C(=O)N(C)[C@H](CC(C)C)C(=O)N[C@@H]1C(=O)N[C@H](CC(C)C)C(=O)N[C@@H](CC(C)C)C(=O)N(C)[C@H](CC(C)C)C(=O)N[C@H](C)C(=O)N[C@@H](CC(C)C)C(=O)N2CCC[C@@H]2C(=O)O[C@@H]1C,-5.23
6565,CC(=O)N1CCC[C@H]1C(=O)N(C)[C@H](CC(C)C)C(=O)N[C@@H]1C(=O)N[C@H](CC(C)C)C(=O)N[C@@H](CC(C)C)C(=O)N(C)[C@H](CC(C)C)C(=O)N[C@@H](C)C(=O)N[C@@H](CC(C)C)C(=O)N2CCC[C@@H]2C(=O)O[C@@H]1C,-5.22
6564,CC(=O)N1CCC[C@H]1C(=O)N(C)[C@H](CC(C)C)C(=O)N[C@@H]1C(=O)N[C@H](CC(C)C)C(=O)N[C@@H](CC(C)C)C(=O)N(C)[C@@H](CC(C)C)C(=O)N(C)[C@@H](C)C(=O)N[C@@H](CC(C)C)C(=O)N2CCC[C@@H]2C(=O)O[C@@H]1C,-5.34
6563,CC(=O)N1CCC[C@H]1C(=O)N(C)[C@H](CC(C)C)C(=O)N[C@@H]1C(=O)N[C@H](CC(C)C)C(=O)N[C@@H](CC(C)C)C(=O)N(C)[C@@H](CC(C)C)C(=O)N[C@@H](C)C(=O)N[C@@H](CC(C)C)C(=O)N2CCC[C@@H]2C(=O)O[C@@H]1C,-5.21
6562,CC(=O)N1CCC[C@H]1C(=O)N(C)[C@H](CC(C)C)C(=O)N[C@@H]1C(=O)N[C@H](CC(C)C)C(=O)N[C@@H](CC(C)C)C(=O)N[C@@H](CC(C)C)C(=O)N(C)[C@@H](C)C(=O)N[C@@H](CC(C)C)C(=O)N2CCC[C@@H]2C(=O)O[C@@H]1C,-5.44
6561,CC(=O)N1CCC[C@H]1C(=O)N(C)[C@H](CC(C)C)C(=O)N[C@@H]1C(=O)N[C@@H](CC(C)C)C(=O)N(C)[C@H](CC(C)C)C(=O)N(C)[C@H](CC(C)C)C(=O)N(C)[C@H](C)C(=O)N[C@@H](CC(C)C)C(=O)N2CCC[C@@H]2C(=O)O[C@@H]1C,-5.58
6560,CC(=O)N1CCC[C@H]1C(=O)N(C)[C@H](CC(C)C)C(=O)N[C@@H]1C(=O)N[C@@H](CC(C)C)C(=O)N(C)[C@H](CC(C)C)C(=O)N(C)[C@H](CC(C)C)C(=O)N(C)[C@@H](C)C(=O)N[C@@H](CC(C)C)C(=O)N2CCC[C@@H]2C(=O)O[C@@H]1C,-5.49
6559,CC(=O)N1CCC[C@H]1C(=O)N(C)[C@H](CC(C)C)C(=O)N[C@@H]1C(=O)N[C@@H](CC(C)C)C(=O)N(C)[C@H](CC(C)C)C(=O)N(C)[C@H](CC(C)C)C(=O)N[C@H](C)C(=O)N[C@@H](CC(C)C)C(=O)N2CCC[C@@H]2C(=O)O[C@@H]1C,-5.33
6558,CC(=O)N1CCC[C@H]1C(=O)N(C)[C@H](CC(C)C)C(=O)N[C@@H]1C(=O)N[C@@H](CC(C)C)C(=O)N(C)[C@H](CC(C)C)C(=O)N[C@H](CC(C)C)C(=O)N(C)[C@H](C)C(=O)N[C@@H](CC(C)C)C(=O)N2CCC[C@@H]2C(=O)O[C@@H]1C,-5.48
6557,CC(=O)N1CCC[C@H]1C(=O)N(C)[C@H](CC(C)C)C(=O)N[C@@H]1C(=O)N[C@@H](CC(C)C)C(=O)N(C)[C@H](CC(C)C)C(=O)N[C@H](CC(C)C)C(=O)N(C)[C@@H](C)C(=O)N[C@@H](CC(C)C)C(=O)N2CCC[C@@H]2C(=O)O[C@@H]1C,-5.72
6556,CC(=O)N1CCC[C@H]1C(=O)N(C)[C@H](CC(C)C)C(=O)N[C@@H]1C(=O)N[C@@H](CC(C)C)C(=O)N(C)[C@@H](CC(C)C)C(=O)N(C)[C@H](CC(C)C)C(=O)N(C)[C@@H](C)C(=O)N[C@@H](CC(C)C)C(=O)N2CCC[C@@H]2C(=O)O[C@@H]1C,-5.32
6555,CC(=O)N1CCC[C@H]1C(=O)N(C)[C@H](CC(C)C)C(=O)N[C@@H]1C(=O)N[C@@H](CC(C)C)C(=O)N(C)[C@@H](CC(C)C)C(=O)N(C)[C@H](CC(C)C)C(=O)N[C@H](C)C(=O)N[C@@H](CC(C)C)C(=O)N2CCC[C@@H]2C(=O)O[C@@H]1C,-5.49
6554,CC(=O)N1CCC[C@H]1C(=O)N(C)[C@H](CC(C)C)C(=O)N[C@@H]1C(=O)N[C@@H](CC(C)C)C(=O)N(C)[C@@H](CC(C)C)C(=O)N[C@H](CC(C)C)C(=O)N(C)[C@@H](C)C(=O)N[C@@H](CC(C)C)C(=O)N2CCC[C@@H]2C(=O)O[C@@H]1C,-6.49
6553,CC(=O)N1CCC[C@H]1C(=O)N(C)[C@H](CC(C)C)C(=O)N[C@@H]1C(=O)N[C@@H](CC(C)C)C(=O)N(C)[C@@H](CC(C)C)C(=O)N[C@@H](CC(C)C)C(=O)N(C)[C@@H](C)C(=O)N[C@@H](CC(C)C)C(=O)N2CCC[C@@H]2C(=O)O[C@@H]1C,-5.53
6552,CC(=O)N1CCC[C@H]1C(=O)N(C)[C@H](CC(C)C)C(=O)N[C@@H]1C(=O)N[C@@H](CC(C)C)C(=O)N[C@H](CC(C)C)C(=O)N(C)[C@H](CC(C)C)C(=O)N(C)[C@H](C)C(=O)N[C@@H](CC(C)C)C(=O)N2CCC[C@@H]2C(=O)O[C@@H]1C,-6.61
6551,CC(=O)N1CCC[C@H]1C(=O)N(C)[C@H](CC(C)C)C(=O)N[C@@H]1C(=O)N[C@@H](CC(C)C)C(=O)N[C@H](CC(C)C)C(=O)N(C)[C@H](CC(C)C)C(=O)N(C)[C@@H](C)C(=O)N[C@@H](CC(C)C)C(=O)N2CCC[C@@H]2C(=O)O[C@@H]1C,-5.32
6550,CC(=O)N1CCC[C@H]1C(=O)N(C)[C@H](CC(C)C)C(=O)N[C@@H]1C(=O)N[C@@H](CC(C)C)C(=O)N[C@H](CC(C)C)C(=O)N(C)[C@H](CC(C)C)C(=O)N[C@@H](C)C(=O)N[C@@H](CC(C)C)C(=O)N2CCC[C@@H]2C(=O)O[C@@H]1C,-6.24
6549,CC(=O)N1CCC[C@H]1C(=O)N(C)[C@H](CC(C)C)C(=O)N[C@@H]1C(=O)N[C@@H](CC(C)C)C(=O)N[C@H](CC(C)C)C(=O)N(C)[C@@H](CC(C)C)C(=O)N(C)[C@@H](C)C(=O)N[C@@H](CC(C)C)C(=O)N2CCC[C@@H]2C(=O)O[C@@H]1C,-5.37
6548,CC(=O)N1CCC[C@H]1C(=O)N(C)[C@H](CC(C)C)C(=O)N[C@@H]1C(=O)N[C@@H](CC(C)C)C(=O)N[C@H](CC(C)C)C(=O)N[C@H](CC(C)C)C(=O)N[C@H](C)C(=O)N[C@@H](CC(C)C)C(=O)N2CCC[C@@H]2C(=O)O[C@@H]1C,-6.72
6547,CC(=O)N1CCC[C@H]1C(=O)N(C)[C@H](CC(C)C)C(=O)N[C@@H]1C(=O)N[C@@H](CC(C)C)C(=O)N[C@H](CC(C)C)C(=O)N[C@H](CC(C)C)C(=O)N[C@@H](C)C(=O)N[C@@H](CC(C)C)C(=O)N2CCC[C@@H]2C(=O)O[C@@H]1C,-6.5
6546,CC(=O)N1CCC[C@H]1C(=O)N(C)[C@H](CC(C)C)C(=O)N[C@@H]1C(=O)N[C@@H](CC(C)C)C(=O)N[C@@H](CC(C)C)C(=O)N(C)[C@H](CC(C)C)C(=O)N[C@@H](C)C(=O)N[C@@H](CC(C)C)C(=O)N2CCC[C@@H]2C(=O)O[C@@H]1C,-8.0
6545,CC(=O)N1CCC[C@H]1C(=O)N(C)[C@H](CC(C)C)C(=O)N[C@@H]1C(=O)N[C@@H](CC(C)C)C(=O)N[C@@H](CC(C)C)C(=O)N(C)[C@@H](CC(C)C)C(=O)N(C)[C@@H](C)C(=O)N[C@@H](CC(C)C)C(=O)N2CCC[C@@H]2C(=O)O[C@@H]1C,-5.69
6544,CC(=O)N1CCC[C@H]1C(=O)N(C)[C@H](CC(C)C)C(=O)N[C@@H]1C(=O)N[C@@H](CC(C)C)C(=O)N[C@@H](CC(C)C)C(=O)N[C@H](CC(C)C)C(=O)N[C@@H](C)C(=O)N[C@@H](CC(C)C)C(=O)N2CCC[C@@H]2C(=O)O[C@@H]1C,-6.57
6543,CC(=O)N1CCC[C@H]1C(=O)N(C)[C@H](CC(C)C)C(=O)N[C@@H]1C(=O)N[C@@H](CC(C)C)C(=O)N[C@@H](CC(C)C)C(=O)N[C@@H](CC(C)C)C(=O)N(C)[C@@H](C)C(=O)N[C@@H](CC(C)C)C(=O)N2CCC[C@@H]2C(=O)O[C@@H]1C,-6.31
6542,CC(=O)N1CCC[C@H]1C(=O)N(C)[C@H](CC(C)C)C(=O)N[C@@H]1C(=O)N(C)[C@H](CC(C)C)C(=O)N(C)[C@H](CC(C)C)C(=O)N[C@H](CC(C)C)C(=O)N(C)[C@H](C)C(=O)N[C@@H](CC(C)C)C(=O)N2CCC[C@H]2C(=O)O[C@@H]1C,-4.99
6541,CC(=O)N1CCC[C@H]1C(=O)N(C)[C@H](CC(C)C)C(=O)N[C@@H]1C(=O)N(C)[C@H](CC(C)C)C(=O)N(C)[C@@H](CC(C)C)C(=O)N(C)[C@H](CC(C)C)C(=O)N(C)[C@H](C)C(=O)N[C@@H](CC(C)C)C(=O)N2CCC[C@H]2C(=O)O[C@@H]1C,-5.47
6540,CC(=O)N1CCC[C@H]1C(=O)N(C)[C@H](CC(C)C)C(=O)N[C@@H]1C(=O)N(C)[C@H](CC(C)C)C(=O)N(C)[C@@H](CC(C)C)C(=O)N(C)[C@@H](CC(C)C)C(=O)N(C)[C@@H](C)C(=O)N[C@@H](CC(C)C)C(=O)N2CCC[C@H]2C(=O)O[C@@H]1C,-5.09
6539,CC(=O)N1CCC[C@H]1C(=O)N(C)[C@H](CC(C)C)C(=O)N[C@@H]1C(=O)N(C)[C@H](CC(C)C)C(=O)N[C@H](CC(C)C)C(=O)N(C)[C@H](CC(C)C)C(=O)N(C)[C@H](C)C(=O)N[C@@H](CC(C)C)C(=O)N2CCC[C@H]2C(=O)O[C@@H]1C,-5.1
6538,CC(=O)N1CCC[C@H]1C(=O)N(C)[C@H](CC(C)C)C(=O)N[C@@H]1C(=O)N(C)[C@H](CC(C)C)C(=O)N[C@H](CC(C)C)C(=O)N(C)[C@@H](CC(C)C)C(=O)N(C)[C@@H](C)C(=O)N[C@@H](CC(C)C)C(=O)N2CCC[C@H]2C(=O)O[C@@H]1C,-5.25
6537,CC(=O)N1CCC[C@H]1C(=O)N(C)[C@H](CC(C)C)C(=O)N[C@@H]1C(=O)N(C)[C@H](CC(C)C)C(=O)N[C@H](CC(C)C)C(=O)N[C@H](CC(C)C)C(=O)N[C@H](C)C(=O)N[C@@H](CC(C)C)C(=O)N2CCC[C@H]2C(=O)O[C@@H]1C,-5.85
6536,CC(=O)N1CCC[C@H]1C(=O)N(C)[C@H](CC(C)C)C(=O)N[C@@H]1C(=O)N(C)[C@H](CC(C)C)C(=O)N[C@H](CC(C)C)C(=O)N[C@H](CC(C)C)C(=O)N[C@@H](C)C(=O)N[C@@H](CC(C)C)C(=O)N2CCC[C@H]2C(=O)O[C@@H]1C,-6.39
6535,CC(=O)N1CCC[C@H]1C(=O)N(C)[C@H](CC(C)C)C(=O)N[C@@H]1C(=O)N(C)[C@H](CC(C)C)C(=O)N[C@H](CC(C)C)C(=O)N[C@@H](CC(C)C)C(=O)N(C)[C@@H](C)C(=O)N[C@@H](CC(C)C)C(=O)N2CCC[C@H]2C(=O)O[C@@H]1C,-6.38
6534,CC(=O)N1CCC[C@H]1C(=O)N(C)[C@H](CC(C)C)C(=O)N[C@@H]1C(=O)N(C)[C@H](CC(C)C)C(=O)N[C@H](CC(C)C)C(=O)N[C@@H](CC(C)C)C(=O)N[C@@H](C)C(=O)N[C@@H](CC(C)C)C(=O)N2CCC[C@H]2C(=O)O[C@@H]1C,-6.5
6533,CC(=O)N1CCC[C@H]1C(=O)N(C)[C@H](CC(C)C)C(=O)N[C@@H]1C(=O)N(C)[C@H](CC(C)C)C(=O)N[C@@H](CC(C)C)C(=O)N(C)[C@H](CC(C)C)C(=O)N(C)[C@H](C)C(=O)N[C@@H](CC(C)C)C(=O)N2CCC[C@H]2C(=O)O[C@@H]1C,-5.17
6532,CC(=O)N1CCC[C@H]1C(=O)N(C)[C@H](CC(C)C)C(=O)N[C@@H]1C(=O)N(C)[C@H](CC(C)C)C(=O)N[C@@H](CC(C)C)C(=O)N(C)[C@@H](CC(C)C)C(=O)N(C)[C@H](C)C(=O)N[C@@H](CC(C)C)C(=O)N2CCC[C@H]2C(=O)O[C@@H]1C,-5.11
6531,CC(=O)N1CCC[C@H]1C(=O)N(C)[C@H](CC(C)C)C(=O)N[C@@H]1C(=O)N(C)[C@H](CC(C)C)C(=O)N[C@@H](CC(C)C)C(=O)N[C@H](CC(C)C)C(=O)N(C)[C@H](C)C(=O)N[C@@H](CC(C)C)C(=O)N2CCC[C@H]2C(=O)O[C@@H]1C,-5.1
6530,CC(=O)N1CCC[C@H]1C(=O)N(C)[C@H](CC(C)C)C(=O)N[C@@H]1C(=O)N(C)[C@@H](CC(C)C)C(=O)N(C)[C@H](CC(C)C)C(=O)N(C)[C@H](CC(C)C)C(=O)N(C)[C@H](C)C(=O)N[C@@H](CC(C)C)C(=O)N2CCC[C@H]2C(=O)O[C@@H]1C,-5.58
6529,CC(=O)N1CCC[C@H]1C(=O)N(C)[C@H](CC(C)C)C(=O)N[C@@H]1C(=O)N(C)[C@@H](CC(C)C)C(=O)N(C)[C@H](CC(C)C)C(=O)N(C)[C@H](CC(C)C)C(=O)N(C)[C@@H](C)C(=O)N[C@@H](CC(C)C)C(=O)N2CCC[C@H]2C(=O)O[C@@H]1C,-5.23
6528,CC(=O)N1CCC[C@H]1C(=O)N(C)[C@H](CC(C)C)C(=O)N[C@@H]1C(=O)N(C)[C@@H](CC(C)C)C(=O)N(C)[C@H](CC(C)C)C(=O)N(C)[C@@H](CC(C)C)C(=O)N(C)[C@H](C)C(=O)N[C@@H](CC(C)C)C(=O)N2CCC[C@H]2C(=O)O[C@@H]1C,-5.31
6527,CC(=O)N1CCC[C@H]1C(=O)N(C)[C@H](CC(C)C)C(=O)N[C@@H]1C(=O)N(C)[C@@H](CC(C)C)C(=O)N(C)[C@H](CC(C)C)C(=O)N(C)[C@@H](CC(C)C)C(=O)N(C)[C@@H](C)C(=O)N[C@@H](CC(C)C)C(=O)N2CCC[C@H]2C(=O)O[C@@H]1C,-5.38
6526,CC(=O)N1CCC[C@H]1C(=O)N(C)[C@H](CC(C)C)C(=O)N[C@@H]1C(=O)N(C)[C@@H](CC(C)C)C(=O)N(C)[C@H](CC(C)C)C(=O)N[C@H](CC(C)C)C(=O)N(C)[C@H](C)C(=O)N[C@@H](CC(C)C)C(=O)N2CCC[C@H]2C(=O)O[C@@H]1C,-5.22
6525,CC(=O)N1CCC[C@H]1C(=O)N(C)[C@H](CC(C)C)C(=O)N[C@@H]1C(=O)N(C)[C@@H](CC(C)C)C(=O)N(C)[C@H](CC(C)C)C(=O)N[C@H](CC(C)C)C(=O)N(C)[C@@H](C)C(=O)N[C@@H](CC(C)C)C(=O)N2CCC[C@H]2C(=O)O[C@@H]1C,-5.72
6524,CC(=O)N1CCC[C@H]1C(=O)N(C)[C@H](CC(C)C)C(=O)N[C@@H]1C(=O)N(C)[C@@H](CC(C)C)C(=O)N(C)[C@@H](CC(C)C)C(=O)N(C)[C@H](CC(C)C)C(=O)N(C)[C@@H](C)C(=O)N[C@@H](CC(C)C)C(=O)N2CCC[C@H]2C(=O)O[C@@H]1C,-5.26
6523,CC(=O)N1CCC[C@H]1C(=O)N(C)[C@H](CC(C)C)C(=O)N[C@@H]1C(=O)N(C)[C@@H](CC(C)C)C(=O)N[C@H](CC(C)C)C(=O)N(C)[C@@H](CC(C)C)C(=O)N(C)[C@@H](C)C(=O)N[C@@H](CC(C)C)C(=O)N2CCC[C@H]2C(=O)O[C@@H]1C,-5.55
6522,CC(=O)N1CCC[C@H]1C(=O)N(C)[C@H](CC(C)C)C(=O)N[C@@H]1C(=O)N(C)[C@@H](CC(C)C)C(=O)N[C@H](CC(C)C)C(=O)N[C@@H](CC(C)C)C(=O)N[C@@H](C)C(=O)N[C@@H](CC(C)C)C(=O)N2CCC[C@H]2C(=O)O[C@@H]1C,-6.5
6521,CC(=O)N1CCC[C@H]1C(=O)N(C)[C@H](CC(C)C)C(=O)N[C@@H]1C(=O)N(C)[C@@H](CC(C)C)C(=O)N[C@@H](CC(C)C)C(=O)N(C)[C@H](CC(C)C)C(=O)N(C)[C@H](C)C(=O)N[C@@H](CC(C)C)C(=O)N2CCC[C@H]2C(=O)O[C@@H]1C,-5.13
6520,CC(=O)N1CCC[C@H]1C(=O)N(C)[C@H](CC(C)C)C(=O)N[C@@H]1C(=O)N(C)[C@@H](CC(C)C)C(=O)N[C@@H](CC(C)C)C(=O)N(C)[C@H](CC(C)C)C(=O)N(C)[C@@H](C)C(=O)N[C@@H](CC(C)C)C(=O)N2CCC[C@H]2C(=O)O[C@@H]1C,-5.2
6519,CC(=O)N1CCC[C@H]1C(=O)N(C)[C@H](CC(C)C)C(=O)N[C@@H]1C(=O)N(C)[C@@H](CC(C)C)C(=O)N[C@@H](CC(C)C)C(=O)N(C)[C@H](CC(C)C)C(=O)N[C@@H](C)C(=O)N[C@@H](CC(C)C)C(=O)N2CCC[C@H]2C(=O)O[C@@H]1C,-5.32
6518,CC(=O)N1CCC[C@H]1C(=O)N(C)[C@H](CC(C)C)C(=O)N[C@@H]1C(=O)N(C)[C@@H](CC(C)C)C(=O)N[C@@H](CC(C)C)C(=O)N(C)[C@@H](CC(C)C)C(=O)N(C)[C@@H](C)C(=O)N[C@@H](CC(C)C)C(=O)N2CCC[C@H]2C(=O)O[C@@H]1C,-5.25
6517,CC(=O)N1CCC[C@H]1C(=O)N(C)[C@H](CC(C)C)C(=O)N[C@@H]1C(=O)N(C)[C@@H](CC(C)C)C(=O)N[C@@H](CC(C)C)C(=O)N(C)[C@@H](CC(C)C)C(=O)N[C@@H](C)C(=O)N[C@@H](CC(C)C)C(=O)N2CCC[C@H]2C(=O)O[C@@H]1C,-5.18
6516,CC(=O)N1CCC[C@H]1C(=O)N(C)[C@H](CC(C)C)C(=O)N[C@@H]1C(=O)N(C)[C@@H](CC(C)C)C(=O)N[C@@H](CC(C)C)C(=O)N[C@H](CC(C)C)C(=O)N(C)[C@@H](C)C(=O)N[C@@H](CC(C)C)C(=O)N2CCC[C@H]2C(=O)O[C@@H]1C,-5.13
6515,CC(=O)N1CCC[C@H]1C(=O)N(C)[C@H](CC(C)C)C(=O)N[C@@H]1C(=O)N(C)[C@@H](CC(C)C)C(=O)N[C@@H](CC(C)C)C(=O)N[C@H](CC(C)C)C(=O)N[C@H](C)C(=O)N[C@@H](CC(C)C)C(=O)N2CCC[C@H]2C(=O)O[C@@H]1C,-5.81
6514,CC(=O)N1CCC[C@H]1C(=O)N(C)[C@H](CC(C)C)C(=O)N[C@@H]1C(=O)N[C@H](CC(C)C)C(=O)N(C)[C@H](CC(C)C)C(=O)N(C)[C@H](CC(C)C)C(=O)N[C@H](C)C(=O)N[C@@H](CC(C)C)C(=O)N2CCC[C@H]2C(=O)O[C@@H]1C,-5.18
6513,CC(=O)N1CCC[C@H]1C(=O)N(C)[C@H](CC(C)C)C(=O)N[C@@H]1C(=O)N[C@H](CC(C)C)C(=O)N(C)[C@H](CC(C)C)C(=O)N(C)[C@H](CC(C)C)C(=O)N[C@@H](C)C(=O)N[C@@H](CC(C)C)C(=O)N2CCC[C@H]2C(=O)O[C@@H]1C,-6.38
6512,CC(=O)N1CCC[C@H]1C(=O)N(C)[C@H](CC(C)C)C(=O)N[C@@H]1C(=O)N[C@H](CC(C)C)C(=O)N(C)[C@H](CC(C)C)C(=O)N(C)[C@@H](CC(C)C)C(=O)N(C)[C@@H](C)C(=O)N[C@@H](CC(C)C)C(=O)N2CCC[C@H]2C(=O)O[C@@H]1C,-5.14
6511,CC(=O)N1CCC[C@H]1C(=O)N(C)[C@H](CC(C)C)C(=O)N[C@@H]1C(=O)N[C@H](CC(C)C)C(=O)N(C)[C@H](CC(C)C)C(=O)N(C)[C@@H](CC(C)C)C(=O)N[C@@H](C)C(=O)N[C@@H](CC(C)C)C(=O)N2CCC[C@H]2C(=O)O[C@@H]1C,-5.66
6510,CC(=O)N1CCC[C@H]1C(=O)N(C)[C@H](CC(C)C)C(=O)N[C@@H]1C(=O)N[C@H](CC(C)C)C(=O)N(C)[C@H](CC(C)C)C(=O)N[C@H](CC(C)C)C(=O)N(C)[C@H](C)C(=O)N[C@@H](CC(C)C)C(=O)N2CCC[C@H]2C(=O)O[C@@H]1C,-5.4
6509,CC(=O)N1CCC[C@H]1C(=O)N(C)[C@H](CC(C)C)C(=O)N[C@@H]1C(=O)N[C@H](CC(C)C)C(=O)N(C)[C@H](CC(C)C)C(=O)N[C@@H](CC(C)C)C(=O)N(C)[C@H](C)C(=O)N[C@@H](CC(C)C)C(=O)N2CCC[C@H]2C(=O)O[C@@H]1C,-5.32
6508,CC(=O)N1CCC[C@H]1C(=O)N(C)[C@H](CC(C)C)C(=O)N[C@@H]1C(=O)N[C@H](CC(C)C)C(=O)N(C)[C@@H](CC(C)C)C(=O)N(C)[C@H](CC(C)C)C(=O)N(C)[C@H](C)C(=O)N[C@@H](CC(C)C)C(=O)N2CCC[C@H]2C(=O)O[C@@H]1C,-5.22
6507,CC(=O)N1CCC[C@H]1C(=O)N(C)[C@H](CC(C)C)C(=O)N[C@@H]1C(=O)N[C@H](CC(C)C)C(=O)N(C)[C@@H](CC(C)C)C(=O)N(C)[C@H](CC(C)C)C(=O)N(C)[C@@H](C)C(=O)N[C@@H](CC(C)C)C(=O)N2CCC[C@H]2C(=O)O[C@@H]1C,-5.29
6506,CC(=O)N1CCC[C@H]1C(=O)N(C)[C@H](CC(C)C)C(=O)N[C@@H]1C(=O)N[C@H](CC(C)C)C(=O)N(C)[C@@H](CC(C)C)C(=O)N(C)[C@H](CC(C)C)C(=O)N[C@H](C)C(=O)N[C@@H](CC(C)C)C(=O)N2CCC[C@H]2C(=O)O[C@@H]1C,-5.63
6505,CC(=O)N1CCC[C@H]1C(=O)N(C)[C@H](CC(C)C)C(=O)N[C@@H]1C(=O)N[C@H](CC(C)C)C(=O)N(C)[C@@H](CC(C)C)C(=O)N[C@H](CC(C)C)C(=O)N[C@H](C)C(=O)N[C@@H](CC(C)C)C(=O)N2CCC[C@H]2C(=O)O[C@@H]1C,-5.93
6504,CC(=O)N1CCC[C@H]1C(=O)N(C)[C@H](CC(C)C)C(=O)N[C@@H]1C(=O)N[C@H](CC(C)C)C(=O)N[C@H](CC(C)C)C(=O)N(C)[C@H](CC(C)C)C(=O)N(C)[C@H](C)C(=O)N[C@@H](CC(C)C)C(=O)N2CCC[C@H]2C(=O)O[C@@H]1C,-5.49
6503,CC(=O)N1CCC[C@H]1C(=O)N(C)[C@H](CC(C)C)C(=O)N[C@@H]1C(=O)N[C@H](CC(C)C)C(=O)N[C@H](CC(C)C)C(=O)N(C)[C@H](CC(C)C)C(=O)N(C)[C@@H](C)C(=O)N[C@@H](CC(C)C)C(=O)N2CCC[C@H]2C(=O)O[C@@H]1C,-5.69
6502,CC(=O)N1CCC[C@H]1C(=O)N(C)[C@H](CC(C)C)C(=O)N[C@@H]1C(=O)N[C@H](CC(C)C)C(=O)N[C@H](CC(C)C)C(=O)N(C)[C@@H](CC(C)C)C(=O)N(C)[C@@H](C)C(=O)N[C@@H](CC(C)C)C(=O)N2CCC[C@H]2C(=O)O[C@@H]1C,-5.56
6501,CC(=O)N1CCC[C@H]1C(=O)N(C)[C@H](CC(C)C)C(=O)N[C@@H]1C(=O)N[C@H](CC(C)C)C(=O)N[C@H](CC(C)C)C(=O)N[C@H](CC(C)C)C(=O)N[C@@H](C)C(=O)N[C@@H](CC(C)C)C(=O)N2CCC[C@H]2C(=O)O[C@@H]1C,-6.62
6500,CC(=O)N1CCC[C@H]1C(=O)N(C)[C@H](CC(C)C)C(=O)N[C@@H]1C(=O)N[C@H](CC(C)C)C(=O)N[C@H](CC(C)C)C(=O)N[C@@H](CC(C)C)C(=O)N[C@@H](C)C(=O)N[C@@H](CC(C)C)C(=O)N2CCC[C@H]2C(=O)O[C@@H]1C,-6.79
6499,CC(=O)N1CCC[C@H]1C(=O)N(C)[C@H](CC(C)C)C(=O)N[C@@H]1C(=O)N[C@H](CC(C)C)C(=O)N[C@@H](CC(C)C)C(=O)N(C)[C@H](CC(C)C)C(=O)N(C)[C@H](C)C(=O)N[C@@H](CC(C)C)C(=O)N2CCC[C@H]2C(=O)O[C@@H]1C,-5.13
6498,CC(=O)N1CCC[C@H]1C(=O)N(C)[C@H](CC(C)C)C(=O)N[C@@H]1C(=O)N[C@H](CC(C)C)C(=O)N[C@@H](CC(C)C)C(=O)N(C)[C@@H](CC(C)C)C(=O)N(C)[C@H](C)C(=O)N[C@@H](CC(C)C)C(=O)N2CCC[C@H]2C(=O)O[C@@H]1C,-5.15
6497,CC(=O)N1CCC[C@H]1C(=O)N(C)[C@H](CC(C)C)C(=O)N[C@@H]1C(=O)N[C@H](CC(C)C)C(=O)N[C@@H](CC(C)C)C(=O)N(C)[C@@H](CC(C)C)C(=O)N[C@@H](C)C(=O)N[C@@H](CC(C)C)C(=O)N2CCC[C@H]2C(=O)O[C@@H]1C,-5.19
6496,CC(=O)N1CCC[C@H]1C(=O)N(C)[C@H](CC(C)C)C(=O)N[C@@H]1C(=O)N[C@H](CC(C)C)C(=O)N[C@@H](CC(C)C)C(=O)N[C@H](CC(C)C)C(=O)N(C)[C@H](C)C(=O)N[C@@H](CC(C)C)C(=O)N2CCC[C@H]2C(=O)O[C@@H]1C,-5.06
6495,CC(=O)N1CCC[C@H]1C(=O)N(C)[C@H](CC(C)C)C(=O)N[C@@H]1C(=O)N[C@H](CC(C)C)C(=O)N[C@@H](CC(C)C)C(=O)N[C@H](CC(C)C)C(=O)N(C)[C@@H](C)C(=O)N[C@@H](CC(C)C)C(=O)N2CCC[C@H]2C(=O)O[C@@H]1C,-5.13
6494,CC(=O)N1CCC[C@H]1C(=O)N(C)[C@H](CC(C)C)C(=O)N[C@@H]1C(=O)N[C@H](CC(C)C)C(=O)N[C@@H](CC(C)C)C(=O)N[C@@H](CC(C)C)C(=O)N(C)[C@@H](C)C(=O)N[C@@H](CC(C)C)C(=O)N2CCC[C@H]2C(=O)O[C@@H]1C,-5.89
6493,CC(=O)N1CCC[C@H]1C(=O)N(C)[C@H](CC(C)C)C(=O)N[C@@H]1C(=O)N[C@@H](CC(C)C)C(=O)N(C)[C@H](CC(C)C)C(=O)N(C)[C@@H](CC(C)C)C(=O)N(C)[C@@H](C)C(=O)N[C@@H](CC(C)C)C(=O)N2CCC[C@H]2C(=O)O[C@@H]1C,-5.4
6492,CC(=O)N1CCC[C@H]1C(=O)N(C)[C@H](CC(C)C)C(=O)N[C@@H]1C(=O)N[C@@H](CC(C)C)C(=O)N(C)[C@H](CC(C)C)C(=O)N[C@@H](CC(C)C)C(=O)N(C)[C@H](C)C(=O)N[C@@H](CC(C)C)C(=O)N2CCC[C@H]2C(=O)O[C@@H]1C,-5.89
6491,CC(=O)N1CCC[C@H]1C(=O)N(C)[C@H](CC(C)C)C(=O)N[C@@H]1C(=O)N[C@@H](CC(C)C)C(=O)N(C)[C@@H](CC(C)C)C(=O)N(C)[C@H](CC(C)C)C(=O)N(C)[C@H](C)C(=O)N[C@@H](CC(C)C)C(=O)N2CCC[C@H]2C(=O)O[C@@H]1C,-5.64
6490,CC(=O)N1CCC[C@H]1C(=O)N(C)[C@H](CC(C)C)C(=O)N[C@@H]1C(=O)N[C@@H](CC(C)C)C(=O)N(C)[C@@H](CC(C)C)C(=O)N(C)[C@H](CC(C)C)C(=O)N[C@@H](C)C(=O)N[C@@H](CC(C)C)C(=O)N2CCC[C@H]2C(=O)O[C@@H]1C,-6.63
6489,CC(=O)N1CCC[C@H]1C(=O)N(C)[C@H](CC(C)C)C(=O)N[C@@H]1C(=O)N[C@@H](CC(C)C)C(=O)N(C)[C@@H](CC(C)C)C(=O)N[C@H](CC(C)C)C(=O)N[C@@H](C)C(=O)N[C@@H](CC(C)C)C(=O)N2CCC[C@H]2C(=O)O[C@@H]1C,-6.89
6488,CC(=O)N1CCC[C@H]1C(=O)N(C)[C@H](CC(C)C)C(=O)N[C@@H]1C(=O)N[C@@H](CC(C)C)C(=O)N[C@H](CC(C)C)C(=O)N(C)[C@H](CC(C)C)C(=O)N[C@H](C)C(=O)N[C@@H](CC(C)C)C(=O)N2CCC[C@H]2C(=O)O[C@@H]1C,-6.43
6487,CC(=O)N1CCC[C@H]1C(=O)N(C)[C@H](CC(C)C)C(=O)N[C@@H]1C(=O)N[C@@H](CC(C)C)C(=O)N[C@H](CC(C)C)C(=O)N(C)[C@H](CC(C)C)C(=O)N[C@@H](C)C(=O)N[C@@H](CC(C)C)C(=O)N2CCC[C@H]2C(=O)O[C@@H]1C,-6.83
6486,CC(=O)N1CCC[C@H]1C(=O)N(C)[C@H](CC(C)C)C(=O)N[C@@H]1C(=O)N[C@@H](CC(C)C)C(=O)N[C@H](CC(C)C)C(=O)N(C)[C@@H](CC(C)C)C(=O)N(C)[C@@H](C)C(=O)N[C@@H](CC(C)C)C(=O)N2CCC[C@H]2C(=O)O[C@@H]1C,-5.89
6485,CC(=O)N1CCC[C@H]1C(=O)N(C)[C@H](CC(C)C)C(=O)N[C@@H]1C(=O)N[C@@H](CC(C)C)C(=O)N[C@H](CC(C)C)C(=O)N(C)[C@@H](CC(C)C)C(=O)N[C@@H](C)C(=O)N[C@@H](CC(C)C)C(=O)N2CCC[C@H]2C(=O)O[C@@H]1C,-6.45
6484,CC(=O)N1CCC[C@H]1C(=O)N(C)[C@H](CC(C)C)C(=O)N[C@@H]1C(=O)N[C@@H](CC(C)C)C(=O)N[C@H](CC(C)C)C(=O)N[C@H](CC(C)C)C(=O)N[C@H](C)C(=O)N[C@@H](CC(C)C)C(=O)N2CCC[C@H]2C(=O)O[C@@H]1C,-6.68
6483,CC(=O)N1CCC[C@H]1C(=O)N(C)[C@H](CC(C)C)C(=O)N[C@@H]1C(=O)N[C@@H](CC(C)C)C(=O)N[C@H](CC(C)C)C(=O)N[C@H](CC(C)C)C(=O)N[C@@H](C)C(=O)N[C@@H](CC(C)C)C(=O)N2CCC[C@H]2C(=O)O[C@@H]1C,-6.66
6482,CC(=O)N1CCC[C@H]1C(=O)N(C)[C@H](CC(C)C)C(=O)N[C@@H]1C(=O)N[C@@H](CC(C)C)C(=O)N[C@H](CC(C)C)C(=O)N[C@@H](CC(C)C)C(=O)N[C@@H](C)C(=O)N[C@@H](CC(C)C)C(=O)N2CCC[C@H]2C(=O)O[C@@H]1C,-7.26
6481,CC(=O)N1CCC[C@H]1C(=O)N(C)[C@H](CC(C)C)C(=O)N[C@@H]1C(=O)N[C@@H](CC(C)C)C(=O)N[C@@H](CC(C)C)C(=O)N(C)[C@H](CC(C)C)C(=O)N(C)[C@H](C)C(=O)N[C@@H](CC(C)C)C(=O)N2CCC[C@H]2C(=O)O[C@@H]1C,-5.44
6480,CC(=O)N1CCC[C@H]1C(=O)N(C)[C@H](CC(C)C)C(=O)N[C@@H]1C(=O)N[C@@H](CC(C)C)C(=O)N[C@@H](CC(C)C)C(=O)N(C)[C@H](CC(C)C)C(=O)N(C)[C@@H](C)C(=O)N[C@@H](CC(C)C)C(=O)N2CCC[C@H]2C(=O)O[C@@H]1C,-5.65
6479,CC(=O)N1CCC[C@H]1C(=O)N(C)[C@H](CC(C)C)C(=O)N[C@@H]1C(=O)N[C@@H](CC(C)C)C(=O)N[C@@H](CC(C)C)C(=O)N(C)[C@H](CC(C)C)C(=O)N[C@@H](C)C(=O)N[C@@H](CC(C)C)C(=O)N2CCC[C@H]2C(=O)O[C@@H]1C,-6.11
6478,CC(=O)N1CCC[C@H]1C(=O)N(C)[C@H](CC(C)C)C(=O)N[C@@H]1C(=O)N[C@@H](CC(C)C)C(=O)N[C@@H](CC(C)C)C(=O)N(C)[C@@H](CC(C)C)C(=O)N(C)[C@@H](C)C(=O)N[C@@H](CC(C)C)C(=O)N2CCC[C@H]2C(=O)O[C@@H]1C,-5.94
6477,CC(=O)N1CCC[C@H]1C(=O)N(C)[C@H](CC(C)C)C(=O)N[C@@H]1C(=O)N[C@@H](CC(C)C)C(=O)N[C@@H](CC(C)C)C(=O)N(C)[C@@H](CC(C)C)C(=O)N[C@@H](C)C(=O)N[C@@H](CC(C)C)C(=O)N2CCC[C@H]2C(=O)O[C@@H]1C,-5.9
6476,CC(=O)N1CCC[C@H]1C(=O)N(C)[C@H](CC(C)C)C(=O)N[C@@H]1C(=O)N[C@@H](CC(C)C)C(=O)N[C@@H](CC(C)C)C(=O)N[C@H](CC(C)C)C(=O)N(C)[C@@H](C)C(=O)N[C@@H](CC(C)C)C(=O)N2CCC[C@H]2C(=O)O[C@@H]1C,-5.14
6475,CC(=O)N1CCC[C@H]1C(=O)N(C)[C@H](CC(C)C)C(=O)N[C@@H]1C(=O)N[C@@H](CC(C)C)C(=O)N[C@@H](CC(C)C)C(=O)N[C@H](CC(C)C)C(=O)N[C@H](C)C(=O)N[C@@H](CC(C)C)C(=O)N2CCC[C@H]2C(=O)O[C@@H]1C,-6.31
6474,CC(=O)N1CCC[C@H]1C(=O)N(C)[C@H](CC(C)C)C(=O)N[C@@H]1C(=O)N[C@@H](CC(C)C)C(=O)N[C@@H](CC(C)C)C(=O)N[C@H](CC(C)C)C(=O)N[C@@H](C)C(=O)N[C@@H](CC(C)C)C(=O)N2CCC[C@H]2C(=O)O[C@@H]1C,-6.35
6473,CC(=O)N1CCC[C@H]1C(=O)N(C)[C@H](CC(C)C)C(=O)N[C@@H]1C(=O)N[C@@H](CC(C)C)C(=O)N[C@@H](CC(C)C)C(=O)N[C@@H](CC(C)C)C(=O)N(C)[C@@H](C)C(=O)N[C@@H](CC(C)C)C(=O)N2CCC[C@H]2C(=O)O[C@@H]1C,-6.65
6472,CC(=O)N1CCC[C@@H]1C(=O)N(C)[C@@H](CC(C)C)C(=O)N[C@@H]1C(=O)N(C)[C@H](CC(C)C)C(=O)N(C)[C@H](CC(C)C)C(=O)N(C)[C@@H](CC(C)C)C(=O)N(C)[C@@H](C)C(=O)N[C@@H](CC(C)C)C(=O)N2CCC[C@@H]2C(=O)O[C@@H]1C,-5.42
6471,CC(=O)N1CCC[C@@H]1C(=O)N(C)[C@@H](CC(C)C)C(=O)N[C@@H]1C(=O)N(C)[C@H](CC(C)C)C(=O)N(C)[C@H](CC(C)C)C(=O)N[C@H](CC(C)C)C(=O)N(C)[C@H](C)C(=O)N[C@@H](CC(C)C)C(=O)N2CCC[C@@H]2C(=O)O[C@@H]1C,-5.09
6470,CC(=O)N1CCC[C@@H]1C(=O)N(C)[C@@H](CC(C)C)C(=O)N[C@@H]1C(=O)N(C)[C@H](CC(C)C)C(=O)N(C)[C@H](CC(C)C)C(=O)N[C@H](CC(C)C)C(=O)N(C)[C@@H](C)C(=O)N[C@@H](CC(C)C)C(=O)N2CCC[C@@H]2C(=O)O[C@@H]1C,-5.32
6469,CC(=O)N1CCC[C@@H]1C(=O)N(C)[C@@H](CC(C)C)C(=O)N[C@@H]1C(=O)N(C)[C@H](CC(C)C)C(=O)N(C)[C@H](CC(C)C)C(=O)N[C@@H](CC(C)C)C(=O)N(C)[C@H](C)C(=O)N[C@@H](CC(C)C)C(=O)N2CCC[C@@H]2C(=O)O[C@@H]1C,-5.53
6468,CC(=O)N1CCC[C@@H]1C(=O)N(C)[C@@H](CC(C)C)C(=O)N[C@@H]1C(=O)N(C)[C@H](CC(C)C)C(=O)N(C)[C@@H](CC(C)C)C(=O)N(C)[C@H](CC(C)C)C(=O)N(C)[C@H](C)C(=O)N[C@@H](CC(C)C)C(=O)N2CCC[C@@H]2C(=O)O[C@@H]1C,-5.05
6467,CC(=O)N1CCC[C@@H]1C(=O)N(C)[C@@H](CC(C)C)C(=O)N[C@@H]1C(=O)N(C)[C@H](CC(C)C)C(=O)N(C)[C@@H](CC(C)C)C(=O)N(C)[C@H](CC(C)C)C(=O)N(C)[C@@H](C)C(=O)N[C@@H](CC(C)C)C(=O)N2CCC[C@@H]2C(=O)O[C@@H]1C,-6.1
6466,CC(=O)N1CCC[C@@H]1C(=O)N(C)[C@@H](CC(C)C)C(=O)N[C@@H]1C(=O)N(C)[C@H](CC(C)C)C(=O)N(C)[C@@H](CC(C)C)C(=O)N(C)[C@H](CC(C)C)C(=O)N[C@@H](C)C(=O)N[C@@H](CC(C)C)C(=O)N2CCC[C@@H]2C(=O)O[C@@H]1C,-5.14
6465,CC(=O)N1CCC[C@@H]1C(=O)N(C)[C@@H](CC(C)C)C(=O)N[C@@H]1C(=O)N(C)[C@H](CC(C)C)C(=O)N(C)[C@@H](CC(C)C)C(=O)N[C@H](CC(C)C)C(=O)N(C)[C@H](C)C(=O)N[C@@H](CC(C)C)C(=O)N2CCC[C@@H]2C(=O)O[C@@H]1C,-5.03
6464,CC(=O)N1CCC[C@@H]1C(=O)N(C)[C@@H](CC(C)C)C(=O)N[C@@H]1C(=O)N(C)[C@H](CC(C)C)C(=O)N(C)[C@@H](CC(C)C)C(=O)N[C@H](CC(C)C)C(=O)N(C)[C@@H](C)C(=O)N[C@@H](CC(C)C)C(=O)N2CCC[C@@H]2C(=O)O[C@@H]1C,-5.58
6463,CC(=O)N1CCC[C@@H]1C(=O)N(C)[C@@H](CC(C)C)C(=O)N[C@@H]1C(=O)N(C)[C@H](CC(C)C)C(=O)N(C)[C@@H](CC(C)C)C(=O)N[C@@H](CC(C)C)C(=O)N(C)[C@H](C)C(=O)N[C@@H](CC(C)C)C(=O)N2CCC[C@@H]2C(=O)O[C@@H]1C,-6.01
6462,CC(=O)N1CCC[C@@H]1C(=O)N(C)[C@@H](CC(C)C)C(=O)N[C@@H]1C(=O)N(C)[C@H](CC(C)C)C(=O)N[C@H](CC(C)C)C(=O)N(C)[C@H](CC(C)C)C(=O)N[C@H](C)C(=O)N[C@@H](CC(C)C)C(=O)N2CCC[C@@H]2C(=O)O[C@@H]1C,-5.79
6461,CC(=O)N1CCC[C@@H]1C(=O)N(C)[C@@H](CC(C)C)C(=O)N[C@@H]1C(=O)N(C)[C@H](CC(C)C)C(=O)N[C@H](CC(C)C)C(=O)N(C)[C@H](CC(C)C)C(=O)N[C@@H](C)C(=O)N[C@@H](CC(C)C)C(=O)N2CCC[C@@H]2C(=O)O[C@@H]1C,-6.35
6460,CC(=O)N1CCC[C@@H]1C(=O)N(C)[C@@H](CC(C)C)C(=O)N[C@@H]1C(=O)N(C)[C@H](CC(C)C)C(=O)N[C@H](CC(C)C)C(=O)N[C@H](CC(C)C)C(=O)N[C@@H](C)C(=O)N[C@@H](CC(C)C)C(=O)N2CCC[C@@H]2C(=O)O[C@@H]1C,-6.14
6459,CC(=O)N1CCC[C@@H]1C(=O)N(C)[C@@H](CC(C)C)C(=O)N[C@@H]1C(=O)N(C)[C@H](CC(C)C)C(=O)N[C@H](CC(C)C)C(=O)N[C@@H](CC(C)C)C(=O)N(C)[C@H](C)C(=O)N[C@@H](CC(C)C)C(=O)N2CCC[C@@H]2C(=O)O[C@@H]1C,-6.18
6458,CC(=O)N1CCC[C@@H]1C(=O)N(C)[C@@H](CC(C)C)C(=O)N[C@@H]1C(=O)N(C)[C@H](CC(C)C)C(=O)N[C@H](CC(C)C)C(=O)N[C@@H](CC(C)C)C(=O)N[C@@H](C)C(=O)N[C@@H](CC(C)C)C(=O)N2CCC[C@@H]2C(=O)O[C@@H]1C,-6.87
6457,CC(=O)N1CCC[C@@H]1C(=O)N(C)[C@@H](CC(C)C)C(=O)N[C@@H]1C(=O)N(C)[C@H](CC(C)C)C(=O)N[C@@H](CC(C)C)C(=O)N(C)[C@H](CC(C)C)C(=O)N(C)[C@H](C)C(=O)N[C@@H](CC(C)C)C(=O)N2CCC[C@@H]2C(=O)O[C@@H]1C,-5.67
6456,CC(=O)N1CCC[C@@H]1C(=O)N(C)[C@@H](CC(C)C)C(=O)N[C@@H]1C(=O)N(C)[C@H](CC(C)C)C(=O)N[C@@H](CC(C)C)C(=O)N(C)[C@@H](CC(C)C)C(=O)N(C)[C@H](C)C(=O)N[C@@H](CC(C)C)C(=O)N2CCC[C@@H]2C(=O)O[C@@H]1C,-5.17
6455,CC(=O)N1CCC[C@@H]1C(=O)N(C)[C@@H](CC(C)C)C(=O)N[C@@H]1C(=O)N(C)[C@@H](CC(C)C)C(=O)N(C)[C@H](CC(C)C)C(=O)N(C)[C@H](CC(C)C)C(=O)N(C)[C@@H](C)C(=O)N[C@@H](CC(C)C)C(=O)N2CCC[C@@H]2C(=O)O[C@@H]1C,-5.42
6454,CC(=O)N1CCC[C@@H]1C(=O)N(C)[C@@H](CC(C)C)C(=O)N[C@@H]1C(=O)N(C)[C@@H](CC(C)C)C(=O)N(C)[C@H](CC(C)C)C(=O)N(C)[C@@H](CC(C)C)C(=O)N(C)[C@H](C)C(=O)N[C@@H](CC(C)C)C(=O)N2CCC[C@@H]2C(=O)O[C@@H]1C,-5.35
6453,CC(=O)N1CCC[C@@H]1C(=O)N(C)[C@@H](CC(C)C)C(=O)N[C@@H]1C(=O)N(C)[C@@H](CC(C)C)C(=O)N(C)[C@H](CC(C)C)C(=O)N(C)[C@@H](CC(C)C)C(=O)N(C)[C@@H](C)C(=O)N[C@@H](CC(C)C)C(=O)N2CCC[C@@H]2C(=O)O[C@@H]1C,-6.09
6452,CC(=O)N1CCC[C@@H]1C(=O)N(C)[C@@H](CC(C)C)C(=O)N[C@@H]1C(=O)N(C)[C@@H](CC(C)C)C(=O)N(C)[C@@H](CC(C)C)C(=O)N(C)[C@H](CC(C)C)C(=O)N(C)[C@H](C)C(=O)N[C@@H](CC(C)C)C(=O)N2CCC[C@@H]2C(=O)O[C@@H]1C,-5.05
6451,CC(=O)N1CCC[C@@H]1C(=O)N(C)[C@@H](CC(C)C)C(=O)N[C@@H]1C(=O)N(C)[C@@H](CC(C)C)C(=O)N(C)[C@@H](CC(C)C)C(=O)N(C)[C@@H](CC(C)C)C(=O)N[C@@H](C)C(=O)N[C@@H](CC(C)C)C(=O)N2CCC[C@@H]2C(=O)O[C@@H]1C,-5.56
6450,CC(=O)N1CCC[C@@H]1C(=O)N(C)[C@@H](CC(C)C)C(=O)N[C@@H]1C(=O)N(C)[C@@H](CC(C)C)C(=O)N(C)[C@@H](CC(C)C)C(=O)N[C@@H](CC(C)C)C(=O)N(C)[C@H](C)C(=O)N[C@@H](CC(C)C)C(=O)N2CCC[C@@H]2C(=O)O[C@@H]1C,-5.41
6449,CC(=O)N1CCC[C@@H]1C(=O)N(C)[C@@H](CC(C)C)C(=O)N[C@@H]1C(=O)N(C)[C@@H](CC(C)C)C(=O)N(C)[C@@H](CC(C)C)C(=O)N[C@@H](CC(C)C)C(=O)N[C@@H](C)C(=O)N[C@@H](CC(C)C)C(=O)N2CCC[C@@H]2C(=O)O[C@@H]1C,-6.61
6448,CC(=O)N1CCC[C@@H]1C(=O)N(C)[C@@H](CC(C)C)C(=O)N[C@@H]1C(=O)N(C)[C@@H](CC(C)C)C(=O)N[C@H](CC(C)C)C(=O)N(C)[C@H](CC(C)C)C(=O)N(C)[C@@H](C)C(=O)N[C@@H](CC(C)C)C(=O)N2CCC[C@@H]2C(=O)O[C@@H]1C,-5.44
6447,CC(=O)N1CCC[C@@H]1C(=O)N(C)[C@@H](CC(C)C)C(=O)N[C@@H]1C(=O)N(C)[C@@H](CC(C)C)C(=O)N[C@H](CC(C)C)C(=O)N(C)[C@@H](CC(C)C)C(=O)N(C)[C@@H](C)C(=O)N[C@@H](CC(C)C)C(=O)N2CCC[C@@H]2C(=O)O[C@@H]1C,-5.66
6446,CC(=O)N1CCC[C@@H]1C(=O)N(C)[C@@H](CC(C)C)C(=O)N[C@@H]1C(=O)N(C)[C@@H](CC(C)C)C(=O)N[C@H](CC(C)C)C(=O)N[C@H](CC(C)C)C(=O)N(C)[C@H](C)C(=O)N[C@@H](CC(C)C)C(=O)N2CCC[C@@H]2C(=O)O[C@@H]1C,-5.39
6445,CC(=O)N1CCC[C@@H]1C(=O)N(C)[C@@H](CC(C)C)C(=O)N[C@@H]1C(=O)N(C)[C@@H](CC(C)C)C(=O)N[C@H](CC(C)C)C(=O)N[C@H](CC(C)C)C(=O)N[C@@H](C)C(=O)N[C@@H](CC(C)C)C(=O)N2CCC[C@@H]2C(=O)O[C@@H]1C,-6.63
6444,CC(=O)N1CCC[C@@H]1C(=O)N(C)[C@@H](CC(C)C)C(=O)N[C@@H]1C(=O)N(C)[C@@H](CC(C)C)C(=O)N[C@H](CC(C)C)C(=O)N[C@@H](CC(C)C)C(=O)N[C@@H](C)C(=O)N[C@@H](CC(C)C)C(=O)N2CCC[C@@H]2C(=O)O[C@@H]1C,-7.06
6443,CC(=O)N1CCC[C@@H]1C(=O)N(C)[C@@H](CC(C)C)C(=O)N[C@@H]1C(=O)N(C)[C@@H](CC(C)C)C(=O)N[C@@H](CC(C)C)C(=O)N(C)[C@@H](CC(C)C)C(=O)N(C)[C@@H](C)C(=O)N[C@@H](CC(C)C)C(=O)N2CCC[C@@H]2C(=O)O[C@@H]1C,-5.62
6442,CC(=O)N1CCC[C@@H]1C(=O)N(C)[C@@H](CC(C)C)C(=O)N[C@@H]1C(=O)N(C)[C@@H](CC(C)C)C(=O)N[C@@H](CC(C)C)C(=O)N(C)[C@@H](CC(C)C)C(=O)N[C@@H](C)C(=O)N[C@@H](CC(C)C)C(=O)N2CCC[C@@H]2C(=O)O[C@@H]1C,-5.85
6441,CC(=O)N1CCC[C@@H]1C(=O)N(C)[C@@H](CC(C)C)C(=O)N[C@@H]1C(=O)N(C)[C@@H](CC(C)C)C(=O)N[C@@H](CC(C)C)C(=O)N[C@@H](CC(C)C)C(=O)N(C)[C@@H](C)C(=O)N[C@@H](CC(C)C)C(=O)N2CCC[C@@H]2C(=O)O[C@@H]1C,-6.36
6440,CC(=O)N1CCC[C@@H]1C(=O)N(C)[C@@H](CC(C)C)C(=O)N[C@@H]1C(=O)N(C)[C@@H](CC(C)C)C(=O)N[C@@H](CC(C)C)C(=O)N[C@@H](CC(C)C)C(=O)N[C@@H](C)C(=O)N[C@@H](CC(C)C)C(=O)N2CCC[C@@H]2C(=O)O[C@@H]1C,-7.29
6439,CC(=O)N1CCC[C@@H]1C(=O)N(C)[C@@H](CC(C)C)C(=O)N[C@@H]1C(=O)N[C@H](CC(C)C)C(=O)N(C)[C@H](CC(C)C)C(=O)N(C)[C@H](CC(C)C)C(=O)N[C@H](C)C(=O)N[C@@H](CC(C)C)C(=O)N2CCC[C@@H]2C(=O)O[C@@H]1C,-5.56
6438,CC(=O)N1CCC[C@@H]1C(=O)N(C)[C@@H](CC(C)C)C(=O)N[C@@H]1C(=O)N[C@H](CC(C)C)C(=O)N(C)[C@H](CC(C)C)C(=O)N(C)[C@@H](CC(C)C)C(=O)N(C)[C@@H](C)C(=O)N[C@@H](CC(C)C)C(=O)N2CCC[C@@H]2C(=O)O[C@@H]1C,-5.28
6437,CC(=O)N1CCC[C@@H]1C(=O)N(C)[C@@H](CC(C)C)C(=O)N[C@@H]1C(=O)N[C@H](CC(C)C)C(=O)N(C)[C@H](CC(C)C)C(=O)N[C@H](CC(C)C)C(=O)N(C)[C@H](C)C(=O)N[C@@H](CC(C)C)C(=O)N2CCC[C@@H]2C(=O)O[C@@H]1C,-5.07
6436,CC(=O)N1CCC[C@@H]1C(=O)N(C)[C@@H](CC(C)C)C(=O)N[C@@H]1C(=O)N[C@H](CC(C)C)C(=O)N(C)[C@H](CC(C)C)C(=O)N[C@@H](CC(C)C)C(=O)N(C)[C@@H](C)C(=O)N[C@@H](CC(C)C)C(=O)N2CCC[C@@H]2C(=O)O[C@@H]1C,-5.28
6435,CC(=O)N1CCC[C@@H]1C(=O)N(C)[C@@H](CC(C)C)C(=O)N[C@@H]1C(=O)N[C@H](CC(C)C)C(=O)N(C)[C@H](CC(C)C)C(=O)N[C@@H](CC(C)C)C(=O)N[C@@H](C)C(=O)N[C@@H](CC(C)C)C(=O)N2CCC[C@@H]2C(=O)O[C@@H]1C,-5.93
6434,CC(=O)N1CCC[C@@H]1C(=O)N(C)[C@@H](CC(C)C)C(=O)N[C@@H]1C(=O)N[C@H](CC(C)C)C(=O)N(C)[C@@H](CC(C)C)C(=O)N(C)[C@H](CC(C)C)C(=O)N(C)[C@H](C)C(=O)N[C@@H](CC(C)C)C(=O)N2CCC[C@@H]2C(=O)O[C@@H]1C,-5.22
6433,CC(=O)N1CCC[C@@H]1C(=O)N(C)[C@@H](CC(C)C)C(=O)N[C@@H]1C(=O)N[C@H](CC(C)C)C(=O)N(C)[C@@H](CC(C)C)C(=O)N(C)[C@H](CC(C)C)C(=O)N(C)[C@@H](C)C(=O)N[C@@H](CC(C)C)C(=O)N2CCC[C@@H]2C(=O)O[C@@H]1C,-5.66
6432,CC(=O)N1CCC[C@@H]1C(=O)N(C)[C@@H](CC(C)C)C(=O)N[C@@H]1C(=O)N[C@H](CC(C)C)C(=O)N(C)[C@@H](CC(C)C)C(=O)N(C)[C@@H](CC(C)C)C(=O)N(C)[C@@H](C)C(=O)N[C@@H](CC(C)C)C(=O)N2CCC[C@@H]2C(=O)O[C@@H]1C,-5.85
6431,CC(=O)N1CCC[C@@H]1C(=O)N(C)[C@@H](CC(C)C)C(=O)N[C@@H]1C(=O)N[C@H](CC(C)C)C(=O)N(C)[C@@H](CC(C)C)C(=O)N(C)[C@@H](CC(C)C)C(=O)N[C@@H](C)C(=O)N[C@@H](CC(C)C)C(=O)N2CCC[C@@H]2C(=O)O[C@@H]1C,-5.26
6430,CC(=O)N1CCC[C@@H]1C(=O)N(C)[C@@H](CC(C)C)C(=O)N[C@@H]1C(=O)N[C@H](CC(C)C)C(=O)N(C)[C@@H](CC(C)C)C(=O)N[C@H](CC(C)C)C(=O)N(C)[C@H](C)C(=O)N[C@@H](CC(C)C)C(=O)N2CCC[C@@H]2C(=O)O[C@@H]1C,-5.17
6429,CC(=O)N1CCC[C@@H]1C(=O)N(C)[C@@H](CC(C)C)C(=O)N[C@@H]1C(=O)N[C@H](CC(C)C)C(=O)N(C)[C@@H](CC(C)C)C(=O)N[C@@H](CC(C)C)C(=O)N(C)[C@@H](C)C(=O)N[C@@H](CC(C)C)C(=O)N2CCC[C@@H]2C(=O)O[C@@H]1C,-5.18
6428,CC(=O)N1CCC[C@@H]1C(=O)N(C)[C@@H](CC(C)C)C(=O)N[C@@H]1C(=O)N[C@H](CC(C)C)C(=O)N[C@H](CC(C)C)C(=O)N(C)[C@H](CC(C)C)C(=O)N[C@H](C)C(=O)N[C@@H](CC(C)C)C(=O)N2CCC[C@@H]2C(=O)O[C@@H]1C,-5.48
6427,CC(=O)N1CCC[C@@H]1C(=O)N(C)[C@@H](CC(C)C)C(=O)N[C@@H]1C(=O)N[C@H](CC(C)C)C(=O)N[C@H](CC(C)C)C(=O)N(C)[C@@H](CC(C)C)C(=O)N(C)[C@H](C)C(=O)N[C@@H](CC(C)C)C(=O)N2CCC[C@@H]2C(=O)O[C@@H]1C,-6.32
6426,CC(=O)N1CCC[C@@H]1C(=O)N(C)[C@@H](CC(C)C)C(=O)N[C@@H]1C(=O)N[C@H](CC(C)C)C(=O)N[C@H](CC(C)C)C(=O)N(C)[C@@H](CC(C)C)C(=O)N(C)[C@@H](C)C(=O)N[C@@H](CC(C)C)C(=O)N2CCC[C@@H]2C(=O)O[C@@H]1C,-5.58
6425,CC(=O)N1CCC[C@@H]1C(=O)N(C)[C@@H](CC(C)C)C(=O)N[C@@H]1C(=O)N[C@H](CC(C)C)C(=O)N[C@H](CC(C)C)C(=O)N[C@H](CC(C)C)C(=O)N(C)[C@H](C)C(=O)N[C@@H](CC(C)C)C(=O)N2CCC[C@@H]2C(=O)O[C@@H]1C,-5.84
6424,CC(=O)N1CCC[C@@H]1C(=O)N(C)[C@@H](CC(C)C)C(=O)N[C@@H]1C(=O)N[C@H](CC(C)C)C(=O)N[C@H](CC(C)C)C(=O)N[C@H](CC(C)C)C(=O)N[C@H](C)C(=O)N[C@@H](CC(C)C)C(=O)N2CCC[C@@H]2C(=O)O[C@@H]1C,-6.71
6423,CC(=O)N1CCC[C@@H]1C(=O)N(C)[C@@H](CC(C)C)C(=O)N[C@@H]1C(=O)N[C@H](CC(C)C)C(=O)N[C@H](CC(C)C)C(=O)N[C@@H](CC(C)C)C(=O)N[C@@H](C)C(=O)N[C@@H](CC(C)C)C(=O)N2CCC[C@@H]2C(=O)O[C@@H]1C,-7.21
6422,CC(=O)N1CCC[C@@H]1C(=O)N(C)[C@@H](CC(C)C)C(=O)N[C@@H]1C(=O)N[C@H](CC(C)C)C(=O)N[C@@H](CC(C)C)C(=O)N(C)[C@H](CC(C)C)C(=O)N(C)[C@H](C)C(=O)N[C@@H](CC(C)C)C(=O)N2CCC[C@@H]2C(=O)O[C@@H]1C,-5.57
6421,CC(=O)N1CCC[C@@H]1C(=O)N(C)[C@@H](CC(C)C)C(=O)N[C@@H]1C(=O)N[C@H](CC(C)C)C(=O)N[C@@H](CC(C)C)C(=O)N(C)[C@H](CC(C)C)C(=O)N(C)[C@@H](C)C(=O)N[C@@H](CC(C)C)C(=O)N2CCC[C@@H]2C(=O)O[C@@H]1C,-5.28
6420,CC(=O)N1CCC[C@@H]1C(=O)N(C)[C@@H](CC(C)C)C(=O)N[C@@H]1C(=O)N[C@H](CC(C)C)C(=O)N[C@@H](CC(C)C)C(=O)N(C)[C@H](CC(C)C)C(=O)N[C@H](C)C(=O)N[C@@H](CC(C)C)C(=O)N2CCC[C@@H]2C(=O)O[C@@H]1C,-5.31
6419,CC(=O)N1CCC[C@@H]1C(=O)N(C)[C@@H](CC(C)C)C(=O)N[C@@H]1C(=O)N[C@H](CC(C)C)C(=O)N[C@@H](CC(C)C)C(=O)N(C)[C@H](CC(C)C)C(=O)N[C@@H](C)C(=O)N[C@@H](CC(C)C)C(=O)N2CCC[C@@H]2C(=O)O[C@@H]1C,-5.4
6418,CC(=O)N1CCC[C@@H]1C(=O)N(C)[C@@H](CC(C)C)C(=O)N[C@@H]1C(=O)N[C@H](CC(C)C)C(=O)N[C@@H](CC(C)C)C(=O)N(C)[C@@H](CC(C)C)C(=O)N[C@@H](C)C(=O)N[C@@H](CC(C)C)C(=O)N2CCC[C@@H]2C(=O)O[C@@H]1C,-5.39
6417,CC(=O)N1CCC[C@@H]1C(=O)N(C)[C@@H](CC(C)C)C(=O)N[C@@H]1C(=O)N[C@H](CC(C)C)C(=O)N[C@@H](CC(C)C)C(=O)N[C@@H](CC(C)C)C(=O)N(C)[C@H](C)C(=O)N[C@@H](CC(C)C)C(=O)N2CCC[C@@H]2C(=O)O[C@@H]1C,-5.71
6416,CC(=O)N1CCC[C@@H]1C(=O)N(C)[C@@H](CC(C)C)C(=O)N[C@@H]1C(=O)N[C@H](CC(C)C)C(=O)N[C@@H](CC(C)C)C(=O)N[C@@H](CC(C)C)C(=O)N(C)[C@@H](C)C(=O)N[C@@H](CC(C)C)C(=O)N2CCC[C@@H]2C(=O)O[C@@H]1C,-5.93
6415,CC(=O)N1CCC[C@@H]1C(=O)N(C)[C@@H](CC(C)C)C(=O)N[C@@H]1C(=O)N[C@H](CC(C)C)C(=O)N[C@@H](CC(C)C)C(=O)N[C@@H](CC(C)C)C(=O)N[C@@H](C)C(=O)N[C@@H](CC(C)C)C(=O)N2CCC[C@@H]2C(=O)O[C@@H]1C,-6.97
6414,CC(=O)N1CCC[C@@H]1C(=O)N(C)[C@@H](CC(C)C)C(=O)N[C@@H]1C(=O)N[C@@H](CC(C)C)C(=O)N(C)[C@H](CC(C)C)C(=O)N(C)[C@H](CC(C)C)C(=O)N(C)[C@@H](C)C(=O)N[C@@H](CC(C)C)C(=O)N2CCC[C@@H]2C(=O)O[C@@H]1C,-5.31
6413,CC(=O)N1CCC[C@@H]1C(=O)N(C)[C@@H](CC(C)C)C(=O)N[C@@H]1C(=O)N[C@@H](CC(C)C)C(=O)N(C)[C@H](CC(C)C)C(=O)N(C)[C@@H](CC(C)C)C(=O)N(C)[C@H](C)C(=O)N[C@@H](CC(C)C)C(=O)N2CCC[C@@H]2C(=O)O[C@@H]1C,-5.13
6412,CC(=O)N1CCC[C@@H]1C(=O)N(C)[C@@H](CC(C)C)C(=O)N[C@@H]1C(=O)N[C@@H](CC(C)C)C(=O)N(C)[C@H](CC(C)C)C(=O)N(C)[C@@H](CC(C)C)C(=O)N(C)[C@@H](C)C(=O)N[C@@H](CC(C)C)C(=O)N2CCC[C@@H]2C(=O)O[C@@H]1C,-5.21
6411,CC(=O)N1CCC[C@@H]1C(=O)N(C)[C@@H](CC(C)C)C(=O)N[C@@H]1C(=O)N[C@@H](CC(C)C)C(=O)N(C)[C@H](CC(C)C)C(=O)N(C)[C@@H](CC(C)C)C(=O)N[C@@H](C)C(=O)N[C@@H](CC(C)C)C(=O)N2CCC[C@@H]2C(=O)O[C@@H]1C,-5.58
6410,CC(=O)N1CCC[C@@H]1C(=O)N(C)[C@@H](CC(C)C)C(=O)N[C@@H]1C(=O)N[C@@H](CC(C)C)C(=O)N(C)[C@H](CC(C)C)C(=O)N[C@H](CC(C)C)C(=O)N(C)[C@H](C)C(=O)N[C@@H](CC(C)C)C(=O)N2CCC[C@@H]2C(=O)O[C@@H]1C,-5.05
6409,CC(=O)N1CCC[C@@H]1C(=O)N(C)[C@@H](CC(C)C)C(=O)N[C@@H]1C(=O)N[C@@H](CC(C)C)C(=O)N(C)[C@H](CC(C)C)C(=O)N[C@H](CC(C)C)C(=O)N[C@H](C)C(=O)N[C@@H](CC(C)C)C(=O)N2CCC[C@@H]2C(=O)O[C@@H]1C,-5.61
6408,CC(=O)N1CCC[C@@H]1C(=O)N(C)[C@@H](CC(C)C)C(=O)N[C@@H]1C(=O)N[C@@H](CC(C)C)C(=O)N(C)[C@@H](CC(C)C)C(=O)N(C)[C@@H](CC(C)C)C(=O)N(C)[C@@H](C)C(=O)N[C@@H](CC(C)C)C(=O)N2CCC[C@@H]2C(=O)O[C@@H]1C,-5.11
6407,CC(=O)N1CCC[C@@H]1C(=O)N(C)[C@@H](CC(C)C)C(=O)N[C@@H]1C(=O)N[C@@H](CC(C)C)C(=O)N(C)[C@@H](CC(C)C)C(=O)N[C@H](CC(C)C)C(=O)N(C)[C@H](C)C(=O)N[C@@H](CC(C)C)C(=O)N2CCC[C@@H]2C(=O)O[C@@H]1C,-5.16
6406,CC(=O)N1CCC[C@@H]1C(=O)N(C)[C@@H](CC(C)C)C(=O)N[C@@H]1C(=O)N[C@@H](CC(C)C)C(=O)N(C)[C@@H](CC(C)C)C(=O)N[C@H](CC(C)C)C(=O)N[C@H](C)C(=O)N[C@@H](CC(C)C)C(=O)N2CCC[C@@H]2C(=O)O[C@@H]1C,-5.34
6405,CC(=O)N1CCC[C@@H]1C(=O)N(C)[C@@H](CC(C)C)C(=O)N[C@@H]1C(=O)N[C@@H](CC(C)C)C(=O)N(C)[C@@H](CC(C)C)C(=O)N[C@H](CC(C)C)C(=O)N[C@@H](C)C(=O)N[C@@H](CC(C)C)C(=O)N2CCC[C@@H]2C(=O)O[C@@H]1C,-5.23
6404,CC(=O)N1CCC[C@@H]1C(=O)N(C)[C@@H](CC(C)C)C(=O)N[C@@H]1C(=O)N[C@@H](CC(C)C)C(=O)N(C)[C@@H](CC(C)C)C(=O)N[C@@H](CC(C)C)C(=O)N(C)[C@H](C)C(=O)N[C@@H](CC(C)C)C(=O)N2CCC[C@@H]2C(=O)O[C@@H]1C,-5.45
6403,CC(=O)N1CCC[C@@H]1C(=O)N(C)[C@@H](CC(C)C)C(=O)N[C@@H]1C(=O)N[C@@H](CC(C)C)C(=O)N(C)[C@@H](CC(C)C)C(=O)N[C@@H](CC(C)C)C(=O)N(C)[C@@H](C)C(=O)N[C@@H](CC(C)C)C(=O)N2CCC[C@@H]2C(=O)O[C@@H]1C,-5.27
6402,CC(=O)N1CCC[C@@H]1C(=O)N(C)[C@@H](CC(C)C)C(=O)N[C@@H]1C(=O)N[C@@H](CC(C)C)C(=O)N[C@H](CC(C)C)C(=O)N(C)[C@H](CC(C)C)C(=O)N(C)[C@H](C)C(=O)N[C@@H](CC(C)C)C(=O)N2CCC[C@@H]2C(=O)O[C@@H]1C,-6.69
6401,CC(=O)N1CCC[C@@H]1C(=O)N(C)[C@@H](CC(C)C)C(=O)N[C@@H]1C(=O)N[C@@H](CC(C)C)C(=O)N[C@H](CC(C)C)C(=O)N(C)[C@H](CC(C)C)C(=O)N[C@@H](C)C(=O)N[C@@H](CC(C)C)C(=O)N2CCC[C@@H]2C(=O)O[C@@H]1C,-5.87
6400,CC(=O)N1CCC[C@@H]1C(=O)N(C)[C@@H](CC(C)C)C(=O)N[C@@H]1C(=O)N[C@@H](CC(C)C)C(=O)N[C@H](CC(C)C)C(=O)N(C)[C@@H](CC(C)C)C(=O)N[C@@H](C)C(=O)N[C@@H](CC(C)C)C(=O)N2CCC[C@@H]2C(=O)O[C@@H]1C,-5.86
6399,CC(=O)N1CCC[C@@H]1C(=O)N(C)[C@@H](CC(C)C)C(=O)N[C@@H]1C(=O)N[C@@H](CC(C)C)C(=O)N[C@H](CC(C)C)C(=O)N[C@H](CC(C)C)C(=O)N[C@H](C)C(=O)N[C@@H](CC(C)C)C(=O)N2CCC[C@@H]2C(=O)O[C@@H]1C,-6.36
6398,CC(=O)N1CCC[C@@H]1C(=O)N(C)[C@@H](CC(C)C)C(=O)N[C@@H]1C(=O)N[C@@H](CC(C)C)C(=O)N[C@H](CC(C)C)C(=O)N[C@H](CC(C)C)C(=O)N[C@@H](C)C(=O)N[C@@H](CC(C)C)C(=O)N2CCC[C@@H]2C(=O)O[C@@H]1C,-7.01
6397,CC(=O)N1CCC[C@@H]1C(=O)N(C)[C@@H](CC(C)C)C(=O)N[C@@H]1C(=O)N[C@@H](CC(C)C)C(=O)N[C@H](CC(C)C)C(=O)N[C@@H](CC(C)C)C(=O)N(C)[C@H](C)C(=O)N[C@@H](CC(C)C)C(=O)N2CCC[C@@H]2C(=O)O[C@@H]1C,-6.17
6396,CC(=O)N1CCC[C@@H]1C(=O)N(C)[C@@H](CC(C)C)C(=O)N[C@@H]1C(=O)N[C@@H](CC(C)C)C(=O)N[C@H](CC(C)C)C(=O)N[C@@H](CC(C)C)C(=O)N[C@@H](C)C(=O)N[C@@H](CC(C)C)C(=O)N2CCC[C@@H]2C(=O)O[C@@H]1C,-6.5
6395,CC(=O)N1CCC[C@@H]1C(=O)N(C)[C@@H](CC(C)C)C(=O)N[C@@H]1C(=O)N[C@@H](CC(C)C)C(=O)N[C@@H](CC(C)C)C(=O)N(C)[C@@H](CC(C)C)C(=O)N(C)[C@@H](C)C(=O)N[C@@H](CC(C)C)C(=O)N2CCC[C@@H]2C(=O)O[C@@H]1C,-6.54
6394,CC(=O)N1CCC[C@@H]1C(=O)N(C)[C@@H](CC(C)C)C(=O)N[C@@H]1C(=O)N[C@@H](CC(C)C)C(=O)N[C@@H](CC(C)C)C(=O)N[C@H](CC(C)C)C(=O)N[C@@H](C)C(=O)N[C@@H](CC(C)C)C(=O)N2CCC[C@@H]2C(=O)O[C@@H]1C,-6.92
6393,CC(=O)N1CCC[C@@H]1C(=O)N(C)[C@@H](CC(C)C)C(=O)N[C@@H]1C(=O)N[C@@H](CC(C)C)C(=O)N[C@@H](CC(C)C)C(=O)N[C@@H](CC(C)C)C(=O)N(C)[C@@H](C)C(=O)N[C@@H](CC(C)C)C(=O)N2CCC[C@@H]2C(=O)O[C@@H]1C,-6.43
6392,CC(=O)N1CCC[C@@H]1C(=O)N(C)[C@@H](CC(C)C)C(=O)N[C@@H]1C(=O)N[C@@H](CC(C)C)C(=O)N[C@@H](CC(C)C)C(=O)N[C@@H](CC(C)C)C(=O)N[C@@H](C)C(=O)N[C@@H](CC(C)C)C(=O)N2CCC[C@@H]2C(=O)O[C@@H]1C,-6.92
6391,CC(=O)N1CCC[C@@H]1C(=O)N(C)[C@@H](CC(C)C)C(=O)N[C@@H]1C(=O)N(C)[C@H](CC(C)C)C(=O)N(C)[C@H](CC(C)C)C(=O)N(C)[C@H](CC(C)C)C(=O)N(C)[C@H](C)C(=O)N[C@@H](CC(C)C)C(=O)N2CCC[C@H]2C(=O)O[C@@H]1C,-5.09
6390,CC(=O)N1CCC[C@@H]1C(=O)N(C)[C@@H](CC(C)C)C(=O)N[C@@H]1C(=O)N(C)[C@H](CC(C)C)C(=O)N(C)[C@H](CC(C)C)C(=O)N(C)[C@H](CC(C)C)C(=O)N(C)[C@@H](C)C(=O)N[C@@H](CC(C)C)C(=O)N2CCC[C@H]2C(=O)O[C@@H]1C,-5.46
6389,CC(=O)N1CCC[C@@H]1C(=O)N(C)[C@@H](CC(C)C)C(=O)N[C@@H]1C(=O)N(C)[C@H](CC(C)C)C(=O)N(C)[C@H](CC(C)C)C(=O)N(C)[C@@H](CC(C)C)C(=O)N(C)[C@H](C)C(=O)N[C@@H](CC(C)C)C(=O)N2CCC[C@H]2C(=O)O[C@@H]1C,-5.17
6388,CC(=O)N1CCC[C@@H]1C(=O)N(C)[C@@H](CC(C)C)C(=O)N[C@@H]1C(=O)N(C)[C@H](CC(C)C)C(=O)N(C)[C@H](CC(C)C)C(=O)N(C)[C@@H](CC(C)C)C(=O)N(C)[C@@H](C)C(=O)N[C@@H](CC(C)C)C(=O)N2CCC[C@H]2C(=O)O[C@@H]1C,-5.27
6387,CC(=O)N1CCC[C@@H]1C(=O)N(C)[C@@H](CC(C)C)C(=O)N[C@@H]1C(=O)N(C)[C@H](CC(C)C)C(=O)N(C)[C@H](CC(C)C)C(=O)N[C@H](CC(C)C)C(=O)N(C)[C@H](C)C(=O)N[C@@H](CC(C)C)C(=O)N2CCC[C@H]2C(=O)O[C@@H]1C,-5.29
6386,CC(=O)N1CCC[C@@H]1C(=O)N(C)[C@@H](CC(C)C)C(=O)N[C@@H]1C(=O)N(C)[C@H](CC(C)C)C(=O)N(C)[C@H](CC(C)C)C(=O)N[C@@H](CC(C)C)C(=O)N(C)[C@H](C)C(=O)N[C@@H](CC(C)C)C(=O)N2CCC[C@H]2C(=O)O[C@@H]1C,-5.25
6385,CC(=O)N1CCC[C@@H]1C(=O)N(C)[C@@H](CC(C)C)C(=O)N[C@@H]1C(=O)N(C)[C@H](CC(C)C)C(=O)N(C)[C@@H](CC(C)C)C(=O)N(C)[C@H](CC(C)C)C(=O)N(C)[C@H](C)C(=O)N[C@@H](CC(C)C)C(=O)N2CCC[C@H]2C(=O)O[C@@H]1C,-5.44
6384,CC(=O)N1CCC[C@@H]1C(=O)N(C)[C@@H](CC(C)C)C(=O)N[C@@H]1C(=O)N(C)[C@H](CC(C)C)C(=O)N(C)[C@@H](CC(C)C)C(=O)N(C)[C@@H](CC(C)C)C(=O)N(C)[C@H](C)C(=O)N[C@@H](CC(C)C)C(=O)N2CCC[C@H]2C(=O)O[C@@H]1C,-5.32
6383,CC(=O)N1CCC[C@@H]1C(=O)N(C)[C@@H](CC(C)C)C(=O)N[C@@H]1C(=O)N(C)[C@H](CC(C)C)C(=O)N(C)[C@@H](CC(C)C)C(=O)N(C)[C@@H](CC(C)C)C(=O)N(C)[C@@H](C)C(=O)N[C@@H](CC(C)C)C(=O)N2CCC[C@H]2C(=O)O[C@@H]1C,-5.46
6382,CC(=O)N1CCC[C@@H]1C(=O)N(C)[C@@H](CC(C)C)C(=O)N[C@@H]1C(=O)N(C)[C@H](CC(C)C)C(=O)N(C)[C@@H](CC(C)C)C(=O)N(C)[C@@H](CC(C)C)C(=O)N[C@@H](C)C(=O)N[C@@H](CC(C)C)C(=O)N2CCC[C@H]2C(=O)O[C@@H]1C,-5.41
6381,CC(=O)N1CCC[C@@H]1C(=O)N(C)[C@@H](CC(C)C)C(=O)N[C@@H]1C(=O)N(C)[C@H](CC(C)C)C(=O)N(C)[C@@H](CC(C)C)C(=O)N[C@@H](CC(C)C)C(=O)N(C)[C@@H](C)C(=O)N[C@@H](CC(C)C)C(=O)N2CCC[C@H]2C(=O)O[C@@H]1C,-5.79
6380,CC(=O)N1CCC[C@@H]1C(=O)N(C)[C@@H](CC(C)C)C(=O)N[C@@H]1C(=O)N(C)[C@H](CC(C)C)C(=O)N[C@H](CC(C)C)C(=O)N(C)[C@H](CC(C)C)C(=O)N(C)[C@H](C)C(=O)N[C@@H](CC(C)C)C(=O)N2CCC[C@H]2C(=O)O[C@@H]1C,-5.26
6379,CC(=O)N1CCC[C@@H]1C(=O)N(C)[C@@H](CC(C)C)C(=O)N[C@@H]1C(=O)N(C)[C@H](CC(C)C)C(=O)N[C@H](CC(C)C)C(=O)N(C)[C@H](CC(C)C)C(=O)N[C@H](C)C(=O)N[C@@H](CC(C)C)C(=O)N2CCC[C@H]2C(=O)O[C@@H]1C,-6.0
6378,CC(=O)N1CCC[C@@H]1C(=O)N(C)[C@@H](CC(C)C)C(=O)N[C@@H]1C(=O)N(C)[C@H](CC(C)C)C(=O)N[C@H](CC(C)C)C(=O)N(C)[C@H](CC(C)C)C(=O)N[C@@H](C)C(=O)N[C@@H](CC(C)C)C(=O)N2CCC[C@H]2C(=O)O[C@@H]1C,-5.83
6377,CC(=O)N1CCC[C@@H]1C(=O)N(C)[C@@H](CC(C)C)C(=O)N[C@@H]1C(=O)N(C)[C@H](CC(C)C)C(=O)N[C@H](CC(C)C)C(=O)N(C)[C@@H](CC(C)C)C(=O)N(C)[C@@H](C)C(=O)N[C@@H](CC(C)C)C(=O)N2CCC[C@H]2C(=O)O[C@@H]1C,-5.36
6376,CC(=O)N1CCC[C@@H]1C(=O)N(C)[C@@H](CC(C)C)C(=O)N[C@@H]1C(=O)N(C)[C@H](CC(C)C)C(=O)N[C@H](CC(C)C)C(=O)N[C@H](CC(C)C)C(=O)N[C@H](C)C(=O)N[C@@H](CC(C)C)C(=O)N2CCC[C@H]2C(=O)O[C@@H]1C,-6.05
6375,CC(=O)N1CCC[C@@H]1C(=O)N(C)[C@@H](CC(C)C)C(=O)N[C@@H]1C(=O)N(C)[C@H](CC(C)C)C(=O)N[C@H](CC(C)C)C(=O)N[C@H](CC(C)C)C(=O)N[C@@H](C)C(=O)N[C@@H](CC(C)C)C(=O)N2CCC[C@H]2C(=O)O[C@@H]1C,-6.5
6374,CC(=O)N1CCC[C@@H]1C(=O)N(C)[C@@H](CC(C)C)C(=O)N[C@@H]1C(=O)N(C)[C@H](CC(C)C)C(=O)N[C@H](CC(C)C)C(=O)N[C@@H](CC(C)C)C(=O)N(C)[C@H](C)C(=O)N[C@@H](CC(C)C)C(=O)N2CCC[C@H]2C(=O)O[C@@H]1C,-5.76
6373,CC(=O)N1CCC[C@@H]1C(=O)N(C)[C@@H](CC(C)C)C(=O)N[C@@H]1C(=O)N(C)[C@H](CC(C)C)C(=O)N[C@@H](CC(C)C)C(=O)N(C)[C@H](CC(C)C)C(=O)N(C)[C@H](C)C(=O)N[C@@H](CC(C)C)C(=O)N2CCC[C@H]2C(=O)O[C@@H]1C,-5.31
6372,CC(=O)N1CCC[C@@H]1C(=O)N(C)[C@@H](CC(C)C)C(=O)N[C@@H]1C(=O)N(C)[C@H](CC(C)C)C(=O)N[C@@H](CC(C)C)C(=O)N(C)[C@H](CC(C)C)C(=O)N(C)[C@@H](C)C(=O)N[C@@H](CC(C)C)C(=O)N2CCC[C@H]2C(=O)O[C@@H]1C,-5.41
6371,CC(=O)N1CCC[C@@H]1C(=O)N(C)[C@@H](CC(C)C)C(=O)N[C@@H]1C(=O)N(C)[C@H](CC(C)C)C(=O)N[C@@H](CC(C)C)C(=O)N(C)[C@@H](CC(C)C)C(=O)N(C)[C@@H](C)C(=O)N[C@@H](CC(C)C)C(=O)N2CCC[C@H]2C(=O)O[C@@H]1C,-5.35
6370,CC(=O)N1CCC[C@@H]1C(=O)N(C)[C@@H](CC(C)C)C(=O)N[C@@H]1C(=O)N(C)[C@H](CC(C)C)C(=O)N[C@@H](CC(C)C)C(=O)N(C)[C@@H](CC(C)C)C(=O)N[C@@H](C)C(=O)N[C@@H](CC(C)C)C(=O)N2CCC[C@H]2C(=O)O[C@@H]1C,-5.62
6369,CC(=O)N1CCC[C@@H]1C(=O)N(C)[C@@H](CC(C)C)C(=O)N[C@@H]1C(=O)N(C)[C@H](CC(C)C)C(=O)N[C@@H](CC(C)C)C(=O)N[C@H](CC(C)C)C(=O)N(C)[C@H](C)C(=O)N[C@@H](CC(C)C)C(=O)N2CCC[C@H]2C(=O)O[C@@H]1C,-5.22
6368,CC(=O)N1CCC[C@@H]1C(=O)N(C)[C@@H](CC(C)C)C(=O)N[C@@H]1C(=O)N(C)[C@H](CC(C)C)C(=O)N[C@@H](CC(C)C)C(=O)N[C@H](CC(C)C)C(=O)N(C)[C@@H](C)C(=O)N[C@@H](CC(C)C)C(=O)N2CCC[C@H]2C(=O)O[C@@H]1C,-5.29
6367,CC(=O)N1CCC[C@@H]1C(=O)N(C)[C@@H](CC(C)C)C(=O)N[C@@H]1C(=O)N(C)[C@H](CC(C)C)C(=O)N[C@@H](CC(C)C)C(=O)N[C@H](CC(C)C)C(=O)N[C@@H](C)C(=O)N[C@@H](CC(C)C)C(=O)N2CCC[C@H]2C(=O)O[C@@H]1C,-6.25
6366,CC(=O)N1CCC[C@@H]1C(=O)N(C)[C@@H](CC(C)C)C(=O)N[C@@H]1C(=O)N(C)[C@@H](CC(C)C)C(=O)N(C)[C@H](CC(C)C)C(=O)N(C)[C@H](CC(C)C)C(=O)N(C)[C@H](C)C(=O)N[C@@H](CC(C)C)C(=O)N2CCC[C@H]2C(=O)O[C@@H]1C,-5.95
6365,CC(=O)N1CCC[C@@H]1C(=O)N(C)[C@@H](CC(C)C)C(=O)N[C@@H]1C(=O)N(C)[C@@H](CC(C)C)C(=O)N(C)[C@H](CC(C)C)C(=O)N(C)[C@H](CC(C)C)C(=O)N(C)[C@@H](C)C(=O)N[C@@H](CC(C)C)C(=O)N2CCC[C@H]2C(=O)O[C@@H]1C,-5.55
6364,CC(=O)N1CCC[C@@H]1C(=O)N(C)[C@@H](CC(C)C)C(=O)N[C@@H]1C(=O)N(C)[C@@H](CC(C)C)C(=O)N(C)[C@H](CC(C)C)C(=O)N(C)[C@@H](CC(C)C)C(=O)N(C)[C@H](C)C(=O)N[C@@H](CC(C)C)C(=O)N2CCC[C@H]2C(=O)O[C@@H]1C,-5.51
6363,CC(=O)N1CCC[C@@H]1C(=O)N(C)[C@@H](CC(C)C)C(=O)N[C@@H]1C(=O)N(C)[C@@H](CC(C)C)C(=O)N(C)[C@H](CC(C)C)C(=O)N(C)[C@@H](CC(C)C)C(=O)N(C)[C@@H](C)C(=O)N[C@@H](CC(C)C)C(=O)N2CCC[C@H]2C(=O)O[C@@H]1C,-5.44
6362,CC(=O)N1CCC[C@@H]1C(=O)N(C)[C@@H](CC(C)C)C(=O)N[C@@H]1C(=O)N(C)[C@@H](CC(C)C)C(=O)N(C)[C@H](CC(C)C)C(=O)N[C@H](CC(C)C)C(=O)N(C)[C@@H](C)C(=O)N[C@@H](CC(C)C)C(=O)N2CCC[C@H]2C(=O)O[C@@H]1C,-5.82
6361,CC(=O)N1CCC[C@@H]1C(=O)N(C)[C@@H](CC(C)C)C(=O)N[C@@H]1C(=O)N(C)[C@@H](CC(C)C)C(=O)N(C)[C@H](CC(C)C)C(=O)N[C@@H](CC(C)C)C(=O)N(C)[C@H](C)C(=O)N[C@@H](CC(C)C)C(=O)N2CCC[C@H]2C(=O)O[C@@H]1C,-5.87
6360,CC(=O)N1CCC[C@@H]1C(=O)N(C)[C@@H](CC(C)C)C(=O)N[C@@H]1C(=O)N(C)[C@@H](CC(C)C)C(=O)N(C)[C@@H](CC(C)C)C(=O)N(C)[C@H](CC(C)C)C(=O)N(C)[C@@H](C)C(=O)N[C@@H](CC(C)C)C(=O)N2CCC[C@H]2C(=O)O[C@@H]1C,-5.53
6359,CC(=O)N1CCC[C@@H]1C(=O)N(C)[C@@H](CC(C)C)C(=O)N[C@@H]1C(=O)N(C)[C@@H](CC(C)C)C(=O)N[C@H](CC(C)C)C(=O)N(C)[C@H](CC(C)C)C(=O)N[C@H](C)C(=O)N[C@@H](CC(C)C)C(=O)N2CCC[C@H]2C(=O)O[C@@H]1C,-5.93
6358,CC(=O)N1CCC[C@@H]1C(=O)N(C)[C@@H](CC(C)C)C(=O)N[C@@H]1C(=O)N(C)[C@@H](CC(C)C)C(=O)N[C@H](CC(C)C)C(=O)N(C)[C@@H](CC(C)C)C(=O)N(C)[C@@H](C)C(=O)N[C@@H](CC(C)C)C(=O)N2CCC[C@H]2C(=O)O[C@@H]1C,-5.61
6357,CC(=O)N1CCC[C@@H]1C(=O)N(C)[C@@H](CC(C)C)C(=O)N[C@@H]1C(=O)N(C)[C@@H](CC(C)C)C(=O)N[C@H](CC(C)C)C(=O)N[C@@H](CC(C)C)C(=O)N[C@@H](C)C(=O)N[C@@H](CC(C)C)C(=O)N2CCC[C@H]2C(=O)O[C@@H]1C,-6.78
6356,CC(=O)N1CCC[C@@H]1C(=O)N(C)[C@@H](CC(C)C)C(=O)N[C@@H]1C(=O)N(C)[C@@H](CC(C)C)C(=O)N[C@@H](CC(C)C)C(=O)N(C)[C@H](CC(C)C)C(=O)N(C)[C@@H](C)C(=O)N[C@@H](CC(C)C)C(=O)N2CCC[C@H]2C(=O)O[C@@H]1C,-5.43
6355,CC(=O)N1CCC[C@@H]1C(=O)N(C)[C@@H](CC(C)C)C(=O)N[C@@H]1C(=O)N(C)[C@@H](CC(C)C)C(=O)N[C@@H](CC(C)C)C(=O)N(C)[C@@H](CC(C)C)C(=O)N(C)[C@@H](C)C(=O)N[C@@H](CC(C)C)C(=O)N2CCC[C@H]2C(=O)O[C@@H]1C,-5.63
6354,CC(=O)N1CCC[C@@H]1C(=O)N(C)[C@@H](CC(C)C)C(=O)N[C@@H]1C(=O)N(C)[C@@H](CC(C)C)C(=O)N[C@@H](CC(C)C)C(=O)N(C)[C@@H](CC(C)C)C(=O)N[C@@H](C)C(=O)N[C@@H](CC(C)C)C(=O)N2CCC[C@H]2C(=O)O[C@@H]1C,-5.47
6353,CC(=O)N1CCC[C@@H]1C(=O)N(C)[C@@H](CC(C)C)C(=O)N[C@@H]1C(=O)N(C)[C@@H](CC(C)C)C(=O)N[C@@H](CC(C)C)C(=O)N[C@H](CC(C)C)C(=O)N(C)[C@@H](C)C(=O)N[C@@H](CC(C)C)C(=O)N2CCC[C@H]2C(=O)O[C@@H]1C,-5.41
6352,CC(=O)N1CCC[C@@H]1C(=O)N(C)[C@@H](CC(C)C)C(=O)N[C@@H]1C(=O)N(C)[C@@H](CC(C)C)C(=O)N[C@@H](CC(C)C)C(=O)N[C@@H](CC(C)C)C(=O)N(C)[C@@H](C)C(=O)N[C@@H](CC(C)C)C(=O)N2CCC[C@H]2C(=O)O[C@@H]1C,-6.74
6351,CC(=O)N1CCC[C@@H]1C(=O)N(C)[C@@H](CC(C)C)C(=O)N[C@@H]1C(=O)N[C@H](CC(C)C)C(=O)N(C)[C@H](CC(C)C)C(=O)N(C)[C@H](CC(C)C)C(=O)N(C)[C@H](C)C(=O)N[C@@H](CC(C)C)C(=O)N2CCC[C@H]2C(=O)O[C@@H]1C,-5.5
6350,CC(=O)N1CCC[C@@H]1C(=O)N(C)[C@@H](CC(C)C)C(=O)N[C@@H]1C(=O)N[C@H](CC(C)C)C(=O)N(C)[C@H](CC(C)C)C(=O)N(C)[C@H](CC(C)C)C(=O)N(C)[C@@H](C)C(=O)N[C@@H](CC(C)C)C(=O)N2CCC[C@H]2C(=O)O[C@@H]1C,-5.31
6349,CC(=O)N1CCC[C@@H]1C(=O)N(C)[C@@H](CC(C)C)C(=O)N[C@@H]1C(=O)N[C@H](CC(C)C)C(=O)N(C)[C@H](CC(C)C)C(=O)N(C)[C@H](CC(C)C)C(=O)N[C@@H](C)C(=O)N[C@@H](CC(C)C)C(=O)N2CCC[C@H]2C(=O)O[C@@H]1C,-6.74
6348,CC(=O)N1CCC[C@@H]1C(=O)N(C)[C@@H](CC(C)C)C(=O)N[C@@H]1C(=O)N[C@H](CC(C)C)C(=O)N(C)[C@H](CC(C)C)C(=O)N(C)[C@@H](CC(C)C)C(=O)N(C)[C@H](C)C(=O)N[C@@H](CC(C)C)C(=O)N2CCC[C@H]2C(=O)O[C@@H]1C,-5.3
6347,CC(=O)N1CCC[C@@H]1C(=O)N(C)[C@@H](CC(C)C)C(=O)N[C@@H]1C(=O)N[C@H](CC(C)C)C(=O)N(C)[C@H](CC(C)C)C(=O)N(C)[C@@H](CC(C)C)C(=O)N(C)[C@@H](C)C(=O)N[C@@H](CC(C)C)C(=O)N2CCC[C@H]2C(=O)O[C@@H]1C,-5.3
6346,CC(=O)N1CCC[C@@H]1C(=O)N(C)[C@@H](CC(C)C)C(=O)N[C@@H]1C(=O)N[C@H](CC(C)C)C(=O)N(C)[C@H](CC(C)C)C(=O)N[C@H](CC(C)C)C(=O)N(C)[C@@H](C)C(=O)N[C@@H](CC(C)C)C(=O)N2CCC[C@H]2C(=O)O[C@@H]1C,-5.71
6345,CC(=O)N1CCC[C@@H]1C(=O)N(C)[C@@H](CC(C)C)C(=O)N[C@@H]1C(=O)N[C@H](CC(C)C)C(=O)N(C)[C@H](CC(C)C)C(=O)N[C@H](CC(C)C)C(=O)N[C@@H](C)C(=O)N[C@@H](CC(C)C)C(=O)N2CCC[C@H]2C(=O)O[C@@H]1C,-5.84
6344,CC(=O)N1CCC[C@@H]1C(=O)N(C)[C@@H](CC(C)C)C(=O)N[C@@H]1C(=O)N[C@H](CC(C)C)C(=O)N(C)[C@@H](CC(C)C)C(=O)N(C)[C@H](CC(C)C)C(=O)N(C)[C@@H](C)C(=O)N[C@@H](CC(C)C)C(=O)N2CCC[C@H]2C(=O)O[C@@H]1C,-5.37
6343,CC(=O)N1CCC[C@@H]1C(=O)N(C)[C@@H](CC(C)C)C(=O)N[C@@H]1C(=O)N[C@H](CC(C)C)C(=O)N(C)[C@@H](CC(C)C)C(=O)N[C@H](CC(C)C)C(=O)N(C)[C@H](C)C(=O)N[C@@H](CC(C)C)C(=O)N2CCC[C@H]2C(=O)O[C@@H]1C,-5.71
6342,CC(=O)N1CCC[C@@H]1C(=O)N(C)[C@@H](CC(C)C)C(=O)N[C@@H]1C(=O)N[C@H](CC(C)C)C(=O)N[C@H](CC(C)C)C(=O)N(C)[C@H](CC(C)C)C(=O)N(C)[C@@H](C)C(=O)N[C@@H](CC(C)C)C(=O)N2CCC[C@H]2C(=O)O[C@@H]1C,-5.82
6341,CC(=O)N1CCC[C@@H]1C(=O)N(C)[C@@H](CC(C)C)C(=O)N[C@@H]1C(=O)N[C@H](CC(C)C)C(=O)N[C@H](CC(C)C)C(=O)N(C)[C@H](CC(C)C)C(=O)N[C@@H](C)C(=O)N[C@@H](CC(C)C)C(=O)N2CCC[C@H]2C(=O)O[C@@H]1C,-5.93
6340,CC(=O)N1CCC[C@@H]1C(=O)N(C)[C@@H](CC(C)C)C(=O)N[C@@H]1C(=O)N[C@H](CC(C)C)C(=O)N[C@H](CC(C)C)C(=O)N[C@H](CC(C)C)C(=O)N[C@@H](C)C(=O)N[C@@H](CC(C)C)C(=O)N2CCC[C@H]2C(=O)O[C@@H]1C,-7.52
6339,CC(=O)N1CCC[C@@H]1C(=O)N(C)[C@@H](CC(C)C)C(=O)N[C@@H]1C(=O)N[C@H](CC(C)C)C(=O)N[C@H](CC(C)C)C(=O)N[C@@H](CC(C)C)C(=O)N[C@@H](C)C(=O)N[C@@H](CC(C)C)C(=O)N2CCC[C@H]2C(=O)O[C@@H]1C,-6.53
6338,CC(=O)N1CCC[C@@H]1C(=O)N(C)[C@@H](CC(C)C)C(=O)N[C@@H]1C(=O)N[C@H](CC(C)C)C(=O)N[C@@H](CC(C)C)C(=O)N(C)[C@H](CC(C)C)C(=O)N(C)[C@H](C)C(=O)N[C@@H](CC(C)C)C(=O)N2CCC[C@H]2C(=O)O[C@@H]1C,-5.62
6337,CC(=O)N1CCC[C@@H]1C(=O)N(C)[C@@H](CC(C)C)C(=O)N[C@@H]1C(=O)N[C@H](CC(C)C)C(=O)N[C@@H](CC(C)C)C(=O)N(C)[C@H](CC(C)C)C(=O)N(C)[C@@H](C)C(=O)N[C@@H](CC(C)C)C(=O)N2CCC[C@H]2C(=O)O[C@@H]1C,-5.6
6336,CC(=O)N1CCC[C@@H]1C(=O)N(C)[C@@H](CC(C)C)C(=O)N[C@@H]1C(=O)N[C@H](CC(C)C)C(=O)N[C@@H](CC(C)C)C(=O)N(C)[C@@H](CC(C)C)C(=O)N(C)[C@H](C)C(=O)N[C@@H](CC(C)C)C(=O)N2CCC[C@H]2C(=O)O[C@@H]1C,-5.77
6335,CC(=O)N1CCC[C@@H]1C(=O)N(C)[C@@H](CC(C)C)C(=O)N[C@@H]1C(=O)N[C@H](CC(C)C)C(=O)N[C@@H](CC(C)C)C(=O)N(C)[C@@H](CC(C)C)C(=O)N(C)[C@@H](C)C(=O)N[C@@H](CC(C)C)C(=O)N2CCC[C@H]2C(=O)O[C@@H]1C,-5.6
6334,CC(=O)N1CCC[C@@H]1C(=O)N(C)[C@@H](CC(C)C)C(=O)N[C@@H]1C(=O)N[C@@H](CC(C)C)C(=O)N(C)[C@H](CC(C)C)C(=O)N(C)[C@H](CC(C)C)C(=O)N(C)[C@H](C)C(=O)N[C@@H](CC(C)C)C(=O)N2CCC[C@H]2C(=O)O[C@@H]1C,-5.9
6333,CC(=O)N1CCC[C@@H]1C(=O)N(C)[C@@H](CC(C)C)C(=O)N[C@@H]1C(=O)N[C@@H](CC(C)C)C(=O)N(C)[C@H](CC(C)C)C(=O)N(C)[C@@H](CC(C)C)C(=O)N(C)[C@H](C)C(=O)N[C@@H](CC(C)C)C(=O)N2CCC[C@H]2C(=O)O[C@@H]1C,-5.45
6332,CC(=O)N1CCC[C@@H]1C(=O)N(C)[C@@H](CC(C)C)C(=O)N[C@@H]1C(=O)N[C@@H](CC(C)C)C(=O)N(C)[C@H](CC(C)C)C(=O)N[C@H](CC(C)C)C(=O)N[C@@H](C)C(=O)N[C@@H](CC(C)C)C(=O)N2CCC[C@H]2C(=O)O[C@@H]1C,-6.49
6331,CC(=O)N1CCC[C@@H]1C(=O)N(C)[C@@H](CC(C)C)C(=O)N[C@@H]1C(=O)N[C@@H](CC(C)C)C(=O)N(C)[C@@H](CC(C)C)C(=O)N(C)[C@H](CC(C)C)C(=O)N[C@@H](C)C(=O)N[C@@H](CC(C)C)C(=O)N2CCC[C@H]2C(=O)O[C@@H]1C,-6.68
6330,CC(=O)N1CCC[C@@H]1C(=O)N(C)[C@@H](CC(C)C)C(=O)N[C@@H]1C(=O)N[C@@H](CC(C)C)C(=O)N(C)[C@@H](CC(C)C)C(=O)N(C)[C@@H](CC(C)C)C(=O)N(C)[C@H](C)C(=O)N[C@@H](CC(C)C)C(=O)N2CCC[C@H]2C(=O)O[C@@H]1C,-5.72
6329,CC(=O)N1CCC[C@@H]1C(=O)N(C)[C@@H](CC(C)C)C(=O)N[C@@H]1C(=O)N[C@@H](CC(C)C)C(=O)N(C)[C@@H](CC(C)C)C(=O)N(C)[C@@H](CC(C)C)C(=O)N(C)[C@@H](C)C(=O)N[C@@H](CC(C)C)C(=O)N2CCC[C@H]2C(=O)O[C@@H]1C,-5.35
6328,CC(=O)N1CCC[C@@H]1C(=O)N(C)[C@@H](CC(C)C)C(=O)N[C@@H]1C(=O)N[C@@H](CC(C)C)C(=O)N(C)[C@@H](CC(C)C)C(=O)N(C)[C@@H](CC(C)C)C(=O)N[C@@H](C)C(=O)N[C@@H](CC(C)C)C(=O)N2CCC[C@H]2C(=O)O[C@@H]1C,-6.7
6327,CC(=O)N1CCC[C@@H]1C(=O)N(C)[C@@H](CC(C)C)C(=O)N[C@@H]1C(=O)N[C@@H](CC(C)C)C(=O)N[C@H](CC(C)C)C(=O)N(C)[C@H](CC(C)C)C(=O)N(C)[C@H](C)C(=O)N[C@@H](CC(C)C)C(=O)N2CCC[C@H]2C(=O)O[C@@H]1C,-5.71
6326,CC(=O)N1CCC[C@@H]1C(=O)N(C)[C@@H](CC(C)C)C(=O)N[C@@H]1C(=O)N[C@@H](CC(C)C)C(=O)N[C@H](CC(C)C)C(=O)N(C)[C@H](CC(C)C)C(=O)N[C@@H](C)C(=O)N[C@@H](CC(C)C)C(=O)N2CCC[C@H]2C(=O)O[C@@H]1C,-6.85
6325,CC(=O)N1CCC[C@@H]1C(=O)N(C)[C@@H](CC(C)C)C(=O)N[C@@H]1C(=O)N[C@@H](CC(C)C)C(=O)N[C@H](CC(C)C)C(=O)N(C)[C@@H](CC(C)C)C(=O)N(C)[C@@H](C)C(=O)N[C@@H](CC(C)C)C(=O)N2CCC[C@H]2C(=O)O[C@@H]1C,-5.95
6324,CC(=O)N1CCC[C@@H]1C(=O)N(C)[C@@H](CC(C)C)C(=O)N[C@@H]1C(=O)N[C@@H](CC(C)C)C(=O)N[C@H](CC(C)C)C(=O)N[C@H](CC(C)C)C(=O)N[C@H](C)C(=O)N[C@@H](CC(C)C)C(=O)N2CCC[C@H]2C(=O)O[C@@H]1C,-7.0
6323,CC(=O)N1CCC[C@@H]1C(=O)N(C)[C@@H](CC(C)C)C(=O)N[C@@H]1C(=O)N[C@@H](CC(C)C)C(=O)N[C@H](CC(C)C)C(=O)N[C@H](CC(C)C)C(=O)N[C@@H](C)C(=O)N[C@@H](CC(C)C)C(=O)N2CCC[C@H]2C(=O)O[C@@H]1C,-7.02
6322,CC(=O)N1CCC[C@@H]1C(=O)N(C)[C@@H](CC(C)C)C(=O)N[C@@H]1C(=O)N[C@@H](CC(C)C)C(=O)N[C@H](CC(C)C)C(=O)N[C@@H](CC(C)C)C(=O)N[C@@H](C)C(=O)N[C@@H](CC(C)C)C(=O)N2CCC[C@H]2C(=O)O[C@@H]1C,-7.1
6321,CC(=O)N1CCC[C@@H]1C(=O)N(C)[C@@H](CC(C)C)C(=O)N[C@@H]1C(=O)N[C@@H](CC(C)C)C(=O)N[C@@H](CC(C)C)C(=O)N(C)[C@H](CC(C)C)C(=O)N(C)[C@H](C)C(=O)N[C@@H](CC(C)C)C(=O)N2CCC[C@H]2C(=O)O[C@@H]1C,-5.68
6320,CC(=O)N1CCC[C@@H]1C(=O)N(C)[C@@H](CC(C)C)C(=O)N[C@@H]1C(=O)N[C@@H](CC(C)C)C(=O)N[C@@H](CC(C)C)C(=O)N(C)[C@H](CC(C)C)C(=O)N(C)[C@@H](C)C(=O)N[C@@H](CC(C)C)C(=O)N2CCC[C@H]2C(=O)O[C@@H]1C,-6.11
6319,CC(=O)N1CCC[C@@H]1C(=O)N(C)[C@@H](CC(C)C)C(=O)N[C@@H]1C(=O)N[C@@H](CC(C)C)C(=O)N[C@@H](CC(C)C)C(=O)N(C)[C@H](CC(C)C)C(=O)N[C@@H](C)C(=O)N[C@@H](CC(C)C)C(=O)N2CCC[C@H]2C(=O)O[C@@H]1C,-5.94
6318,CC(=O)N1CCC[C@@H]1C(=O)N(C)[C@@H](CC(C)C)C(=O)N[C@@H]1C(=O)N[C@@H](CC(C)C)C(=O)N[C@@H](CC(C)C)C(=O)N(C)[C@@H](CC(C)C)C(=O)N(C)[C@H](C)C(=O)N[C@@H](CC(C)C)C(=O)N2CCC[C@H]2C(=O)O[C@@H]1C,-5.84
6317,CC(=O)N1CCC[C@@H]1C(=O)N(C)[C@@H](CC(C)C)C(=O)N[C@@H]1C(=O)N[C@@H](CC(C)C)C(=O)N[C@@H](CC(C)C)C(=O)N(C)[C@@H](CC(C)C)C(=O)N(C)[C@@H](C)C(=O)N[C@@H](CC(C)C)C(=O)N2CCC[C@H]2C(=O)O[C@@H]1C,-6.3
6316,CC(=O)N1CCC[C@@H]1C(=O)N(C)[C@@H](CC(C)C)C(=O)N[C@@H]1C(=O)N[C@@H](CC(C)C)C(=O)N[C@@H](CC(C)C)C(=O)N(C)[C@@H](CC(C)C)C(=O)N[C@@H](C)C(=O)N[C@@H](CC(C)C)C(=O)N2CCC[C@H]2C(=O)O[C@@H]1C,-6.09
6315,CC(=O)N1CCC[C@@H]1C(=O)N(C)[C@@H](CC(C)C)C(=O)N[C@@H]1C(=O)N[C@@H](CC(C)C)C(=O)N[C@@H](CC(C)C)C(=O)N[C@H](CC(C)C)C(=O)N(C)[C@@H](C)C(=O)N[C@@H](CC(C)C)C(=O)N2CCC[C@H]2C(=O)O[C@@H]1C,-5.74
6314,CC(=O)N1CCC[C@@H]1C(=O)N(C)[C@@H](CC(C)C)C(=O)N[C@@H]1C(=O)N[C@@H](CC(C)C)C(=O)N[C@@H](CC(C)C)C(=O)N[C@H](CC(C)C)C(=O)N[C@@H](C)C(=O)N[C@@H](CC(C)C)C(=O)N2CCC[C@H]2C(=O)O[C@@H]1C,-6.84
6313,CC(=O)N1CCC[C@@H]1C(=O)N(C)[C@@H](CC(C)C)C(=O)N[C@@H]1C(=O)N[C@@H](CC(C)C)C(=O)N[C@@H](CC(C)C)C(=O)N[C@@H](CC(C)C)C(=O)N(C)[C@H](C)C(=O)N[C@@H](CC(C)C)C(=O)N2CCC[C@H]2C(=O)O[C@@H]1C,-6.04
6312,CC(=O)N1CCC[C@@H]1C(=O)N(C)[C@@H](CC(C)C)C(=O)N[C@@H]1C(=O)N[C@@H](CC(C)C)C(=O)N[C@@H](CC(C)C)C(=O)N[C@@H](CC(C)C)C(=O)N(C)[C@@H](C)C(=O)N[C@@H](CC(C)C)C(=O)N2CCC[C@H]2C(=O)O[C@@H]1C,-6.4
6311,CC(=O)N1CCC[C@@H]1C(=O)N(C)[C@@H](CC(C)C)C(=O)N[C@@H]1C(=O)N[C@@H](CC(C)C)C(=O)N[C@@H](CC(C)C)C(=O)N[C@@H](CC(C)C)C(=O)N[C@@H](C)C(=O)N[C@@H](CC(C)C)C(=O)N2CCC[C@H]2C(=O)O[C@@H]1C,-6.6
6310,CC(=O)N1CCC[C@H]1C(=O)N(C)[C@@H](CC(C)C)C(=O)N[C@@H]1C(=O)N(C)[C@H](CC(C)C)C(=O)N(C)[C@H](CC(C)C)C(=O)N[C@H](CC(C)C)C(=O)N(C)[C@H](C)C(=O)N[C@@H](CC(C)C)C(=O)N2CCC[C@@H]2C(=O)O[C@@H]1C,-5.08
6309,CC(=O)N1CCC[C@H]1C(=O)N(C)[C@@H](CC(C)C)C(=O)N[C@@H]1C(=O)N(C)[C@H](CC(C)C)C(=O)N(C)[C@H](CC(C)C)C(=O)N[C@@H](CC(C)C)C(=O)N(C)[C@H](C)C(=O)N[C@@H](CC(C)C)C(=O)N2CCC[C@@H]2C(=O)O[C@@H]1C,-5.57
6308,CC(=O)N1CCC[C@H]1C(=O)N(C)[C@@H](CC(C)C)C(=O)N[C@@H]1C(=O)N(C)[C@H](CC(C)C)C(=O)N(C)[C@@H](CC(C)C)C(=O)N(C)[C@H](CC(C)C)C(=O)N(C)[C@H](C)C(=O)N[C@@H](CC(C)C)C(=O)N2CCC[C@@H]2C(=O)O[C@@H]1C,-5.3
6307,CC(=O)N1CCC[C@H]1C(=O)N(C)[C@@H](CC(C)C)C(=O)N[C@@H]1C(=O)N(C)[C@H](CC(C)C)C(=O)N(C)[C@@H](CC(C)C)C(=O)N(C)[C@@H](CC(C)C)C(=O)N(C)[C@H](C)C(=O)N[C@@H](CC(C)C)C(=O)N2CCC[C@@H]2C(=O)O[C@@H]1C,-5.29
6306,CC(=O)N1CCC[C@H]1C(=O)N(C)[C@@H](CC(C)C)C(=O)N[C@@H]1C(=O)N(C)[C@H](CC(C)C)C(=O)N(C)[C@@H](CC(C)C)C(=O)N(C)[C@@H](CC(C)C)C(=O)N(C)[C@@H](C)C(=O)N[C@@H](CC(C)C)C(=O)N2CCC[C@@H]2C(=O)O[C@@H]1C,-5.46
6305,CC(=O)N1CCC[C@H]1C(=O)N(C)[C@@H](CC(C)C)C(=O)N[C@@H]1C(=O)N(C)[C@H](CC(C)C)C(=O)N(C)[C@@H](CC(C)C)C(=O)N[C@@H](CC(C)C)C(=O)N(C)[C@H](C)C(=O)N[C@@H](CC(C)C)C(=O)N2CCC[C@@H]2C(=O)O[C@@H]1C,-6.09
6304,CC(=O)N1CCC[C@H]1C(=O)N(C)[C@@H](CC(C)C)C(=O)N[C@@H]1C(=O)N(C)[C@H](CC(C)C)C(=O)N[C@H](CC(C)C)C(=O)N(C)[C@H](CC(C)C)C(=O)N[C@@H](C)C(=O)N[C@@H](CC(C)C)C(=O)N2CCC[C@@H]2C(=O)O[C@@H]1C,-6.96
6303,CC(=O)N1CCC[C@H]1C(=O)N(C)[C@@H](CC(C)C)C(=O)N[C@@H]1C(=O)N(C)[C@H](CC(C)C)C(=O)N[C@H](CC(C)C)C(=O)N(C)[C@@H](CC(C)C)C(=O)N(C)[C@H](C)C(=O)N[C@@H](CC(C)C)C(=O)N2CCC[C@@H]2C(=O)O[C@@H]1C,-5.3
6302,CC(=O)N1CCC[C@H]1C(=O)N(C)[C@@H](CC(C)C)C(=O)N[C@@H]1C(=O)N(C)[C@H](CC(C)C)C(=O)N[C@@H](CC(C)C)C(=O)N(C)[C@H](CC(C)C)C(=O)N(C)[C@H](C)C(=O)N[C@@H](CC(C)C)C(=O)N2CCC[C@@H]2C(=O)O[C@@H]1C,-5.59
6301,CC(=O)N1CCC[C@H]1C(=O)N(C)[C@@H](CC(C)C)C(=O)N[C@@H]1C(=O)N(C)[C@H](CC(C)C)C(=O)N[C@@H](CC(C)C)C(=O)N(C)[C@H](CC(C)C)C(=O)N(C)[C@@H](C)C(=O)N[C@@H](CC(C)C)C(=O)N2CCC[C@@H]2C(=O)O[C@@H]1C,-5.25
6300,CC(=O)N1CCC[C@H]1C(=O)N(C)[C@@H](CC(C)C)C(=O)N[C@@H]1C(=O)N(C)[C@@H](CC(C)C)C(=O)N(C)[C@H](CC(C)C)C(=O)N(C)[C@H](CC(C)C)C(=O)N(C)[C@@H](C)C(=O)N[C@@H](CC(C)C)C(=O)N2CCC[C@@H]2C(=O)O[C@@H]1C,-5.93
6299,CC(=O)N1CCC[C@H]1C(=O)N(C)[C@@H](CC(C)C)C(=O)N[C@@H]1C(=O)N(C)[C@@H](CC(C)C)C(=O)N(C)[C@H](CC(C)C)C(=O)N(C)[C@H](CC(C)C)C(=O)N[C@H](C)C(=O)N[C@@H](CC(C)C)C(=O)N2CCC[C@@H]2C(=O)O[C@@H]1C,-5.11
6298,CC(=O)N1CCC[C@H]1C(=O)N(C)[C@@H](CC(C)C)C(=O)N[C@@H]1C(=O)N(C)[C@@H](CC(C)C)C(=O)N(C)[C@H](CC(C)C)C(=O)N(C)[C@@H](CC(C)C)C(=O)N(C)[C@H](C)C(=O)N[C@@H](CC(C)C)C(=O)N2CCC[C@@H]2C(=O)O[C@@H]1C,-5.51
6297,CC(=O)N1CCC[C@H]1C(=O)N(C)[C@@H](CC(C)C)C(=O)N[C@@H]1C(=O)N(C)[C@@H](CC(C)C)C(=O)N(C)[C@H](CC(C)C)C(=O)N(C)[C@@H](CC(C)C)C(=O)N(C)[C@@H](C)C(=O)N[C@@H](CC(C)C)C(=O)N2CCC[C@@H]2C(=O)O[C@@H]1C,-5.49
6296,CC(=O)N1CCC[C@H]1C(=O)N(C)[C@@H](CC(C)C)C(=O)N[C@@H]1C(=O)N(C)[C@@H](CC(C)C)C(=O)N(C)[C@H](CC(C)C)C(=O)N[C@@H](CC(C)C)C(=O)N[C@@H](C)C(=O)N[C@@H](CC(C)C)C(=O)N2CCC[C@@H]2C(=O)O[C@@H]1C,-6.79
6295,CC(=O)N1CCC[C@H]1C(=O)N(C)[C@@H](CC(C)C)C(=O)N[C@@H]1C(=O)N(C)[C@@H](CC(C)C)C(=O)N(C)[C@@H](CC(C)C)C(=O)N(C)[C@H](CC(C)C)C(=O)N(C)[C@H](C)C(=O)N[C@@H](CC(C)C)C(=O)N2CCC[C@@H]2C(=O)O[C@@H]1C,-5.5
6294,CC(=O)N1CCC[C@H]1C(=O)N(C)[C@@H](CC(C)C)C(=O)N[C@@H]1C(=O)N(C)[C@@H](CC(C)C)C(=O)N(C)[C@@H](CC(C)C)C(=O)N(C)[C@H](CC(C)C)C(=O)N(C)[C@@H](C)C(=O)N[C@@H](CC(C)C)C(=O)N2CCC[C@@H]2C(=O)O[C@@H]1C,-5.51
6293,CC(=O)N1CCC[C@H]1C(=O)N(C)[C@@H](CC(C)C)C(=O)N[C@@H]1C(=O)N(C)[C@@H](CC(C)C)C(=O)N[C@H](CC(C)C)C(=O)N(C)[C@H](CC(C)C)C(=O)N(C)[C@@H](C)C(=O)N[C@@H](CC(C)C)C(=O)N2CCC[C@@H]2C(=O)O[C@@H]1C,-5.89
6292,CC(=O)N1CCC[C@H]1C(=O)N(C)[C@@H](CC(C)C)C(=O)N[C@@H]1C(=O)N(C)[C@@H](CC(C)C)C(=O)N[C@H](CC(C)C)C(=O)N(C)[C@@H](CC(C)C)C(=O)N(C)[C@@H](C)C(=O)N[C@@H](CC(C)C)C(=O)N2CCC[C@@H]2C(=O)O[C@@H]1C,-6.35
6291,CC(=O)N1CCC[C@H]1C(=O)N(C)[C@@H](CC(C)C)C(=O)N[C@@H]1C(=O)N[C@H](CC(C)C)C(=O)N(C)[C@H](CC(C)C)C(=O)N(C)[C@H](CC(C)C)C(=O)N[C@@H](C)C(=O)N[C@@H](CC(C)C)C(=O)N2CCC[C@@H]2C(=O)O[C@@H]1C,-5.67
6290,CC(=O)N1CCC[C@H]1C(=O)N(C)[C@@H](CC(C)C)C(=O)N[C@@H]1C(=O)N[C@H](CC(C)C)C(=O)N(C)[C@H](CC(C)C)C(=O)N[C@H](CC(C)C)C(=O)N(C)[C@H](C)C(=O)N[C@@H](CC(C)C)C(=O)N2CCC[C@@H]2C(=O)O[C@@H]1C,-5.29
6289,CC(=O)N1CCC[C@H]1C(=O)N(C)[C@@H](CC(C)C)C(=O)N[C@@H]1C(=O)N[C@H](CC(C)C)C(=O)N(C)[C@H](CC(C)C)C(=O)N[C@H](CC(C)C)C(=O)N(C)[C@@H](C)C(=O)N[C@@H](CC(C)C)C(=O)N2CCC[C@@H]2C(=O)O[C@@H]1C,-5.22
6288,CC(=O)N1CCC[C@H]1C(=O)N(C)[C@@H](CC(C)C)C(=O)N[C@@H]1C(=O)N[C@H](CC(C)C)C(=O)N(C)[C@H](CC(C)C)C(=O)N[C@@H](CC(C)C)C(=O)N(C)[C@@H](C)C(=O)N[C@@H](CC(C)C)C(=O)N2CCC[C@@H]2C(=O)O[C@@H]1C,-5.11
6287,CC(=O)N1CCC[C@H]1C(=O)N(C)[C@@H](CC(C)C)C(=O)N[C@@H]1C(=O)N[C@H](CC(C)C)C(=O)N(C)[C@@H](CC(C)C)C(=O)N(C)[C@H](CC(C)C)C(=O)N(C)[C@H](C)C(=O)N[C@@H](CC(C)C)C(=O)N2CCC[C@@H]2C(=O)O[C@@H]1C,-5.2
6286,CC(=O)N1CCC[C@H]1C(=O)N(C)[C@@H](CC(C)C)C(=O)N[C@@H]1C(=O)N[C@H](CC(C)C)C(=O)N(C)[C@@H](CC(C)C)C(=O)N(C)[C@H](CC(C)C)C(=O)N[C@@H](C)C(=O)N[C@@H](CC(C)C)C(=O)N2CCC[C@@H]2C(=O)O[C@@H]1C,-5.22
6285,CC(=O)N1CCC[C@H]1C(=O)N(C)[C@@H](CC(C)C)C(=O)N[C@@H]1C(=O)N[C@H](CC(C)C)C(=O)N(C)[C@@H](CC(C)C)C(=O)N(C)[C@@H](CC(C)C)C(=O)N[C@@H](C)C(=O)N[C@@H](CC(C)C)C(=O)N2CCC[C@@H]2C(=O)O[C@@H]1C,-5.22
6284,CC(=O)N1CCC[C@H]1C(=O)N(C)[C@@H](CC(C)C)C(=O)N[C@@H]1C(=O)N[C@H](CC(C)C)C(=O)N(C)[C@@H](CC(C)C)C(=O)N[C@H](CC(C)C)C(=O)N(C)[C@H](C)C(=O)N[C@@H](CC(C)C)C(=O)N2CCC[C@@H]2C(=O)O[C@@H]1C,-5.03
6283,CC(=O)N1CCC[C@H]1C(=O)N(C)[C@@H](CC(C)C)C(=O)N[C@@H]1C(=O)N[C@H](CC(C)C)C(=O)N(C)[C@@H](CC(C)C)C(=O)N[C@@H](CC(C)C)C(=O)N(C)[C@@H](C)C(=O)N[C@@H](CC(C)C)C(=O)N2CCC[C@@H]2C(=O)O[C@@H]1C,-5.6
6282,CC(=O)N1CCC[C@H]1C(=O)N(C)[C@@H](CC(C)C)C(=O)N[C@@H]1C(=O)N[C@H](CC(C)C)C(=O)N[C@H](CC(C)C)C(=O)N(C)[C@H](CC(C)C)C(=O)N(C)[C@@H](C)C(=O)N[C@@H](CC(C)C)C(=O)N2CCC[C@@H]2C(=O)O[C@@H]1C,-5.67
6281,CC(=O)N1CCC[C@H]1C(=O)N(C)[C@@H](CC(C)C)C(=O)N[C@@H]1C(=O)N[C@H](CC(C)C)C(=O)N[C@@H](CC(C)C)C(=O)N(C)[C@H](CC(C)C)C(=O)N(C)[C@H](C)C(=O)N[C@@H](CC(C)C)C(=O)N2CCC[C@@H]2C(=O)O[C@@H]1C,-5.39
6280,CC(=O)N1CCC[C@H]1C(=O)N(C)[C@@H](CC(C)C)C(=O)N[C@@H]1C(=O)N[C@H](CC(C)C)C(=O)N[C@@H](CC(C)C)C(=O)N(C)[C@H](CC(C)C)C(=O)N(C)[C@@H](C)C(=O)N[C@@H](CC(C)C)C(=O)N2CCC[C@@H]2C(=O)O[C@@H]1C,-5.24
6279,CC(=O)N1CCC[C@H]1C(=O)N(C)[C@@H](CC(C)C)C(=O)N[C@@H]1C(=O)N[C@H](CC(C)C)C(=O)N[C@@H](CC(C)C)C(=O)N(C)[C@H](CC(C)C)C(=O)N[C@H](C)C(=O)N[C@@H](CC(C)C)C(=O)N2CCC[C@@H]2C(=O)O[C@@H]1C,-5.34
6278,CC(=O)N1CCC[C@H]1C(=O)N(C)[C@@H](CC(C)C)C(=O)N[C@@H]1C(=O)N[C@H](CC(C)C)C(=O)N[C@@H](CC(C)C)C(=O)N(C)[C@H](CC(C)C)C(=O)N[C@@H](C)C(=O)N[C@@H](CC(C)C)C(=O)N2CCC[C@@H]2C(=O)O[C@@H]1C,-5.21
6277,CC(=O)N1CCC[C@H]1C(=O)N(C)[C@@H](CC(C)C)C(=O)N[C@@H]1C(=O)N[C@H](CC(C)C)C(=O)N[C@@H](CC(C)C)C(=O)N(C)[C@@H](CC(C)C)C(=O)N[C@@H](C)C(=O)N[C@@H](CC(C)C)C(=O)N2CCC[C@@H]2C(=O)O[C@@H]1C,-5.19
6276,CC(=O)N1CCC[C@H]1C(=O)N(C)[C@@H](CC(C)C)C(=O)N[C@@H]1C(=O)N[C@H](CC(C)C)C(=O)N[C@@H](CC(C)C)C(=O)N[C@H](CC(C)C)C(=O)N[C@H](C)C(=O)N[C@@H](CC(C)C)C(=O)N2CCC[C@@H]2C(=O)O[C@@H]1C,-6.88
6275,CC(=O)N1CCC[C@H]1C(=O)N(C)[C@@H](CC(C)C)C(=O)N[C@@H]1C(=O)N[C@H](CC(C)C)C(=O)N[C@@H](CC(C)C)C(=O)N[C@@H](CC(C)C)C(=O)N(C)[C@@H](C)C(=O)N[C@@H](CC(C)C)C(=O)N2CCC[C@@H]2C(=O)O[C@@H]1C,-6.43
6274,CC(=O)N1CCC[C@H]1C(=O)N(C)[C@@H](CC(C)C)C(=O)N[C@@H]1C(=O)N[C@@H](CC(C)C)C(=O)N(C)[C@H](CC(C)C)C(=O)N(C)[C@H](CC(C)C)C(=O)N(C)[C@@H](C)C(=O)N[C@@H](CC(C)C)C(=O)N2CCC[C@@H]2C(=O)O[C@@H]1C,-5.75
6273,CC(=O)N1CCC[C@H]1C(=O)N(C)[C@@H](CC(C)C)C(=O)N[C@@H]1C(=O)N[C@@H](CC(C)C)C(=O)N(C)[C@H](CC(C)C)C(=O)N(C)[C@H](CC(C)C)C(=O)N[C@H](C)C(=O)N[C@@H](CC(C)C)C(=O)N2CCC[C@@H]2C(=O)O[C@@H]1C,-5.04
6272,CC(=O)N1CCC[C@H]1C(=O)N(C)[C@@H](CC(C)C)C(=O)N[C@@H]1C(=O)N[C@@H](CC(C)C)C(=O)N(C)[C@H](CC(C)C)C(=O)N(C)[C@@H](CC(C)C)C(=O)N(C)[C@H](C)C(=O)N[C@@H](CC(C)C)C(=O)N2CCC[C@@H]2C(=O)O[C@@H]1C,-5.72
6271,CC(=O)N1CCC[C@H]1C(=O)N(C)[C@@H](CC(C)C)C(=O)N[C@@H]1C(=O)N[C@@H](CC(C)C)C(=O)N(C)[C@H](CC(C)C)C(=O)N(C)[C@@H](CC(C)C)C(=O)N(C)[C@@H](C)C(=O)N[C@@H](CC(C)C)C(=O)N2CCC[C@@H]2C(=O)O[C@@H]1C,-5.62
6270,CC(=O)N1CCC[C@H]1C(=O)N(C)[C@@H](CC(C)C)C(=O)N[C@@H]1C(=O)N[C@@H](CC(C)C)C(=O)N(C)[C@H](CC(C)C)C(=O)N[C@H](CC(C)C)C(=O)N(C)[C@H](C)C(=O)N[C@@H](CC(C)C)C(=O)N2CCC[C@@H]2C(=O)O[C@@H]1C,-5.17
6269,CC(=O)N1CCC[C@H]1C(=O)N(C)[C@@H](CC(C)C)C(=O)N[C@@H]1C(=O)N[C@@H](CC(C)C)C(=O)N(C)[C@H](CC(C)C)C(=O)N[C@H](CC(C)C)C(=O)N[C@H](C)C(=O)N[C@@H](CC(C)C)C(=O)N2CCC[C@@H]2C(=O)O[C@@H]1C,-5.89
6268,CC(=O)N1CCC[C@H]1C(=O)N(C)[C@@H](CC(C)C)C(=O)N[C@@H]1C(=O)N[C@@H](CC(C)C)C(=O)N(C)[C@@H](CC(C)C)C(=O)N(C)[C@H](CC(C)C)C(=O)N(C)[C@H](C)C(=O)N[C@@H](CC(C)C)C(=O)N2CCC[C@@H]2C(=O)O[C@@H]1C,-5.3
6267,CC(=O)N1CCC[C@H]1C(=O)N(C)[C@@H](CC(C)C)C(=O)N[C@@H]1C(=O)N[C@@H](CC(C)C)C(=O)N(C)[C@@H](CC(C)C)C(=O)N(C)[C@H](CC(C)C)C(=O)N[C@H](C)C(=O)N[C@@H](CC(C)C)C(=O)N2CCC[C@@H]2C(=O)O[C@@H]1C,-5.53
6266,CC(=O)N1CCC[C@H]1C(=O)N(C)[C@@H](CC(C)C)C(=O)N[C@@H]1C(=O)N[C@@H](CC(C)C)C(=O)N(C)[C@@H](CC(C)C)C(=O)N(C)[C@@H](CC(C)C)C(=O)N(C)[C@H](C)C(=O)N[C@@H](CC(C)C)C(=O)N2CCC[C@@H]2C(=O)O[C@@H]1C,-5.36
6265,CC(=O)N1CCC[C@H]1C(=O)N(C)[C@@H](CC(C)C)C(=O)N[C@@H]1C(=O)N[C@@H](CC(C)C)C(=O)N(C)[C@@H](CC(C)C)C(=O)N(C)[C@@H](CC(C)C)C(=O)N(C)[C@@H](C)C(=O)N[C@@H](CC(C)C)C(=O)N2CCC[C@@H]2C(=O)O[C@@H]1C,-5.75
6264,CC(=O)N1CCC[C@H]1C(=O)N(C)[C@@H](CC(C)C)C(=O)N[C@@H]1C(=O)N[C@@H](CC(C)C)C(=O)N(C)[C@@H](CC(C)C)C(=O)N[C@H](CC(C)C)C(=O)N(C)[C@H](C)C(=O)N[C@@H](CC(C)C)C(=O)N2CCC[C@@H]2C(=O)O[C@@H]1C,-5.02
6263,CC(=O)N1CCC[C@H]1C(=O)N(C)[C@@H](CC(C)C)C(=O)N[C@@H]1C(=O)N[C@@H](CC(C)C)C(=O)N(C)[C@@H](CC(C)C)C(=O)N[C@H](CC(C)C)C(=O)N(C)[C@@H](C)C(=O)N[C@@H](CC(C)C)C(=O)N2CCC[C@@H]2C(=O)O[C@@H]1C,-5.66
6262,CC(=O)N1CCC[C@H]1C(=O)N(C)[C@@H](CC(C)C)C(=O)N[C@@H]1C(=O)N[C@@H](CC(C)C)C(=O)N(C)[C@@H](CC(C)C)C(=O)N[C@H](CC(C)C)C(=O)N[C@H](C)C(=O)N[C@@H](CC(C)C)C(=O)N2CCC[C@@H]2C(=O)O[C@@H]1C,-5.24
6261,CC(=O)N1CCC[C@H]1C(=O)N(C)[C@@H](CC(C)C)C(=O)N[C@@H]1C(=O)N[C@@H](CC(C)C)C(=O)N(C)[C@@H](CC(C)C)C(=O)N[C@@H](CC(C)C)C(=O)N(C)[C@@H](C)C(=O)N[C@@H](CC(C)C)C(=O)N2CCC[C@@H]2C(=O)O[C@@H]1C,-6.03
6260,CC(=O)N1CCC[C@H]1C(=O)N(C)[C@@H](CC(C)C)C(=O)N[C@@H]1C(=O)N[C@@H](CC(C)C)C(=O)N[C@H](CC(C)C)C(=O)N(C)[C@H](CC(C)C)C(=O)N(C)[C@@H](C)C(=O)N[C@@H](CC(C)C)C(=O)N2CCC[C@@H]2C(=O)O[C@@H]1C,-5.94
6259,CC(=O)N1CCC[C@H]1C(=O)N(C)[C@@H](CC(C)C)C(=O)N[C@@H]1C(=O)N[C@@H](CC(C)C)C(=O)N[C@@H](CC(C)C)C(=O)N(C)[C@@H](CC(C)C)C(=O)N[C@@H](C)C(=O)N[C@@H](CC(C)C)C(=O)N2CCC[C@@H]2C(=O)O[C@@H]1C,-5.23
6258,CC(=O)N1CCC[C@H]1C(=O)N(C)[C@@H](CC(C)C)C(=O)N[C@@H]1C(=O)N[C@@H](CC(C)C)C(=O)N[C@@H](CC(C)C)C(=O)N[C@H](CC(C)C)C(=O)N[C@H](C)C(=O)N[C@@H](CC(C)C)C(=O)N2CCC[C@@H]2C(=O)O[C@@H]1C,-6.7
6257,CC(=O)N1CCC[C@@H]1C(=O)N(C)[C@H](CC(C)C)C(=O)N[C@@H]1C(=O)N(C)[C@H](CC(C)C)C(=O)N(C)[C@H](CC(C)C)C(=O)N[C@H](CC(C)C)C(=O)N(C)[C@H](C)C(=O)N[C@H](CC(C)C)C(=O)N2CCC[C@@H]2C(=O)O[C@@H]1C,-5.76
6256,CC(=O)N1CCC[C@@H]1C(=O)N(C)[C@H](CC(C)C)C(=O)N[C@@H]1C(=O)N(C)[C@H](CC(C)C)C(=O)N(C)[C@H](CC(C)C)C(=O)N[C@@H](CC(C)C)C(=O)N(C)[C@@H](C)C(=O)N[C@H](CC(C)C)C(=O)N2CCC[C@@H]2C(=O)O[C@@H]1C,-4.98
6255,CC(=O)N1CCC[C@@H]1C(=O)N(C)[C@H](CC(C)C)C(=O)N[C@@H]1C(=O)N(C)[C@H](CC(C)C)C(=O)N(C)[C@H](CC(C)C)C(=O)N[C@@H](CC(C)C)C(=O)N[C@@H](C)C(=O)N[C@H](CC(C)C)C(=O)N2CCC[C@@H]2C(=O)O[C@@H]1C,-5.46
6254,CC(=O)N1CCC[C@@H]1C(=O)N(C)[C@H](CC(C)C)C(=O)N[C@@H]1C(=O)N(C)[C@H](CC(C)C)C(=O)N(C)[C@@H](CC(C)C)C(=O)N(C)[C@H](CC(C)C)C(=O)N(C)[C@@H](C)C(=O)N[C@H](CC(C)C)C(=O)N2CCC[C@@H]2C(=O)O[C@@H]1C,-5.11
6253,CC(=O)N1CCC[C@@H]1C(=O)N(C)[C@H](CC(C)C)C(=O)N[C@@H]1C(=O)N(C)[C@H](CC(C)C)C(=O)N(C)[C@@H](CC(C)C)C(=O)N(C)[C@@H](CC(C)C)C(=O)N(C)[C@H](C)C(=O)N[C@H](CC(C)C)C(=O)N2CCC[C@@H]2C(=O)O[C@@H]1C,-5.78
6252,CC(=O)N1CCC[C@@H]1C(=O)N(C)[C@H](CC(C)C)C(=O)N[C@@H]1C(=O)N(C)[C@H](CC(C)C)C(=O)N(C)[C@@H](CC(C)C)C(=O)N[C@@H](CC(C)C)C(=O)N(C)[C@H](C)C(=O)N[C@H](CC(C)C)C(=O)N2CCC[C@@H]2C(=O)O[C@@H]1C,-5.92
6251,CC(=O)N1CCC[C@@H]1C(=O)N(C)[C@H](CC(C)C)C(=O)N[C@@H]1C(=O)N(C)[C@H](CC(C)C)C(=O)N(C)[C@@H](CC(C)C)C(=O)N[C@@H](CC(C)C)C(=O)N(C)[C@@H](C)C(=O)N[C@H](CC(C)C)C(=O)N2CCC[C@@H]2C(=O)O[C@@H]1C,-5.02
6250,CC(=O)N1CCC[C@@H]1C(=O)N(C)[C@H](CC(C)C)C(=O)N[C@@H]1C(=O)N(C)[C@H](CC(C)C)C(=O)N(C)[C@@H](CC(C)C)C(=O)N[C@@H](CC(C)C)C(=O)N[C@@H](C)C(=O)N[C@H](CC(C)C)C(=O)N2CCC[C@@H]2C(=O)O[C@@H]1C,-5.93
6249,CC(=O)N1CCC[C@@H]1C(=O)N(C)[C@H](CC(C)C)C(=O)N[C@@H]1C(=O)N(C)[C@H](CC(C)C)C(=O)N[C@H](CC(C)C)C(=O)N(C)[C@@H](CC(C)C)C(=O)N(C)[C@H](C)C(=O)N[C@H](CC(C)C)C(=O)N2CCC[C@@H]2C(=O)O[C@@H]1C,-5.53
6248,CC(=O)N1CCC[C@@H]1C(=O)N(C)[C@H](CC(C)C)C(=O)N[C@@H]1C(=O)N(C)[C@H](CC(C)C)C(=O)N[C@H](CC(C)C)C(=O)N(C)[C@@H](CC(C)C)C(=O)N(C)[C@@H](C)C(=O)N[C@H](CC(C)C)C(=O)N2CCC[C@@H]2C(=O)O[C@@H]1C,-5.59
6247,CC(=O)N1CCC[C@@H]1C(=O)N(C)[C@H](CC(C)C)C(=O)N[C@@H]1C(=O)N(C)[C@H](CC(C)C)C(=O)N[C@H](CC(C)C)C(=O)N[C@H](CC(C)C)C(=O)N[C@H](C)C(=O)N[C@H](CC(C)C)C(=O)N2CCC[C@@H]2C(=O)O[C@@H]1C,-7.34
6246,CC(=O)N1CCC[C@@H]1C(=O)N(C)[C@H](CC(C)C)C(=O)N[C@@H]1C(=O)N(C)[C@H](CC(C)C)C(=O)N[C@@H](CC(C)C)C(=O)N(C)[C@@H](CC(C)C)C(=O)N(C)[C@@H](C)C(=O)N[C@H](CC(C)C)C(=O)N2CCC[C@@H]2C(=O)O[C@@H]1C,-6.01
6245,CC(=O)N1CCC[C@@H]1C(=O)N(C)[C@H](CC(C)C)C(=O)N[C@@H]1C(=O)N(C)[C@@H](CC(C)C)C(=O)N(C)[C@H](CC(C)C)C(=O)N(C)[C@H](CC(C)C)C(=O)N(C)[C@H](C)C(=O)N[C@H](CC(C)C)C(=O)N2CCC[C@@H]2C(=O)O[C@@H]1C,-5.28
6244,CC(=O)N1CCC[C@@H]1C(=O)N(C)[C@H](CC(C)C)C(=O)N[C@@H]1C(=O)N(C)[C@@H](CC(C)C)C(=O)N(C)[C@H](CC(C)C)C(=O)N(C)[C@H](CC(C)C)C(=O)N(C)[C@@H](C)C(=O)N[C@H](CC(C)C)C(=O)N2CCC[C@@H]2C(=O)O[C@@H]1C,-5.49
6243,CC(=O)N1CCC[C@@H]1C(=O)N(C)[C@H](CC(C)C)C(=O)N[C@@H]1C(=O)N(C)[C@@H](CC(C)C)C(=O)N(C)[C@H](CC(C)C)C(=O)N(C)[C@@H](CC(C)C)C(=O)N(C)[C@@H](C)C(=O)N[C@H](CC(C)C)C(=O)N2CCC[C@@H]2C(=O)O[C@@H]1C,-5.22
6242,CC(=O)N1CCC[C@@H]1C(=O)N(C)[C@H](CC(C)C)C(=O)N[C@@H]1C(=O)N(C)[C@@H](CC(C)C)C(=O)N(C)[C@H](CC(C)C)C(=O)N[C@H](CC(C)C)C(=O)N(C)[C@@H](C)C(=O)N[C@H](CC(C)C)C(=O)N2CCC[C@@H]2C(=O)O[C@@H]1C,-6.06
6241,CC(=O)N1CCC[C@@H]1C(=O)N(C)[C@H](CC(C)C)C(=O)N[C@@H]1C(=O)N(C)[C@@H](CC(C)C)C(=O)N(C)[C@H](CC(C)C)C(=O)N[C@@H](CC(C)C)C(=O)N(C)[C@@H](C)C(=O)N[C@H](CC(C)C)C(=O)N2CCC[C@@H]2C(=O)O[C@@H]1C,-5.06
6240,CC(=O)N1CCC[C@@H]1C(=O)N(C)[C@H](CC(C)C)C(=O)N[C@@H]1C(=O)N(C)[C@@H](CC(C)C)C(=O)N(C)[C@@H](CC(C)C)C(=O)N(C)[C@H](CC(C)C)C(=O)N(C)[C@H](C)C(=O)N[C@H](CC(C)C)C(=O)N2CCC[C@@H]2C(=O)O[C@@H]1C,-5.17
6239,CC(=O)N1CCC[C@@H]1C(=O)N(C)[C@H](CC(C)C)C(=O)N[C@@H]1C(=O)N(C)[C@@H](CC(C)C)C(=O)N(C)[C@@H](CC(C)C)C(=O)N(C)[C@H](CC(C)C)C(=O)N(C)[C@@H](C)C(=O)N[C@H](CC(C)C)C(=O)N2CCC[C@@H]2C(=O)O[C@@H]1C,-5.09
6238,CC(=O)N1CCC[C@@H]1C(=O)N(C)[C@H](CC(C)C)C(=O)N[C@@H]1C(=O)N(C)[C@@H](CC(C)C)C(=O)N(C)[C@@H](CC(C)C)C(=O)N[C@H](CC(C)C)C(=O)N(C)[C@H](C)C(=O)N[C@H](CC(C)C)C(=O)N2CCC[C@@H]2C(=O)O[C@@H]1C,-5.63
6237,CC(=O)N1CCC[C@@H]1C(=O)N(C)[C@H](CC(C)C)C(=O)N[C@@H]1C(=O)N(C)[C@@H](CC(C)C)C(=O)N(C)[C@@H](CC(C)C)C(=O)N[C@H](CC(C)C)C(=O)N(C)[C@@H](C)C(=O)N[C@H](CC(C)C)C(=O)N2CCC[C@@H]2C(=O)O[C@@H]1C,-5.63
6236,CC(=O)N1CCC[C@@H]1C(=O)N(C)[C@H](CC(C)C)C(=O)N[C@@H]1C(=O)N(C)[C@@H](CC(C)C)C(=O)N(C)[C@@H](CC(C)C)C(=O)N[C@H](CC(C)C)C(=O)N[C@H](C)C(=O)N[C@H](CC(C)C)C(=O)N2CCC[C@@H]2C(=O)O[C@@H]1C,-5.82
6235,CC(=O)N1CCC[C@@H]1C(=O)N(C)[C@H](CC(C)C)C(=O)N[C@@H]1C(=O)N(C)[C@@H](CC(C)C)C(=O)N(C)[C@@H](CC(C)C)C(=O)N[C@@H](CC(C)C)C(=O)N(C)[C@@H](C)C(=O)N[C@H](CC(C)C)C(=O)N2CCC[C@@H]2C(=O)O[C@@H]1C,-5.26
6234,CC(=O)N1CCC[C@@H]1C(=O)N(C)[C@H](CC(C)C)C(=O)N[C@@H]1C(=O)N(C)[C@@H](CC(C)C)C(=O)N[C@H](CC(C)C)C(=O)N[C@H](CC(C)C)C(=O)N(C)[C@H](C)C(=O)N[C@H](CC(C)C)C(=O)N2CCC[C@@H]2C(=O)O[C@@H]1C,-6.17
6233,CC(=O)N1CCC[C@@H]1C(=O)N(C)[C@H](CC(C)C)C(=O)N[C@@H]1C(=O)N(C)[C@@H](CC(C)C)C(=O)N[C@H](CC(C)C)C(=O)N[C@H](CC(C)C)C(=O)N[C@H](C)C(=O)N[C@H](CC(C)C)C(=O)N2CCC[C@@H]2C(=O)O[C@@H]1C,-7.22
6232,CC(=O)N1CCC[C@@H]1C(=O)N(C)[C@H](CC(C)C)C(=O)N[C@@H]1C(=O)N(C)[C@@H](CC(C)C)C(=O)N[C@@H](CC(C)C)C(=O)N(C)[C@@H](CC(C)C)C(=O)N(C)[C@H](C)C(=O)N[C@H](CC(C)C)C(=O)N2CCC[C@@H]2C(=O)O[C@@H]1C,-5.25
6231,CC(=O)N1CCC[C@@H]1C(=O)N(C)[C@H](CC(C)C)C(=O)N[C@@H]1C(=O)N(C)[C@@H](CC(C)C)C(=O)N[C@@H](CC(C)C)C(=O)N(C)[C@@H](CC(C)C)C(=O)N(C)[C@@H](C)C(=O)N[C@H](CC(C)C)C(=O)N2CCC[C@@H]2C(=O)O[C@@H]1C,-5.93
6230,CC(=O)N1CCC[C@@H]1C(=O)N(C)[C@H](CC(C)C)C(=O)N[C@@H]1C(=O)N(C)[C@@H](CC(C)C)C(=O)N[C@@H](CC(C)C)C(=O)N(C)[C@@H](CC(C)C)C(=O)N[C@@H](C)C(=O)N[C@H](CC(C)C)C(=O)N2CCC[C@@H]2C(=O)O[C@@H]1C,-6.63
6229,CC(=O)N1CCC[C@@H]1C(=O)N(C)[C@H](CC(C)C)C(=O)N[C@@H]1C(=O)N(C)[C@@H](CC(C)C)C(=O)N[C@@H](CC(C)C)C(=O)N[C@@H](CC(C)C)C(=O)N[C@H](C)C(=O)N[C@H](CC(C)C)C(=O)N2CCC[C@@H]2C(=O)O[C@@H]1C,-6.95
6228,CC(=O)N1CCC[C@@H]1C(=O)N(C)[C@H](CC(C)C)C(=O)N[C@@H]1C(=O)N(C)[C@@H](CC(C)C)C(=O)N[C@@H](CC(C)C)C(=O)N[C@@H](CC(C)C)C(=O)N[C@@H](C)C(=O)N[C@H](CC(C)C)C(=O)N2CCC[C@@H]2C(=O)O[C@@H]1C,-8.7
6227,CC(=O)N1CCC[C@@H]1C(=O)N(C)[C@H](CC(C)C)C(=O)N[C@@H]1C(=O)N[C@H](CC(C)C)C(=O)N(C)[C@H](CC(C)C)C(=O)N(C)[C@H](CC(C)C)C(=O)N(C)[C@H](C)C(=O)N[C@H](CC(C)C)C(=O)N2CCC[C@@H]2C(=O)O[C@@H]1C,-5.44
6226,CC(=O)N1CCC[C@@H]1C(=O)N(C)[C@H](CC(C)C)C(=O)N[C@@H]1C(=O)N[C@H](CC(C)C)C(=O)N(C)[C@H](CC(C)C)C(=O)N(C)[C@@H](CC(C)C)C(=O)N(C)[C@@H](C)C(=O)N[C@H](CC(C)C)C(=O)N2CCC[C@@H]2C(=O)O[C@@H]1C,-5.16
6225,CC(=O)N1CCC[C@@H]1C(=O)N(C)[C@H](CC(C)C)C(=O)N[C@@H]1C(=O)N[C@H](CC(C)C)C(=O)N(C)[C@H](CC(C)C)C(=O)N[C@H](CC(C)C)C(=O)N(C)[C@H](C)C(=O)N[C@H](CC(C)C)C(=O)N2CCC[C@@H]2C(=O)O[C@@H]1C,-6.18
6224,CC(=O)N1CCC[C@@H]1C(=O)N(C)[C@H](CC(C)C)C(=O)N[C@@H]1C(=O)N[C@H](CC(C)C)C(=O)N(C)[C@H](CC(C)C)C(=O)N[C@H](CC(C)C)C(=O)N(C)[C@@H](C)C(=O)N[C@H](CC(C)C)C(=O)N2CCC[C@@H]2C(=O)O[C@@H]1C,-5.94
6223,CC(=O)N1CCC[C@@H]1C(=O)N(C)[C@H](CC(C)C)C(=O)N[C@@H]1C(=O)N[C@H](CC(C)C)C(=O)N(C)[C@H](CC(C)C)C(=O)N[C@H](CC(C)C)C(=O)N[C@H](C)C(=O)N[C@H](CC(C)C)C(=O)N2CCC[C@@H]2C(=O)O[C@@H]1C,-7.15
6222,CC(=O)N1CCC[C@@H]1C(=O)N(C)[C@H](CC(C)C)C(=O)N[C@@H]1C(=O)N[C@H](CC(C)C)C(=O)N(C)[C@H](CC(C)C)C(=O)N[C@@H](CC(C)C)C(=O)N[C@@H](C)C(=O)N[C@H](CC(C)C)C(=O)N2CCC[C@@H]2C(=O)O[C@@H]1C,-5.93
6221,CC(=O)N1CCC[C@@H]1C(=O)N(C)[C@H](CC(C)C)C(=O)N[C@@H]1C(=O)N[C@H](CC(C)C)C(=O)N(C)[C@@H](CC(C)C)C(=O)N[C@@H](CC(C)C)C(=O)N(C)[C@H](C)C(=O)N[C@H](CC(C)C)C(=O)N2CCC[C@@H]2C(=O)O[C@@H]1C,-5.86
6220,CC(=O)N1CCC[C@@H]1C(=O)N(C)[C@H](CC(C)C)C(=O)N[C@@H]1C(=O)N[C@H](CC(C)C)C(=O)N(C)[C@@H](CC(C)C)C(=O)N[C@@H](CC(C)C)C(=O)N[C@@H](C)C(=O)N[C@H](CC(C)C)C(=O)N2CCC[C@@H]2C(=O)O[C@@H]1C,-6.53
6219,CC(=O)N1CCC[C@@H]1C(=O)N(C)[C@H](CC(C)C)C(=O)N[C@@H]1C(=O)N[C@H](CC(C)C)C(=O)N[C@H](CC(C)C)C(=O)N(C)[C@H](CC(C)C)C(=O)N(C)[C@H](C)C(=O)N[C@H](CC(C)C)C(=O)N2CCC[C@@H]2C(=O)O[C@@H]1C,-6.08
6218,CC(=O)N1CCC[C@@H]1C(=O)N(C)[C@H](CC(C)C)C(=O)N[C@@H]1C(=O)N[C@H](CC(C)C)C(=O)N[C@H](CC(C)C)C(=O)N(C)[C@@H](CC(C)C)C(=O)N(C)[C@@H](C)C(=O)N[C@H](CC(C)C)C(=O)N2CCC[C@@H]2C(=O)O[C@@H]1C,-6.27
6217,CC(=O)N1CCC[C@@H]1C(=O)N(C)[C@H](CC(C)C)C(=O)N[C@@H]1C(=O)N[C@H](CC(C)C)C(=O)N[C@H](CC(C)C)C(=O)N[C@H](CC(C)C)C(=O)N(C)[C@H](C)C(=O)N[C@H](CC(C)C)C(=O)N2CCC[C@@H]2C(=O)O[C@@H]1C,-6.66
6216,CC(=O)N1CCC[C@@H]1C(=O)N(C)[C@H](CC(C)C)C(=O)N[C@@H]1C(=O)N[C@H](CC(C)C)C(=O)N[C@H](CC(C)C)C(=O)N[C@H](CC(C)C)C(=O)N(C)[C@@H](C)C(=O)N[C@H](CC(C)C)C(=O)N2CCC[C@@H]2C(=O)O[C@@H]1C,-6.34
6215,CC(=O)N1CCC[C@@H]1C(=O)N(C)[C@H](CC(C)C)C(=O)N[C@@H]1C(=O)N[C@H](CC(C)C)C(=O)N[C@H](CC(C)C)C(=O)N[C@H](CC(C)C)C(=O)N[C@H](C)C(=O)N[C@H](CC(C)C)C(=O)N2CCC[C@@H]2C(=O)O[C@@H]1C,-8.52
6214,CC(=O)N1CCC[C@@H]1C(=O)N(C)[C@H](CC(C)C)C(=O)N[C@@H]1C(=O)N[C@H](CC(C)C)C(=O)N[C@H](CC(C)C)C(=O)N[C@H](CC(C)C)C(=O)N[C@@H](C)C(=O)N[C@H](CC(C)C)C(=O)N2CCC[C@@H]2C(=O)O[C@@H]1C,-7.44
6213,CC(=O)N1CCC[C@@H]1C(=O)N(C)[C@H](CC(C)C)C(=O)N[C@@H]1C(=O)N[C@H](CC(C)C)C(=O)N[C@@H](CC(C)C)C(=O)N(C)[C@H](CC(C)C)C(=O)N[C@H](C)C(=O)N[C@H](CC(C)C)C(=O)N2CCC[C@@H]2C(=O)O[C@@H]1C,-6.1
6212,CC(=O)N1CCC[C@@H]1C(=O)N(C)[C@H](CC(C)C)C(=O)N[C@@H]1C(=O)N[C@H](CC(C)C)C(=O)N[C@@H](CC(C)C)C(=O)N[C@H](CC(C)C)C(=O)N(C)[C@H](C)C(=O)N[C@H](CC(C)C)C(=O)N2CCC[C@@H]2C(=O)O[C@@H]1C,-6.13
6211,CC(=O)N1CCC[C@@H]1C(=O)N(C)[C@H](CC(C)C)C(=O)N[C@@H]1C(=O)N[C@H](CC(C)C)C(=O)N[C@@H](CC(C)C)C(=O)N[C@H](CC(C)C)C(=O)N[C@@H](C)C(=O)N[C@H](CC(C)C)C(=O)N2CCC[C@@H]2C(=O)O[C@@H]1C,-7.6
6210,CC(=O)N1CCC[C@@H]1C(=O)N(C)[C@H](CC(C)C)C(=O)N[C@@H]1C(=O)N[C@H](CC(C)C)C(=O)N[C@@H](CC(C)C)C(=O)N[C@@H](CC(C)C)C(=O)N(C)[C@@H](C)C(=O)N[C@H](CC(C)C)C(=O)N2CCC[C@@H]2C(=O)O[C@@H]1C,-6.35
6209,CC(=O)N1CCC[C@@H]1C(=O)N(C)[C@H](CC(C)C)C(=O)N[C@@H]1C(=O)N[C@H](CC(C)C)C(=O)N[C@@H](CC(C)C)C(=O)N[C@@H](CC(C)C)C(=O)N[C@@H](C)C(=O)N[C@H](CC(C)C)C(=O)N2CCC[C@@H]2C(=O)O[C@@H]1C,-8.1
6208,CC(=O)N1CCC[C@@H]1C(=O)N(C)[C@H](CC(C)C)C(=O)N[C@@H]1C(=O)N[C@@H](CC(C)C)C(=O)N(C)[C@H](CC(C)C)C(=O)N(C)[C@H](CC(C)C)C(=O)N(C)[C@H](C)C(=O)N[C@H](CC(C)C)C(=O)N2CCC[C@@H]2C(=O)O[C@@H]1C,-5.94
6207,CC(=O)N1CCC[C@@H]1C(=O)N(C)[C@H](CC(C)C)C(=O)N[C@@H]1C(=O)N[C@@H](CC(C)C)C(=O)N(C)[C@H](CC(C)C)C(=O)N(C)[C@H](CC(C)C)C(=O)N(C)[C@@H](C)C(=O)N[C@H](CC(C)C)C(=O)N2CCC[C@@H]2C(=O)O[C@@H]1C,-5.71
6206,CC(=O)N1CCC[C@@H]1C(=O)N(C)[C@H](CC(C)C)C(=O)N[C@@H]1C(=O)N[C@@H](CC(C)C)C(=O)N(C)[C@H](CC(C)C)C(=O)N(C)[C@H](CC(C)C)C(=O)N[C@@H](C)C(=O)N[C@H](CC(C)C)C(=O)N2CCC[C@@H]2C(=O)O[C@@H]1C,-6.48
6205,CC(=O)N1CCC[C@@H]1C(=O)N(C)[C@H](CC(C)C)C(=O)N[C@@H]1C(=O)N[C@@H](CC(C)C)C(=O)N(C)[C@H](CC(C)C)C(=O)N(C)[C@@H](CC(C)C)C(=O)N(C)[C@@H](C)C(=O)N[C@H](CC(C)C)C(=O)N2CCC[C@@H]2C(=O)O[C@@H]1C,-5.94
6204,CC(=O)N1CCC[C@@H]1C(=O)N(C)[C@H](CC(C)C)C(=O)N[C@@H]1C(=O)N[C@@H](CC(C)C)C(=O)N(C)[C@H](CC(C)C)C(=O)N[C@H](CC(C)C)C(=O)N[C@H](C)C(=O)N[C@H](CC(C)C)C(=O)N2CCC[C@@H]2C(=O)O[C@@H]1C,-6.97
6203,CC(=O)N1CCC[C@@H]1C(=O)N(C)[C@H](CC(C)C)C(=O)N[C@@H]1C(=O)N[C@@H](CC(C)C)C(=O)N(C)[C@@H](CC(C)C)C(=O)N[C@@H](CC(C)C)C(=O)N(C)[C@H](C)C(=O)N[C@H](CC(C)C)C(=O)N2CCC[C@@H]2C(=O)O[C@@H]1C,-5.46
6202,CC(=O)N1CCC[C@@H]1C(=O)N(C)[C@H](CC(C)C)C(=O)N[C@@H]1C(=O)N[C@@H](CC(C)C)C(=O)N(C)[C@@H](CC(C)C)C(=O)N[C@@H](CC(C)C)C(=O)N(C)[C@@H](C)C(=O)N[C@H](CC(C)C)C(=O)N2CCC[C@@H]2C(=O)O[C@@H]1C,-5.96
6201,CC(=O)N1CCC[C@@H]1C(=O)N(C)[C@H](CC(C)C)C(=O)N[C@@H]1C(=O)N[C@@H](CC(C)C)C(=O)N[C@H](CC(C)C)C(=O)N(C)[C@H](CC(C)C)C(=O)N[C@@H](C)C(=O)N[C@H](CC(C)C)C(=O)N2CCC[C@@H]2C(=O)O[C@@H]1C,-7.19
6200,CC(=O)N1CCC[C@@H]1C(=O)N(C)[C@H](CC(C)C)C(=O)N[C@@H]1C(=O)N[C@@H](CC(C)C)C(=O)N[C@H](CC(C)C)C(=O)N(C)[C@@H](CC(C)C)C(=O)N(C)[C@@H](C)C(=O)N[C@H](CC(C)C)C(=O)N2CCC[C@@H]2C(=O)O[C@@H]1C,-5.7
6199,CC(=O)N1CCC[C@@H]1C(=O)N(C)[C@H](CC(C)C)C(=O)N[C@@H]1C(=O)N[C@@H](CC(C)C)C(=O)N[C@H](CC(C)C)C(=O)N[C@H](CC(C)C)C(=O)N[C@@H](C)C(=O)N[C@H](CC(C)C)C(=O)N2CCC[C@@H]2C(=O)O[C@@H]1C,-7.16
6198,CC(=O)N1CCC[C@@H]1C(=O)N(C)[C@H](CC(C)C)C(=O)N[C@@H]1C(=O)N[C@@H](CC(C)C)C(=O)N[C@@H](CC(C)C)C(=O)N(C)[C@H](CC(C)C)C(=O)N(C)[C@@H](C)C(=O)N[C@H](CC(C)C)C(=O)N2CCC[C@@H]2C(=O)O[C@@H]1C,-6.28
6197,CC(=O)N1CCC[C@@H]1C(=O)N(C)[C@H](CC(C)C)C(=O)N[C@@H]1C(=O)N[C@@H](CC(C)C)C(=O)N[C@@H](CC(C)C)C(=O)N(C)[C@@H](CC(C)C)C(=O)N(C)[C@H](C)C(=O)N[C@H](CC(C)C)C(=O)N2CCC[C@@H]2C(=O)O[C@@H]1C,-6.03
6196,CC(=O)N1CCC[C@@H]1C(=O)N(C)[C@H](CC(C)C)C(=O)N[C@@H]1C(=O)N[C@@H](CC(C)C)C(=O)N[C@@H](CC(C)C)C(=O)N(C)[C@@H](CC(C)C)C(=O)N(C)[C@@H](C)C(=O)N[C@H](CC(C)C)C(=O)N2CCC[C@@H]2C(=O)O[C@@H]1C,-6.78
6195,CC(=O)N1CCC[C@@H]1C(=O)N(C)[C@H](CC(C)C)C(=O)N[C@@H]1C(=O)N[C@@H](CC(C)C)C(=O)N[C@@H](CC(C)C)C(=O)N(C)[C@@H](CC(C)C)C(=O)N[C@@H](C)C(=O)N[C@H](CC(C)C)C(=O)N2CCC[C@@H]2C(=O)O[C@@H]1C,-6.86
6194,CC(=O)N1CCC[C@@H]1C(=O)N(C)[C@H](CC(C)C)C(=O)N[C@@H]1C(=O)N[C@@H](CC(C)C)C(=O)N[C@@H](CC(C)C)C(=O)N[C@H](CC(C)C)C(=O)N[C@@H](C)C(=O)N[C@H](CC(C)C)C(=O)N2CCC[C@@H]2C(=O)O[C@@H]1C,-8.7
6193,CC(=O)N1CCC[C@@H]1C(=O)N(C)[C@H](CC(C)C)C(=O)N[C@@H]1C(=O)N[C@@H](CC(C)C)C(=O)N[C@@H](CC(C)C)C(=O)N[C@@H](CC(C)C)C(=O)N(C)[C@@H](C)C(=O)N[C@H](CC(C)C)C(=O)N2CCC[C@@H]2C(=O)O[C@@H]1C,-6.66
6192,CC(=O)N1CCC[C@@H]1C(=O)N(C)[C@H](CC(C)C)C(=O)N[C@@H]1C(=O)N[C@@H](CC(C)C)C(=O)N[C@@H](CC(C)C)C(=O)N[C@@H](CC(C)C)C(=O)N[C@@H](C)C(=O)N[C@H](CC(C)C)C(=O)N2CCC[C@@H]2C(=O)O[C@@H]1C,-8.4
6191,CC(=O)N1CCC[C@@H]1C(=O)N(C)[C@H](CC(C)C)C(=O)N[C@@H]1C(=O)N(C)[C@H](CC(C)C)C(=O)N(C)[C@H](CC(C)C)C(=O)N(C)[C@@H](CC(C)C)C(=O)N(C)[C@H](C)C(=O)N[C@H](CC(C)C)C(=O)N2CCC[C@H]2C(=O)O[C@@H]1C,-5.2
6190,CC(=O)N1CCC[C@@H]1C(=O)N(C)[C@H](CC(C)C)C(=O)N[C@@H]1C(=O)N(C)[C@H](CC(C)C)C(=O)N(C)[C@H](CC(C)C)C(=O)N[C@H](CC(C)C)C(=O)N(C)[C@H](C)C(=O)N[C@H](CC(C)C)C(=O)N2CCC[C@H]2C(=O)O[C@@H]1C,-5.3
6189,CC(=O)N1CCC[C@@H]1C(=O)N(C)[C@H](CC(C)C)C(=O)N[C@@H]1C(=O)N(C)[C@H](CC(C)C)C(=O)N(C)[C@H](CC(C)C)C(=O)N[C@H](CC(C)C)C(=O)N(C)[C@@H](C)C(=O)N[C@H](CC(C)C)C(=O)N2CCC[C@H]2C(=O)O[C@@H]1C,-5.19
6188,CC(=O)N1CCC[C@@H]1C(=O)N(C)[C@H](CC(C)C)C(=O)N[C@@H]1C(=O)N(C)[C@H](CC(C)C)C(=O)N(C)[C@@H](CC(C)C)C(=O)N(C)[C@H](CC(C)C)C(=O)N(C)[C@H](C)C(=O)N[C@H](CC(C)C)C(=O)N2CCC[C@H]2C(=O)O[C@@H]1C,-5.43
6187,CC(=O)N1CCC[C@@H]1C(=O)N(C)[C@H](CC(C)C)C(=O)N[C@@H]1C(=O)N(C)[C@H](CC(C)C)C(=O)N(C)[C@@H](CC(C)C)C(=O)N(C)[C@@H](CC(C)C)C(=O)N[C@@H](C)C(=O)N[C@H](CC(C)C)C(=O)N2CCC[C@H]2C(=O)O[C@@H]1C,-5.01
6186,CC(=O)N1CCC[C@@H]1C(=O)N(C)[C@H](CC(C)C)C(=O)N[C@@H]1C(=O)N(C)[C@H](CC(C)C)C(=O)N[C@H](CC(C)C)C(=O)N[C@H](CC(C)C)C(=O)N[C@H](C)C(=O)N[C@H](CC(C)C)C(=O)N2CCC[C@H]2C(=O)O[C@@H]1C,-6.74
6185,CC(=O)N1CCC[C@@H]1C(=O)N(C)[C@H](CC(C)C)C(=O)N[C@@H]1C(=O)N(C)[C@H](CC(C)C)C(=O)N[C@@H](CC(C)C)C(=O)N(C)[C@H](CC(C)C)C(=O)N(C)[C@@H](C)C(=O)N[C@H](CC(C)C)C(=O)N2CCC[C@H]2C(=O)O[C@@H]1C,-5.16
6184,CC(=O)N1CCC[C@@H]1C(=O)N(C)[C@H](CC(C)C)C(=O)N[C@@H]1C(=O)N(C)[C@H](CC(C)C)C(=O)N[C@@H](CC(C)C)C(=O)N[C@H](CC(C)C)C(=O)N(C)[C@H](C)C(=O)N[C@H](CC(C)C)C(=O)N2CCC[C@H]2C(=O)O[C@@H]1C,-6.0
6183,CC(=O)N1CCC[C@@H]1C(=O)N(C)[C@H](CC(C)C)C(=O)N[C@@H]1C(=O)N(C)[C@H](CC(C)C)C(=O)N[C@@H](CC(C)C)C(=O)N[C@H](CC(C)C)C(=O)N[C@@H](C)C(=O)N[C@H](CC(C)C)C(=O)N2CCC[C@H]2C(=O)O[C@@H]1C,-6.85
6182,CC(=O)N1CCC[C@@H]1C(=O)N(C)[C@H](CC(C)C)C(=O)N[C@@H]1C(=O)N(C)[C@@H](CC(C)C)C(=O)N(C)[C@H](CC(C)C)C(=O)N(C)[C@H](CC(C)C)C(=O)N(C)[C@H](C)C(=O)N[C@H](CC(C)C)C(=O)N2CCC[C@H]2C(=O)O[C@@H]1C,-5.15
6181,CC(=O)N1CCC[C@@H]1C(=O)N(C)[C@H](CC(C)C)C(=O)N[C@@H]1C(=O)N(C)[C@@H](CC(C)C)C(=O)N(C)[C@H](CC(C)C)C(=O)N(C)[C@H](CC(C)C)C(=O)N[C@@H](C)C(=O)N[C@H](CC(C)C)C(=O)N2CCC[C@H]2C(=O)O[C@@H]1C,-5.26
6180,CC(=O)N1CCC[C@@H]1C(=O)N(C)[C@H](CC(C)C)C(=O)N[C@@H]1C(=O)N(C)[C@@H](CC(C)C)C(=O)N(C)[C@H](CC(C)C)C(=O)N(C)[C@@H](CC(C)C)C(=O)N(C)[C@H](C)C(=O)N[C@H](CC(C)C)C(=O)N2CCC[C@H]2C(=O)O[C@@H]1C,-5.49
6179,CC(=O)N1CCC[C@@H]1C(=O)N(C)[C@H](CC(C)C)C(=O)N[C@@H]1C(=O)N(C)[C@@H](CC(C)C)C(=O)N(C)[C@H](CC(C)C)C(=O)N(C)[C@@H](CC(C)C)C(=O)N(C)[C@@H](C)C(=O)N[C@H](CC(C)C)C(=O)N2CCC[C@H]2C(=O)O[C@@H]1C,-5.19
6178,CC(=O)N1CCC[C@@H]1C(=O)N(C)[C@H](CC(C)C)C(=O)N[C@@H]1C(=O)N(C)[C@@H](CC(C)C)C(=O)N(C)[C@H](CC(C)C)C(=O)N(C)[C@@H](CC(C)C)C(=O)N[C@@H](C)C(=O)N[C@H](CC(C)C)C(=O)N2CCC[C@H]2C(=O)O[C@@H]1C,-5.94
6177,CC(=O)N1CCC[C@@H]1C(=O)N(C)[C@H](CC(C)C)C(=O)N[C@@H]1C(=O)N(C)[C@@H](CC(C)C)C(=O)N(C)[C@H](CC(C)C)C(=O)N[C@@H](CC(C)C)C(=O)N(C)[C@H](C)C(=O)N[C@H](CC(C)C)C(=O)N2CCC[C@H]2C(=O)O[C@@H]1C,-5.63
6176,CC(=O)N1CCC[C@@H]1C(=O)N(C)[C@H](CC(C)C)C(=O)N[C@@H]1C(=O)N(C)[C@@H](CC(C)C)C(=O)N(C)[C@@H](CC(C)C)C(=O)N(C)[C@H](CC(C)C)C(=O)N(C)[C@@H](C)C(=O)N[C@H](CC(C)C)C(=O)N2CCC[C@H]2C(=O)O[C@@H]1C,-6.05
6175,CC(=O)N1CCC[C@@H]1C(=O)N(C)[C@H](CC(C)C)C(=O)N[C@@H]1C(=O)N(C)[C@@H](CC(C)C)C(=O)N(C)[C@@H](CC(C)C)C(=O)N(C)[C@@H](CC(C)C)C(=O)N[C@@H](C)C(=O)N[C@H](CC(C)C)C(=O)N2CCC[C@H]2C(=O)O[C@@H]1C,-6.09
6174,CC(=O)N1CCC[C@@H]1C(=O)N(C)[C@H](CC(C)C)C(=O)N[C@@H]1C(=O)N(C)[C@@H](CC(C)C)C(=O)N(C)[C@@H](CC(C)C)C(=O)N[C@H](CC(C)C)C(=O)N[C@H](C)C(=O)N[C@H](CC(C)C)C(=O)N2CCC[C@H]2C(=O)O[C@@H]1C,-6.47
6173,CC(=O)N1CCC[C@@H]1C(=O)N(C)[C@H](CC(C)C)C(=O)N[C@@H]1C(=O)N(C)[C@@H](CC(C)C)C(=O)N(C)[C@@H](CC(C)C)C(=O)N[C@@H](CC(C)C)C(=O)N[C@@H](C)C(=O)N[C@H](CC(C)C)C(=O)N2CCC[C@H]2C(=O)O[C@@H]1C,-7.1
6172,CC(=O)N1CCC[C@@H]1C(=O)N(C)[C@H](CC(C)C)C(=O)N[C@@H]1C(=O)N(C)[C@@H](CC(C)C)C(=O)N[C@H](CC(C)C)C(=O)N(C)[C@@H](CC(C)C)C(=O)N(C)[C@@H](C)C(=O)N[C@H](CC(C)C)C(=O)N2CCC[C@H]2C(=O)O[C@@H]1C,-5.44
6171,CC(=O)N1CCC[C@@H]1C(=O)N(C)[C@H](CC(C)C)C(=O)N[C@@H]1C(=O)N(C)[C@@H](CC(C)C)C(=O)N[C@H](CC(C)C)C(=O)N[C@H](CC(C)C)C(=O)N(C)[C@H](C)C(=O)N[C@H](CC(C)C)C(=O)N2CCC[C@H]2C(=O)O[C@@H]1C,-6.22
6170,CC(=O)N1CCC[C@@H]1C(=O)N(C)[C@H](CC(C)C)C(=O)N[C@@H]1C(=O)N(C)[C@@H](CC(C)C)C(=O)N[C@@H](CC(C)C)C(=O)N(C)[C@@H](CC(C)C)C(=O)N(C)[C@H](C)C(=O)N[C@H](CC(C)C)C(=O)N2CCC[C@H]2C(=O)O[C@@H]1C,-5.91
6169,CC(=O)N1CCC[C@@H]1C(=O)N(C)[C@H](CC(C)C)C(=O)N[C@@H]1C(=O)N(C)[C@@H](CC(C)C)C(=O)N[C@@H](CC(C)C)C(=O)N(C)[C@@H](CC(C)C)C(=O)N(C)[C@@H](C)C(=O)N[C@H](CC(C)C)C(=O)N2CCC[C@H]2C(=O)O[C@@H]1C,-6.91
6168,CC(=O)N1CCC[C@@H]1C(=O)N(C)[C@H](CC(C)C)C(=O)N[C@@H]1C(=O)N(C)[C@@H](CC(C)C)C(=O)N[C@@H](CC(C)C)C(=O)N(C)[C@@H](CC(C)C)C(=O)N[C@@H](C)C(=O)N[C@H](CC(C)C)C(=O)N2CCC[C@H]2C(=O)O[C@@H]1C,-6.18
6167,CC(=O)N1CCC[C@@H]1C(=O)N(C)[C@H](CC(C)C)C(=O)N[C@@H]1C(=O)N(C)[C@@H](CC(C)C)C(=O)N[C@@H](CC(C)C)C(=O)N[C@H](CC(C)C)C(=O)N[C@H](C)C(=O)N[C@H](CC(C)C)C(=O)N2CCC[C@H]2C(=O)O[C@@H]1C,-6.69
6166,CC(=O)N1CCC[C@@H]1C(=O)N(C)[C@H](CC(C)C)C(=O)N[C@@H]1C(=O)N(C)[C@@H](CC(C)C)C(=O)N[C@@H](CC(C)C)C(=O)N[C@H](CC(C)C)C(=O)N[C@@H](C)C(=O)N[C@H](CC(C)C)C(=O)N2CCC[C@H]2C(=O)O[C@@H]1C,-6.79
6165,CC(=O)N1CCC[C@@H]1C(=O)N(C)[C@H](CC(C)C)C(=O)N[C@@H]1C(=O)N(C)[C@@H](CC(C)C)C(=O)N[C@@H](CC(C)C)C(=O)N[C@@H](CC(C)C)C(=O)N(C)[C@@H](C)C(=O)N[C@H](CC(C)C)C(=O)N2CCC[C@H]2C(=O)O[C@@H]1C,-5.97
6164,CC(=O)N1CCC[C@@H]1C(=O)N(C)[C@H](CC(C)C)C(=O)N[C@@H]1C(=O)N(C)[C@@H](CC(C)C)C(=O)N[C@@H](CC(C)C)C(=O)N[C@@H](CC(C)C)C(=O)N[C@H](C)C(=O)N[C@H](CC(C)C)C(=O)N2CCC[C@H]2C(=O)O[C@@H]1C,-6.48
6163,CC(=O)N1CCC[C@@H]1C(=O)N(C)[C@H](CC(C)C)C(=O)N[C@@H]1C(=O)N(C)[C@@H](CC(C)C)C(=O)N[C@@H](CC(C)C)C(=O)N[C@@H](CC(C)C)C(=O)N[C@@H](C)C(=O)N[C@H](CC(C)C)C(=O)N2CCC[C@H]2C(=O)O[C@@H]1C,-7.35
6162,CC(=O)N1CCC[C@@H]1C(=O)N(C)[C@H](CC(C)C)C(=O)N[C@@H]1C(=O)N[C@H](CC(C)C)C(=O)N(C)[C@H](CC(C)C)C(=O)N(C)[C@H](CC(C)C)C(=O)N[C@@H](C)C(=O)N[C@H](CC(C)C)C(=O)N2CCC[C@H]2C(=O)O[C@@H]1C,-5.75
6161,CC(=O)N1CCC[C@@H]1C(=O)N(C)[C@H](CC(C)C)C(=O)N[C@@H]1C(=O)N[C@H](CC(C)C)C(=O)N(C)[C@H](CC(C)C)C(=O)N(C)[C@@H](CC(C)C)C(=O)N(C)[C@@H](C)C(=O)N[C@H](CC(C)C)C(=O)N2CCC[C@H]2C(=O)O[C@@H]1C,-5.33
6160,CC(=O)N1CCC[C@@H]1C(=O)N(C)[C@H](CC(C)C)C(=O)N[C@@H]1C(=O)N[C@H](CC(C)C)C(=O)N(C)[C@H](CC(C)C)C(=O)N(C)[C@@H](CC(C)C)C(=O)N[C@@H](C)C(=O)N[C@H](CC(C)C)C(=O)N2CCC[C@H]2C(=O)O[C@@H]1C,-9.0
6159,CC(=O)N1CCC[C@@H]1C(=O)N(C)[C@H](CC(C)C)C(=O)N[C@@H]1C(=O)N[C@H](CC(C)C)C(=O)N(C)[C@H](CC(C)C)C(=O)N[C@H](CC(C)C)C(=O)N(C)[C@H](C)C(=O)N[C@H](CC(C)C)C(=O)N2CCC[C@H]2C(=O)O[C@@H]1C,-5.5
6158,CC(=O)N1CCC[C@@H]1C(=O)N(C)[C@H](CC(C)C)C(=O)N[C@@H]1C(=O)N[C@H](CC(C)C)C(=O)N(C)[C@H](CC(C)C)C(=O)N[C@H](CC(C)C)C(=O)N(C)[C@@H](C)C(=O)N[C@H](CC(C)C)C(=O)N2CCC[C@H]2C(=O)O[C@@H]1C,-5.06
6157,CC(=O)N1CCC[C@@H]1C(=O)N(C)[C@H](CC(C)C)C(=O)N[C@@H]1C(=O)N[C@H](CC(C)C)C(=O)N(C)[C@H](CC(C)C)C(=O)N[C@H](CC(C)C)C(=O)N[C@@H](C)C(=O)N[C@H](CC(C)C)C(=O)N2CCC[C@H]2C(=O)O[C@@H]1C,-5.33
6156,CC(=O)N1CCC[C@@H]1C(=O)N(C)[C@H](CC(C)C)C(=O)N[C@@H]1C(=O)N[C@H](CC(C)C)C(=O)N(C)[C@H](CC(C)C)C(=O)N[C@@H](CC(C)C)C(=O)N(C)[C@H](C)C(=O)N[C@H](CC(C)C)C(=O)N2CCC[C@H]2C(=O)O[C@@H]1C,-5.16
6155,CC(=O)N1CCC[C@@H]1C(=O)N(C)[C@H](CC(C)C)C(=O)N[C@@H]1C(=O)N[C@H](CC(C)C)C(=O)N(C)[C@H](CC(C)C)C(=O)N[C@@H](CC(C)C)C(=O)N(C)[C@@H](C)C(=O)N[C@H](CC(C)C)C(=O)N2CCC[C@H]2C(=O)O[C@@H]1C,-5.12
6154,CC(=O)N1CCC[C@@H]1C(=O)N(C)[C@H](CC(C)C)C(=O)N[C@@H]1C(=O)N[C@H](CC(C)C)C(=O)N(C)[C@H](CC(C)C)C(=O)N[C@@H](CC(C)C)C(=O)N[C@@H](C)C(=O)N[C@H](CC(C)C)C(=O)N2CCC[C@H]2C(=O)O[C@@H]1C,-6.1
6153,CC(=O)N1CCC[C@@H]1C(=O)N(C)[C@H](CC(C)C)C(=O)N[C@@H]1C(=O)N[C@H](CC(C)C)C(=O)N(C)[C@@H](CC(C)C)C(=O)N(C)[C@H](CC(C)C)C(=O)N(C)[C@H](C)C(=O)N[C@H](CC(C)C)C(=O)N2CCC[C@H]2C(=O)O[C@@H]1C,-5.44
6152,CC(=O)N1CCC[C@@H]1C(=O)N(C)[C@H](CC(C)C)C(=O)N[C@@H]1C(=O)N[C@H](CC(C)C)C(=O)N(C)[C@@H](CC(C)C)C(=O)N(C)[C@H](CC(C)C)C(=O)N(C)[C@@H](C)C(=O)N[C@H](CC(C)C)C(=O)N2CCC[C@H]2C(=O)O[C@@H]1C,-5.3
6151,CC(=O)N1CCC[C@@H]1C(=O)N(C)[C@H](CC(C)C)C(=O)N[C@@H]1C(=O)N[C@H](CC(C)C)C(=O)N(C)[C@@H](CC(C)C)C(=O)N(C)[C@H](CC(C)C)C(=O)N[C@@H](C)C(=O)N[C@H](CC(C)C)C(=O)N2CCC[C@H]2C(=O)O[C@@H]1C,-5.52
6150,CC(=O)N1CCC[C@@H]1C(=O)N(C)[C@H](CC(C)C)C(=O)N[C@@H]1C(=O)N[C@H](CC(C)C)C(=O)N(C)[C@@H](CC(C)C)C(=O)N(C)[C@@H](CC(C)C)C(=O)N(C)[C@H](C)C(=O)N[C@H](CC(C)C)C(=O)N2CCC[C@H]2C(=O)O[C@@H]1C,-5.43
6149,CC(=O)N1CCC[C@@H]1C(=O)N(C)[C@H](CC(C)C)C(=O)N[C@@H]1C(=O)N[C@H](CC(C)C)C(=O)N(C)[C@@H](CC(C)C)C(=O)N(C)[C@@H](CC(C)C)C(=O)N(C)[C@@H](C)C(=O)N[C@H](CC(C)C)C(=O)N2CCC[C@H]2C(=O)O[C@@H]1C,-5.84
6148,CC(=O)N1CCC[C@@H]1C(=O)N(C)[C@H](CC(C)C)C(=O)N[C@@H]1C(=O)N[C@H](CC(C)C)C(=O)N(C)[C@@H](CC(C)C)C(=O)N(C)[C@@H](CC(C)C)C(=O)N[C@@H](C)C(=O)N[C@H](CC(C)C)C(=O)N2CCC[C@H]2C(=O)O[C@@H]1C,-5.64
6147,CC(=O)N1CCC[C@@H]1C(=O)N(C)[C@H](CC(C)C)C(=O)N[C@@H]1C(=O)N[C@H](CC(C)C)C(=O)N(C)[C@@H](CC(C)C)C(=O)N[C@H](CC(C)C)C(=O)N[C@@H](C)C(=O)N[C@H](CC(C)C)C(=O)N2CCC[C@H]2C(=O)O[C@@H]1C,-6.38
6146,CC(=O)N1CCC[C@@H]1C(=O)N(C)[C@H](CC(C)C)C(=O)N[C@@H]1C(=O)N[C@H](CC(C)C)C(=O)N(C)[C@@H](CC(C)C)C(=O)N[C@@H](CC(C)C)C(=O)N(C)[C@H](C)C(=O)N[C@H](CC(C)C)C(=O)N2CCC[C@H]2C(=O)O[C@@H]1C,-5.62
6145,CC(=O)N1CCC[C@@H]1C(=O)N(C)[C@H](CC(C)C)C(=O)N[C@@H]1C(=O)N[C@H](CC(C)C)C(=O)N(C)[C@@H](CC(C)C)C(=O)N[C@@H](CC(C)C)C(=O)N(C)[C@@H](C)C(=O)N[C@H](CC(C)C)C(=O)N2CCC[C@H]2C(=O)O[C@@H]1C,-5.07
6144,CC(=O)N1CCC[C@@H]1C(=O)N(C)[C@H](CC(C)C)C(=O)N[C@@H]1C(=O)N[C@H](CC(C)C)C(=O)N[C@H](CC(C)C)C(=O)N(C)[C@H](CC(C)C)C(=O)N(C)[C@H](C)C(=O)N[C@H](CC(C)C)C(=O)N2CCC[C@H]2C(=O)O[C@@H]1C,-6.79
6143,CC(=O)N1CCC[C@@H]1C(=O)N(C)[C@H](CC(C)C)C(=O)N[C@@H]1C(=O)N[C@H](CC(C)C)C(=O)N[C@H](CC(C)C)C(=O)N(C)[C@H](CC(C)C)C(=O)N(C)[C@@H](C)C(=O)N[C@H](CC(C)C)C(=O)N2CCC[C@H]2C(=O)O[C@@H]1C,-5.5
6142,CC(=O)N1CCC[C@@H]1C(=O)N(C)[C@H](CC(C)C)C(=O)N[C@@H]1C(=O)N[C@H](CC(C)C)C(=O)N[C@H](CC(C)C)C(=O)N(C)[C@H](CC(C)C)C(=O)N[C@H](C)C(=O)N[C@H](CC(C)C)C(=O)N2CCC[C@H]2C(=O)O[C@@H]1C,-5.7
6141,CC(=O)N1CCC[C@@H]1C(=O)N(C)[C@H](CC(C)C)C(=O)N[C@@H]1C(=O)N[C@H](CC(C)C)C(=O)N[C@H](CC(C)C)C(=O)N(C)[C@H](CC(C)C)C(=O)N[C@@H](C)C(=O)N[C@H](CC(C)C)C(=O)N2CCC[C@H]2C(=O)O[C@@H]1C,-5.67
6140,CC(=O)N1CCC[C@@H]1C(=O)N(C)[C@H](CC(C)C)C(=O)N[C@@H]1C(=O)N[C@H](CC(C)C)C(=O)N[C@H](CC(C)C)C(=O)N(C)[C@@H](CC(C)C)C(=O)N(C)[C@H](C)C(=O)N[C@H](CC(C)C)C(=O)N2CCC[C@H]2C(=O)O[C@@H]1C,-5.95
6139,CC(=O)N1CCC[C@@H]1C(=O)N(C)[C@H](CC(C)C)C(=O)N[C@@H]1C(=O)N[C@H](CC(C)C)C(=O)N[C@H](CC(C)C)C(=O)N(C)[C@@H](CC(C)C)C(=O)N(C)[C@@H](C)C(=O)N[C@H](CC(C)C)C(=O)N2CCC[C@H]2C(=O)O[C@@H]1C,-5.87
6138,CC(=O)N1CCC[C@@H]1C(=O)N(C)[C@H](CC(C)C)C(=O)N[C@@H]1C(=O)N[C@H](CC(C)C)C(=O)N[C@H](CC(C)C)C(=O)N(C)[C@@H](CC(C)C)C(=O)N[C@@H](C)C(=O)N[C@H](CC(C)C)C(=O)N2CCC[C@H]2C(=O)O[C@@H]1C,-6.79
6137,CC(=O)N1CCC[C@@H]1C(=O)N(C)[C@H](CC(C)C)C(=O)N[C@@H]1C(=O)N[C@H](CC(C)C)C(=O)N[C@H](CC(C)C)C(=O)N[C@H](CC(C)C)C(=O)N(C)[C@H](C)C(=O)N[C@H](CC(C)C)C(=O)N2CCC[C@H]2C(=O)O[C@@H]1C,-6.39
6136,CC(=O)N1CCC[C@@H]1C(=O)N(C)[C@H](CC(C)C)C(=O)N[C@@H]1C(=O)N[C@H](CC(C)C)C(=O)N[C@H](CC(C)C)C(=O)N[C@H](CC(C)C)C(=O)N(C)[C@@H](C)C(=O)N[C@H](CC(C)C)C(=O)N2CCC[C@H]2C(=O)O[C@@H]1C,-6.22
6135,CC(=O)N1CCC[C@@H]1C(=O)N(C)[C@H](CC(C)C)C(=O)N[C@@H]1C(=O)N[C@H](CC(C)C)C(=O)N[C@H](CC(C)C)C(=O)N[C@H](CC(C)C)C(=O)N[C@H](C)C(=O)N[C@H](CC(C)C)C(=O)N2CCC[C@H]2C(=O)O[C@@H]1C,-6.44
6134,CC(=O)N1CCC[C@@H]1C(=O)N(C)[C@H](CC(C)C)C(=O)N[C@@H]1C(=O)N[C@H](CC(C)C)C(=O)N[C@H](CC(C)C)C(=O)N[C@H](CC(C)C)C(=O)N[C@@H](C)C(=O)N[C@H](CC(C)C)C(=O)N2CCC[C@H]2C(=O)O[C@@H]1C,-6.28
6133,CC(=O)N1CCC[C@@H]1C(=O)N(C)[C@H](CC(C)C)C(=O)N[C@@H]1C(=O)N[C@H](CC(C)C)C(=O)N[C@H](CC(C)C)C(=O)N[C@@H](CC(C)C)C(=O)N(C)[C@H](C)C(=O)N[C@H](CC(C)C)C(=O)N2CCC[C@H]2C(=O)O[C@@H]1C,-5.99
6132,CC(=O)N1CCC[C@@H]1C(=O)N(C)[C@H](CC(C)C)C(=O)N[C@@H]1C(=O)N[C@H](CC(C)C)C(=O)N[C@H](CC(C)C)C(=O)N[C@@H](CC(C)C)C(=O)N(C)[C@@H](C)C(=O)N[C@H](CC(C)C)C(=O)N2CCC[C@H]2C(=O)O[C@@H]1C,-5.92
6131,CC(=O)N1CCC[C@@H]1C(=O)N(C)[C@H](CC(C)C)C(=O)N[C@@H]1C(=O)N[C@H](CC(C)C)C(=O)N[C@H](CC(C)C)C(=O)N[C@@H](CC(C)C)C(=O)N[C@@H](C)C(=O)N[C@H](CC(C)C)C(=O)N2CCC[C@H]2C(=O)O[C@@H]1C,-6.66
6130,CC(=O)N1CCC[C@@H]1C(=O)N(C)[C@H](CC(C)C)C(=O)N[C@@H]1C(=O)N[C@H](CC(C)C)C(=O)N[C@@H](CC(C)C)C(=O)N(C)[C@H](CC(C)C)C(=O)N(C)[C@@H](C)C(=O)N[C@H](CC(C)C)C(=O)N2CCC[C@H]2C(=O)O[C@@H]1C,-5.3
6129,CC(=O)N1CCC[C@@H]1C(=O)N(C)[C@H](CC(C)C)C(=O)N[C@@H]1C(=O)N[C@H](CC(C)C)C(=O)N[C@@H](CC(C)C)C(=O)N(C)[C@H](CC(C)C)C(=O)N[C@H](C)C(=O)N[C@H](CC(C)C)C(=O)N2CCC[C@H]2C(=O)O[C@@H]1C,-6.01
6128,CC(=O)N1CCC[C@@H]1C(=O)N(C)[C@H](CC(C)C)C(=O)N[C@@H]1C(=O)N[C@H](CC(C)C)C(=O)N[C@@H](CC(C)C)C(=O)N(C)[C@H](CC(C)C)C(=O)N[C@@H](C)C(=O)N[C@H](CC(C)C)C(=O)N2CCC[C@H]2C(=O)O[C@@H]1C,-5.81
6127,CC(=O)N1CCC[C@@H]1C(=O)N(C)[C@H](CC(C)C)C(=O)N[C@@H]1C(=O)N[C@H](CC(C)C)C(=O)N[C@@H](CC(C)C)C(=O)N(C)[C@@H](CC(C)C)C(=O)N[C@@H](C)C(=O)N[C@H](CC(C)C)C(=O)N2CCC[C@H]2C(=O)O[C@@H]1C,-5.89
6126,CC(=O)N1CCC[C@@H]1C(=O)N(C)[C@H](CC(C)C)C(=O)N[C@@H]1C(=O)N[C@H](CC(C)C)C(=O)N[C@@H](CC(C)C)C(=O)N[C@H](CC(C)C)C(=O)N(C)[C@H](C)C(=O)N[C@H](CC(C)C)C(=O)N2CCC[C@H]2C(=O)O[C@@H]1C,-6.37
6125,CC(=O)N1CCC[C@@H]1C(=O)N(C)[C@H](CC(C)C)C(=O)N[C@@H]1C(=O)N[C@H](CC(C)C)C(=O)N[C@@H](CC(C)C)C(=O)N[C@H](CC(C)C)C(=O)N[C@H](C)C(=O)N[C@H](CC(C)C)C(=O)N2CCC[C@H]2C(=O)O[C@@H]1C,-6.96
6124,CC(=O)N1CCC[C@@H]1C(=O)N(C)[C@H](CC(C)C)C(=O)N[C@@H]1C(=O)N[C@H](CC(C)C)C(=O)N[C@@H](CC(C)C)C(=O)N[C@H](CC(C)C)C(=O)N[C@@H](C)C(=O)N[C@H](CC(C)C)C(=O)N2CCC[C@H]2C(=O)O[C@@H]1C,-7.14
6123,CC(=O)N1CCC[C@@H]1C(=O)N(C)[C@H](CC(C)C)C(=O)N[C@@H]1C(=O)N[C@H](CC(C)C)C(=O)N[C@@H](CC(C)C)C(=O)N[C@@H](CC(C)C)C(=O)N[C@@H](C)C(=O)N[C@H](CC(C)C)C(=O)N2CCC[C@H]2C(=O)O[C@@H]1C,-7.1
6122,CC(=O)N1CCC[C@@H]1C(=O)N(C)[C@H](CC(C)C)C(=O)N[C@@H]1C(=O)N[C@@H](CC(C)C)C(=O)N(C)[C@H](CC(C)C)C(=O)N(C)[C@@H](CC(C)C)C(=O)N(C)[C@@H](C)C(=O)N[C@H](CC(C)C)C(=O)N2CCC[C@H]2C(=O)O[C@@H]1C,-5.87
6121,CC(=O)N1CCC[C@@H]1C(=O)N(C)[C@H](CC(C)C)C(=O)N[C@@H]1C(=O)N[C@@H](CC(C)C)C(=O)N(C)[C@H](CC(C)C)C(=O)N[C@H](CC(C)C)C(=O)N(C)[C@H](C)C(=O)N[C@H](CC(C)C)C(=O)N2CCC[C@H]2C(=O)O[C@@H]1C,-6.49
6120,CC(=O)N1CCC[C@@H]1C(=O)N(C)[C@H](CC(C)C)C(=O)N[C@@H]1C(=O)N[C@@H](CC(C)C)C(=O)N(C)[C@@H](CC(C)C)C(=O)N(C)[C@H](CC(C)C)C(=O)N(C)[C@H](C)C(=O)N[C@H](CC(C)C)C(=O)N2CCC[C@H]2C(=O)O[C@@H]1C,-5.83
6119,CC(=O)N1CCC[C@@H]1C(=O)N(C)[C@H](CC(C)C)C(=O)N[C@@H]1C(=O)N[C@@H](CC(C)C)C(=O)N(C)[C@@H](CC(C)C)C(=O)N(C)[C@H](CC(C)C)C(=O)N(C)[C@@H](C)C(=O)N[C@H](CC(C)C)C(=O)N2CCC[C@H]2C(=O)O[C@@H]1C,-6.51
6118,CC(=O)N1CCC[C@@H]1C(=O)N(C)[C@H](CC(C)C)C(=O)N[C@@H]1C(=O)N[C@@H](CC(C)C)C(=O)N(C)[C@@H](CC(C)C)C(=O)N(C)[C@H](CC(C)C)C(=O)N[C@@H](C)C(=O)N[C@H](CC(C)C)C(=O)N2CCC[C@H]2C(=O)O[C@@H]1C,-6.68
6117,CC(=O)N1CCC[C@@H]1C(=O)N(C)[C@H](CC(C)C)C(=O)N[C@@H]1C(=O)N[C@@H](CC(C)C)C(=O)N(C)[C@@H](CC(C)C)C(=O)N(C)[C@@H](CC(C)C)C(=O)N[C@@H](C)C(=O)N[C@H](CC(C)C)C(=O)N2CCC[C@H]2C(=O)O[C@@H]1C,-6.47
6116,CC(=O)N1CCC[C@@H]1C(=O)N(C)[C@H](CC(C)C)C(=O)N[C@@H]1C(=O)N[C@@H](CC(C)C)C(=O)N(C)[C@@H](CC(C)C)C(=O)N[C@@H](CC(C)C)C(=O)N(C)[C@@H](C)C(=O)N[C@H](CC(C)C)C(=O)N2CCC[C@H]2C(=O)O[C@@H]1C,-6.32
6115,CC(=O)N1CCC[C@@H]1C(=O)N(C)[C@H](CC(C)C)C(=O)N[C@@H]1C(=O)N[C@@H](CC(C)C)C(=O)N(C)[C@@H](CC(C)C)C(=O)N[C@@H](CC(C)C)C(=O)N[C@@H](C)C(=O)N[C@H](CC(C)C)C(=O)N2CCC[C@H]2C(=O)O[C@@H]1C,-6.67
6114,CC(=O)N1CCC[C@@H]1C(=O)N(C)[C@H](CC(C)C)C(=O)N[C@@H]1C(=O)N[C@@H](CC(C)C)C(=O)N[C@H](CC(C)C)C(=O)N(C)[C@H](CC(C)C)C(=O)N(C)[C@@H](C)C(=O)N[C@H](CC(C)C)C(=O)N2CCC[C@H]2C(=O)O[C@@H]1C,-5.99
6113,CC(=O)N1CCC[C@@H]1C(=O)N(C)[C@H](CC(C)C)C(=O)N[C@@H]1C(=O)N[C@@H](CC(C)C)C(=O)N[C@H](CC(C)C)C(=O)N(C)[C@@H](CC(C)C)C(=O)N(C)[C@@H](C)C(=O)N[C@H](CC(C)C)C(=O)N2CCC[C@H]2C(=O)O[C@@H]1C,-5.6
6112,CC(=O)N1CCC[C@@H]1C(=O)N(C)[C@H](CC(C)C)C(=O)N[C@@H]1C(=O)N[C@@H](CC(C)C)C(=O)N[C@H](CC(C)C)C(=O)N(C)[C@@H](CC(C)C)C(=O)N[C@@H](C)C(=O)N[C@H](CC(C)C)C(=O)N2CCC[C@H]2C(=O)O[C@@H]1C,-6.12
6111,CC(=O)N1CCC[C@@H]1C(=O)N(C)[C@H](CC(C)C)C(=O)N[C@@H]1C(=O)N[C@@H](CC(C)C)C(=O)N[C@H](CC(C)C)C(=O)N[C@H](CC(C)C)C(=O)N(C)[C@H](C)C(=O)N[C@H](CC(C)C)C(=O)N2CCC[C@H]2C(=O)O[C@@H]1C,-7.18
6110,CC(=O)N1CCC[C@@H]1C(=O)N(C)[C@H](CC(C)C)C(=O)N[C@@H]1C(=O)N[C@@H](CC(C)C)C(=O)N[C@H](CC(C)C)C(=O)N[C@H](CC(C)C)C(=O)N(C)[C@@H](C)C(=O)N[C@H](CC(C)C)C(=O)N2CCC[C@H]2C(=O)O[C@@H]1C,-7.11
6109,CC(=O)N1CCC[C@@H]1C(=O)N(C)[C@H](CC(C)C)C(=O)N[C@@H]1C(=O)N[C@@H](CC(C)C)C(=O)N[C@H](CC(C)C)C(=O)N[C@H](CC(C)C)C(=O)N[C@H](C)C(=O)N[C@H](CC(C)C)C(=O)N2CCC[C@H]2C(=O)O[C@@H]1C,-7.26
6108,CC(=O)N1CCC[C@@H]1C(=O)N(C)[C@H](CC(C)C)C(=O)N[C@@H]1C(=O)N[C@@H](CC(C)C)C(=O)N[C@H](CC(C)C)C(=O)N[C@H](CC(C)C)C(=O)N[C@@H](C)C(=O)N[C@H](CC(C)C)C(=O)N2CCC[C@H]2C(=O)O[C@@H]1C,-7.1
6107,CC(=O)N1CCC[C@@H]1C(=O)N(C)[C@H](CC(C)C)C(=O)N[C@@H]1C(=O)N[C@@H](CC(C)C)C(=O)N[C@H](CC(C)C)C(=O)N[C@@H](CC(C)C)C(=O)N[C@@H](C)C(=O)N[C@H](CC(C)C)C(=O)N2CCC[C@H]2C(=O)O[C@@H]1C,-6.96
6106,CC(=O)N1CCC[C@@H]1C(=O)N(C)[C@H](CC(C)C)C(=O)N[C@@H]1C(=O)N[C@@H](CC(C)C)C(=O)N[C@@H](CC(C)C)C(=O)N(C)[C@H](CC(C)C)C(=O)N(C)[C@H](C)C(=O)N[C@H](CC(C)C)C(=O)N2CCC[C@H]2C(=O)O[C@@H]1C,-6.48
6105,CC(=O)N1CCC[C@@H]1C(=O)N(C)[C@H](CC(C)C)C(=O)N[C@@H]1C(=O)N[C@@H](CC(C)C)C(=O)N[C@@H](CC(C)C)C(=O)N(C)[C@H](CC(C)C)C(=O)N(C)[C@@H](C)C(=O)N[C@H](CC(C)C)C(=O)N2CCC[C@H]2C(=O)O[C@@H]1C,-6.1
6104,CC(=O)N1CCC[C@@H]1C(=O)N(C)[C@H](CC(C)C)C(=O)N[C@@H]1C(=O)N[C@@H](CC(C)C)C(=O)N[C@@H](CC(C)C)C(=O)N(C)[C@@H](CC(C)C)C(=O)N(C)[C@H](C)C(=O)N[C@H](CC(C)C)C(=O)N2CCC[C@H]2C(=O)O[C@@H]1C,-6.42
6103,CC(=O)N1CCC[C@@H]1C(=O)N(C)[C@H](CC(C)C)C(=O)N[C@@H]1C(=O)N[C@@H](CC(C)C)C(=O)N[C@@H](CC(C)C)C(=O)N(C)[C@@H](CC(C)C)C(=O)N(C)[C@@H](C)C(=O)N[C@H](CC(C)C)C(=O)N2CCC[C@H]2C(=O)O[C@@H]1C,-6.87
6102,CC(=O)N1CCC[C@@H]1C(=O)N(C)[C@H](CC(C)C)C(=O)N[C@@H]1C(=O)N[C@@H](CC(C)C)C(=O)N[C@@H](CC(C)C)C(=O)N(C)[C@@H](CC(C)C)C(=O)N[C@@H](C)C(=O)N[C@H](CC(C)C)C(=O)N2CCC[C@H]2C(=O)O[C@@H]1C,-6.4
6101,CC(=O)N1CCC[C@@H]1C(=O)N(C)[C@H](CC(C)C)C(=O)N[C@@H]1C(=O)N[C@@H](CC(C)C)C(=O)N[C@@H](CC(C)C)C(=O)N[C@H](CC(C)C)C(=O)N(C)[C@H](C)C(=O)N[C@H](CC(C)C)C(=O)N2CCC[C@H]2C(=O)O[C@@H]1C,-6.34
6100,CC(=O)N1CCC[C@@H]1C(=O)N(C)[C@H](CC(C)C)C(=O)N[C@@H]1C(=O)N[C@@H](CC(C)C)C(=O)N[C@@H](CC(C)C)C(=O)N[C@@H](CC(C)C)C(=O)N(C)[C@H](C)C(=O)N[C@H](CC(C)C)C(=O)N2CCC[C@H]2C(=O)O[C@@H]1C,-6.28
6099,CC(=O)N1CCC[C@H]1C(=O)N(C)[C@H](CC(C)C)C(=O)N[C@@H]1C(=O)N(C)[C@H](CC(C)C)C(=O)N(C)[C@H](CC(C)C)C(=O)N[C@H](CC(C)C)C(=O)N(C)[C@H](C)C(=O)N[C@H](CC(C)C)C(=O)N2CCC[C@@H]2C(=O)O[C@@H]1C,-5.52
6098,CC(=O)N1CCC[C@H]1C(=O)N(C)[C@H](CC(C)C)C(=O)N[C@@H]1C(=O)N(C)[C@H](CC(C)C)C(=O)N(C)[C@H](CC(C)C)C(=O)N[C@H](CC(C)C)C(=O)N(C)[C@@H](C)C(=O)N[C@H](CC(C)C)C(=O)N2CCC[C@@H]2C(=O)O[C@@H]1C,-5.5
6097,CC(=O)N1CCC[C@H]1C(=O)N(C)[C@H](CC(C)C)C(=O)N[C@@H]1C(=O)N(C)[C@H](CC(C)C)C(=O)N(C)[C@H](CC(C)C)C(=O)N[C@H](CC(C)C)C(=O)N[C@@H](C)C(=O)N[C@H](CC(C)C)C(=O)N2CCC[C@@H]2C(=O)O[C@@H]1C,-5.53
6096,CC(=O)N1CCC[C@H]1C(=O)N(C)[C@H](CC(C)C)C(=O)N[C@@H]1C(=O)N(C)[C@H](CC(C)C)C(=O)N(C)[C@H](CC(C)C)C(=O)N[C@@H](CC(C)C)C(=O)N(C)[C@@H](C)C(=O)N[C@H](CC(C)C)C(=O)N2CCC[C@@H]2C(=O)O[C@@H]1C,-5.15
6095,CC(=O)N1CCC[C@H]1C(=O)N(C)[C@H](CC(C)C)C(=O)N[C@@H]1C(=O)N(C)[C@H](CC(C)C)C(=O)N(C)[C@@H](CC(C)C)C(=O)N(C)[C@H](CC(C)C)C(=O)N(C)[C@H](C)C(=O)N[C@H](CC(C)C)C(=O)N2CCC[C@@H]2C(=O)O[C@@H]1C,-5.03
6094,CC(=O)N1CCC[C@H]1C(=O)N(C)[C@H](CC(C)C)C(=O)N[C@@H]1C(=O)N(C)[C@H](CC(C)C)C(=O)N(C)[C@@H](CC(C)C)C(=O)N[C@@H](CC(C)C)C(=O)N(C)[C@H](C)C(=O)N[C@H](CC(C)C)C(=O)N2CCC[C@@H]2C(=O)O[C@@H]1C,-5.81
6093,CC(=O)N1CCC[C@H]1C(=O)N(C)[C@H](CC(C)C)C(=O)N[C@@H]1C(=O)N(C)[C@H](CC(C)C)C(=O)N(C)[C@@H](CC(C)C)C(=O)N[C@@H](CC(C)C)C(=O)N(C)[C@@H](C)C(=O)N[C@H](CC(C)C)C(=O)N2CCC[C@@H]2C(=O)O[C@@H]1C,-5.14
6092,CC(=O)N1CCC[C@H]1C(=O)N(C)[C@H](CC(C)C)C(=O)N[C@@H]1C(=O)N(C)[C@H](CC(C)C)C(=O)N(C)[C@@H](CC(C)C)C(=O)N[C@@H](CC(C)C)C(=O)N[C@@H](C)C(=O)N[C@H](CC(C)C)C(=O)N2CCC[C@@H]2C(=O)O[C@@H]1C,-5.56
6091,CC(=O)N1CCC[C@H]1C(=O)N(C)[C@H](CC(C)C)C(=O)N[C@@H]1C(=O)N(C)[C@H](CC(C)C)C(=O)N[C@H](CC(C)C)C(=O)N(C)[C@@H](CC(C)C)C(=O)N(C)[C@H](C)C(=O)N[C@H](CC(C)C)C(=O)N2CCC[C@@H]2C(=O)O[C@@H]1C,-5.2
6090,CC(=O)N1CCC[C@H]1C(=O)N(C)[C@H](CC(C)C)C(=O)N[C@@H]1C(=O)N(C)[C@H](CC(C)C)C(=O)N[C@H](CC(C)C)C(=O)N[C@H](CC(C)C)C(=O)N(C)[C@H](C)C(=O)N[C@H](CC(C)C)C(=O)N2CCC[C@@H]2C(=O)O[C@@H]1C,-6.45
6089,CC(=O)N1CCC[C@H]1C(=O)N(C)[C@H](CC(C)C)C(=O)N[C@@H]1C(=O)N(C)[C@H](CC(C)C)C(=O)N[C@H](CC(C)C)C(=O)N[C@H](CC(C)C)C(=O)N[C@H](C)C(=O)N[C@H](CC(C)C)C(=O)N2CCC[C@@H]2C(=O)O[C@@H]1C,-6.83
6088,CC(=O)N1CCC[C@H]1C(=O)N(C)[C@H](CC(C)C)C(=O)N[C@@H]1C(=O)N(C)[C@@H](CC(C)C)C(=O)N(C)[C@H](CC(C)C)C(=O)N(C)[C@H](CC(C)C)C(=O)N(C)[C@H](C)C(=O)N[C@H](CC(C)C)C(=O)N2CCC[C@@H]2C(=O)O[C@@H]1C,-5.37
6087,CC(=O)N1CCC[C@H]1C(=O)N(C)[C@H](CC(C)C)C(=O)N[C@@H]1C(=O)N(C)[C@@H](CC(C)C)C(=O)N(C)[C@H](CC(C)C)C(=O)N(C)[C@H](CC(C)C)C(=O)N(C)[C@@H](C)C(=O)N[C@H](CC(C)C)C(=O)N2CCC[C@@H]2C(=O)O[C@@H]1C,-5.46
6086,CC(=O)N1CCC[C@H]1C(=O)N(C)[C@H](CC(C)C)C(=O)N[C@@H]1C(=O)N(C)[C@@H](CC(C)C)C(=O)N(C)[C@H](CC(C)C)C(=O)N(C)[C@@H](CC(C)C)C(=O)N(C)[C@H](C)C(=O)N[C@H](CC(C)C)C(=O)N2CCC[C@@H]2C(=O)O[C@@H]1C,-5.15
6085,CC(=O)N1CCC[C@H]1C(=O)N(C)[C@H](CC(C)C)C(=O)N[C@@H]1C(=O)N(C)[C@@H](CC(C)C)C(=O)N(C)[C@H](CC(C)C)C(=O)N(C)[C@@H](CC(C)C)C(=O)N(C)[C@@H](C)C(=O)N[C@H](CC(C)C)C(=O)N2CCC[C@@H]2C(=O)O[C@@H]1C,-5.29
6084,CC(=O)N1CCC[C@H]1C(=O)N(C)[C@H](CC(C)C)C(=O)N[C@@H]1C(=O)N(C)[C@@H](CC(C)C)C(=O)N(C)[C@H](CC(C)C)C(=O)N[C@H](CC(C)C)C(=O)N(C)[C@@H](C)C(=O)N[C@H](CC(C)C)C(=O)N2CCC[C@@H]2C(=O)O[C@@H]1C,-5.92
6083,CC(=O)N1CCC[C@H]1C(=O)N(C)[C@H](CC(C)C)C(=O)N[C@@H]1C(=O)N(C)[C@@H](CC(C)C)C(=O)N(C)[C@@H](CC(C)C)C(=O)N(C)[C@H](CC(C)C)C(=O)N(C)[C@H](C)C(=O)N[C@H](CC(C)C)C(=O)N2CCC[C@@H]2C(=O)O[C@@H]1C,-5.37
6082,CC(=O)N1CCC[C@H]1C(=O)N(C)[C@H](CC(C)C)C(=O)N[C@@H]1C(=O)N(C)[C@@H](CC(C)C)C(=O)N(C)[C@@H](CC(C)C)C(=O)N(C)[C@H](CC(C)C)C(=O)N(C)[C@@H](C)C(=O)N[C@H](CC(C)C)C(=O)N2CCC[C@@H]2C(=O)O[C@@H]1C,-5.33
6081,CC(=O)N1CCC[C@H]1C(=O)N(C)[C@H](CC(C)C)C(=O)N[C@@H]1C(=O)N(C)[C@@H](CC(C)C)C(=O)N(C)[C@@H](CC(C)C)C(=O)N[C@H](CC(C)C)C(=O)N(C)[C@H](C)C(=O)N[C@H](CC(C)C)C(=O)N2CCC[C@@H]2C(=O)O[C@@H]1C,-5.73
6080,CC(=O)N1CCC[C@H]1C(=O)N(C)[C@H](CC(C)C)C(=O)N[C@@H]1C(=O)N(C)[C@@H](CC(C)C)C(=O)N(C)[C@@H](CC(C)C)C(=O)N[C@H](CC(C)C)C(=O)N[C@@H](C)C(=O)N[C@H](CC(C)C)C(=O)N2CCC[C@@H]2C(=O)O[C@@H]1C,-6.04
6079,CC(=O)N1CCC[C@H]1C(=O)N(C)[C@H](CC(C)C)C(=O)N[C@@H]1C(=O)N(C)[C@@H](CC(C)C)C(=O)N(C)[C@@H](CC(C)C)C(=O)N[C@@H](CC(C)C)C(=O)N(C)[C@@H](C)C(=O)N[C@H](CC(C)C)C(=O)N2CCC[C@@H]2C(=O)O[C@@H]1C,-5.18
6078,CC(=O)N1CCC[C@H]1C(=O)N(C)[C@H](CC(C)C)C(=O)N[C@@H]1C(=O)N(C)[C@@H](CC(C)C)C(=O)N(C)[C@@H](CC(C)C)C(=O)N[C@@H](CC(C)C)C(=O)N[C@@H](C)C(=O)N[C@H](CC(C)C)C(=O)N2CCC[C@@H]2C(=O)O[C@@H]1C,-6.43
6077,CC(=O)N1CCC[C@H]1C(=O)N(C)[C@H](CC(C)C)C(=O)N[C@@H]1C(=O)N(C)[C@@H](CC(C)C)C(=O)N[C@H](CC(C)C)C(=O)N(C)[C@H](CC(C)C)C(=O)N(C)[C@H](C)C(=O)N[C@H](CC(C)C)C(=O)N2CCC[C@@H]2C(=O)O[C@@H]1C,-5.33
6076,CC(=O)N1CCC[C@H]1C(=O)N(C)[C@H](CC(C)C)C(=O)N[C@@H]1C(=O)N(C)[C@@H](CC(C)C)C(=O)N[C@H](CC(C)C)C(=O)N(C)[C@@H](CC(C)C)C(=O)N(C)[C@@H](C)C(=O)N[C@H](CC(C)C)C(=O)N2CCC[C@@H]2C(=O)O[C@@H]1C,-6.11
6075,CC(=O)N1CCC[C@H]1C(=O)N(C)[C@H](CC(C)C)C(=O)N[C@@H]1C(=O)N(C)[C@@H](CC(C)C)C(=O)N[C@H](CC(C)C)C(=O)N[C@H](CC(C)C)C(=O)N(C)[C@H](C)C(=O)N[C@H](CC(C)C)C(=O)N2CCC[C@@H]2C(=O)O[C@@H]1C,-6.14
6074,CC(=O)N1CCC[C@H]1C(=O)N(C)[C@H](CC(C)C)C(=O)N[C@@H]1C(=O)N(C)[C@@H](CC(C)C)C(=O)N[C@@H](CC(C)C)C(=O)N(C)[C@H](CC(C)C)C(=O)N(C)[C@@H](C)C(=O)N[C@H](CC(C)C)C(=O)N2CCC[C@@H]2C(=O)O[C@@H]1C,-5.13
6073,CC(=O)N1CCC[C@H]1C(=O)N(C)[C@H](CC(C)C)C(=O)N[C@@H]1C(=O)N(C)[C@@H](CC(C)C)C(=O)N[C@@H](CC(C)C)C(=O)N(C)[C@@H](CC(C)C)C(=O)N(C)[C@H](C)C(=O)N[C@H](CC(C)C)C(=O)N2CCC[C@@H]2C(=O)O[C@@H]1C,-5.38
6072,CC(=O)N1CCC[C@H]1C(=O)N(C)[C@H](CC(C)C)C(=O)N[C@@H]1C(=O)N(C)[C@@H](CC(C)C)C(=O)N[C@@H](CC(C)C)C(=O)N(C)[C@@H](CC(C)C)C(=O)N(C)[C@@H](C)C(=O)N[C@H](CC(C)C)C(=O)N2CCC[C@@H]2C(=O)O[C@@H]1C,-5.53
6071,CC(=O)N1CCC[C@H]1C(=O)N(C)[C@H](CC(C)C)C(=O)N[C@@H]1C(=O)N(C)[C@@H](CC(C)C)C(=O)N[C@@H](CC(C)C)C(=O)N[C@H](CC(C)C)C(=O)N[C@@H](C)C(=O)N[C@H](CC(C)C)C(=O)N2CCC[C@@H]2C(=O)O[C@@H]1C,-6.88
6070,CC(=O)N1CCC[C@H]1C(=O)N(C)[C@H](CC(C)C)C(=O)N[C@@H]1C(=O)N(C)[C@@H](CC(C)C)C(=O)N[C@@H](CC(C)C)C(=O)N[C@@H](CC(C)C)C(=O)N(C)[C@@H](C)C(=O)N[C@H](CC(C)C)C(=O)N2CCC[C@@H]2C(=O)O[C@@H]1C,-5.78
6069,CC(=O)N1CCC[C@H]1C(=O)N(C)[C@H](CC(C)C)C(=O)N[C@@H]1C(=O)N(C)[C@@H](CC(C)C)C(=O)N[C@@H](CC(C)C)C(=O)N[C@@H](CC(C)C)C(=O)N[C@@H](C)C(=O)N[C@H](CC(C)C)C(=O)N2CCC[C@@H]2C(=O)O[C@@H]1C,-7.62
6068,CC(=O)N1CCC[C@H]1C(=O)N(C)[C@H](CC(C)C)C(=O)N[C@@H]1C(=O)N[C@H](CC(C)C)C(=O)N(C)[C@H](CC(C)C)C(=O)N[C@@H](CC(C)C)C(=O)N(C)[C@H](C)C(=O)N[C@H](CC(C)C)C(=O)N2CCC[C@@H]2C(=O)O[C@@H]1C,-5.33
6067,CC(=O)N1CCC[C@H]1C(=O)N(C)[C@H](CC(C)C)C(=O)N[C@@H]1C(=O)N[C@H](CC(C)C)C(=O)N(C)[C@@H](CC(C)C)C(=O)N[C@@H](CC(C)C)C(=O)N(C)[C@@H](C)C(=O)N[C@H](CC(C)C)C(=O)N2CCC[C@@H]2C(=O)O[C@@H]1C,-5.08
6066,CC(=O)N1CCC[C@H]1C(=O)N(C)[C@H](CC(C)C)C(=O)N[C@@H]1C(=O)N[C@H](CC(C)C)C(=O)N(C)[C@@H](CC(C)C)C(=O)N[C@@H](CC(C)C)C(=O)N[C@@H](C)C(=O)N[C@H](CC(C)C)C(=O)N2CCC[C@@H]2C(=O)O[C@@H]1C,-5.94
6065,CC(=O)N1CCC[C@H]1C(=O)N(C)[C@H](CC(C)C)C(=O)N[C@@H]1C(=O)N[C@H](CC(C)C)C(=O)N[C@H](CC(C)C)C(=O)N(C)[C@H](CC(C)C)C(=O)N(C)[C@@H](C)C(=O)N[C@H](CC(C)C)C(=O)N2CCC[C@@H]2C(=O)O[C@@H]1C,-5.65
6064,CC(=O)N1CCC[C@H]1C(=O)N(C)[C@H](CC(C)C)C(=O)N[C@@H]1C(=O)N[C@H](CC(C)C)C(=O)N[C@H](CC(C)C)C(=O)N(C)[C@H](CC(C)C)C(=O)N[C@H](C)C(=O)N[C@H](CC(C)C)C(=O)N2CCC[C@@H]2C(=O)O[C@@H]1C,-6.47
6063,CC(=O)N1CCC[C@H]1C(=O)N(C)[C@H](CC(C)C)C(=O)N[C@@H]1C(=O)N[C@H](CC(C)C)C(=O)N[C@H](CC(C)C)C(=O)N(C)[C@@H](CC(C)C)C(=O)N(C)[C@@H](C)C(=O)N[C@H](CC(C)C)C(=O)N2CCC[C@@H]2C(=O)O[C@@H]1C,-5.38
6062,CC(=O)N1CCC[C@H]1C(=O)N(C)[C@H](CC(C)C)C(=O)N[C@@H]1C(=O)N[C@H](CC(C)C)C(=O)N[C@H](CC(C)C)C(=O)N[C@H](CC(C)C)C(=O)N(C)[C@H](C)C(=O)N[C@H](CC(C)C)C(=O)N2CCC[C@@H]2C(=O)O[C@@H]1C,-6.39
6061,CC(=O)N1CCC[C@H]1C(=O)N(C)[C@H](CC(C)C)C(=O)N[C@@H]1C(=O)N[C@H](CC(C)C)C(=O)N[C@H](CC(C)C)C(=O)N[C@H](CC(C)C)C(=O)N(C)[C@@H](C)C(=O)N[C@H](CC(C)C)C(=O)N2CCC[C@@H]2C(=O)O[C@@H]1C,-6.01
6060,CC(=O)N1CCC[C@H]1C(=O)N(C)[C@H](CC(C)C)C(=O)N[C@@H]1C(=O)N[C@H](CC(C)C)C(=O)N[C@H](CC(C)C)C(=O)N[C@H](CC(C)C)C(=O)N[C@@H](C)C(=O)N[C@H](CC(C)C)C(=O)N2CCC[C@@H]2C(=O)O[C@@H]1C,-8.0
6059,CC(=O)N1CCC[C@H]1C(=O)N(C)[C@H](CC(C)C)C(=O)N[C@@H]1C(=O)N[C@H](CC(C)C)C(=O)N[C@@H](CC(C)C)C(=O)N(C)[C@H](CC(C)C)C(=O)N(C)[C@H](C)C(=O)N[C@H](CC(C)C)C(=O)N2CCC[C@@H]2C(=O)O[C@@H]1C,-5.77
6058,CC(=O)N1CCC[C@H]1C(=O)N(C)[C@H](CC(C)C)C(=O)N[C@@H]1C(=O)N[C@H](CC(C)C)C(=O)N[C@@H](CC(C)C)C(=O)N(C)[C@H](CC(C)C)C(=O)N[C@@H](C)C(=O)N[C@H](CC(C)C)C(=O)N2CCC[C@@H]2C(=O)O[C@@H]1C,-5.93
6057,CC(=O)N1CCC[C@H]1C(=O)N(C)[C@H](CC(C)C)C(=O)N[C@@H]1C(=O)N[C@H](CC(C)C)C(=O)N[C@@H](CC(C)C)C(=O)N[C@H](CC(C)C)C(=O)N(C)[C@H](C)C(=O)N[C@H](CC(C)C)C(=O)N2CCC[C@@H]2C(=O)O[C@@H]1C,-6.16
6056,CC(=O)N1CCC[C@H]1C(=O)N(C)[C@H](CC(C)C)C(=O)N[C@@H]1C(=O)N[C@H](CC(C)C)C(=O)N[C@@H](CC(C)C)C(=O)N[C@@H](CC(C)C)C(=O)N(C)[C@H](C)C(=O)N[C@H](CC(C)C)C(=O)N2CCC[C@@H]2C(=O)O[C@@H]1C,-6.21
6055,CC(=O)N1CCC[C@H]1C(=O)N(C)[C@H](CC(C)C)C(=O)N[C@@H]1C(=O)N[C@H](CC(C)C)C(=O)N[C@@H](CC(C)C)C(=O)N[C@@H](CC(C)C)C(=O)N(C)[C@@H](C)C(=O)N[C@H](CC(C)C)C(=O)N2CCC[C@@H]2C(=O)O[C@@H]1C,-5.93
6054,CC(=O)N1CCC[C@H]1C(=O)N(C)[C@H](CC(C)C)C(=O)N[C@@H]1C(=O)N[C@H](CC(C)C)C(=O)N[C@@H](CC(C)C)C(=O)N[C@@H](CC(C)C)C(=O)N[C@@H](C)C(=O)N[C@H](CC(C)C)C(=O)N2CCC[C@@H]2C(=O)O[C@@H]1C,-6.67
6053,CC(=O)N1CCC[C@H]1C(=O)N(C)[C@H](CC(C)C)C(=O)N[C@@H]1C(=O)N[C@@H](CC(C)C)C(=O)N(C)[C@H](CC(C)C)C(=O)N(C)[C@H](CC(C)C)C(=O)N(C)[C@H](C)C(=O)N[C@H](CC(C)C)C(=O)N2CCC[C@@H]2C(=O)O[C@@H]1C,-5.74
6052,CC(=O)N1CCC[C@H]1C(=O)N(C)[C@H](CC(C)C)C(=O)N[C@@H]1C(=O)N[C@@H](CC(C)C)C(=O)N(C)[C@H](CC(C)C)C(=O)N(C)[C@H](CC(C)C)C(=O)N(C)[C@@H](C)C(=O)N[C@H](CC(C)C)C(=O)N2CCC[C@@H]2C(=O)O[C@@H]1C,-5.71
6051,CC(=O)N1CCC[C@H]1C(=O)N(C)[C@H](CC(C)C)C(=O)N[C@@H]1C(=O)N[C@@H](CC(C)C)C(=O)N(C)[C@H](CC(C)C)C(=O)N(C)[C@@H](CC(C)C)C(=O)N(C)[C@@H](C)C(=O)N[C@H](CC(C)C)C(=O)N2CCC[C@@H]2C(=O)O[C@@H]1C,-5.39
6050,CC(=O)N1CCC[C@H]1C(=O)N(C)[C@H](CC(C)C)C(=O)N[C@@H]1C(=O)N[C@@H](CC(C)C)C(=O)N(C)[C@H](CC(C)C)C(=O)N[C@H](CC(C)C)C(=O)N(C)[C@H](C)C(=O)N[C@H](CC(C)C)C(=O)N2CCC[C@@H]2C(=O)O[C@@H]1C,-6.4
6049,CC(=O)N1CCC[C@H]1C(=O)N(C)[C@H](CC(C)C)C(=O)N[C@@H]1C(=O)N[C@@H](CC(C)C)C(=O)N(C)[C@H](CC(C)C)C(=O)N[C@H](CC(C)C)C(=O)N(C)[C@@H](C)C(=O)N[C@H](CC(C)C)C(=O)N2CCC[C@@H]2C(=O)O[C@@H]1C,-5.92
6048,CC(=O)N1CCC[C@H]1C(=O)N(C)[C@H](CC(C)C)C(=O)N[C@@H]1C(=O)N[C@@H](CC(C)C)C(=O)N(C)[C@H](CC(C)C)C(=O)N[C@H](CC(C)C)C(=O)N[C@H](C)C(=O)N[C@H](CC(C)C)C(=O)N2CCC[C@@H]2C(=O)O[C@@H]1C,-6.68
6047,CC(=O)N1CCC[C@H]1C(=O)N(C)[C@H](CC(C)C)C(=O)N[C@@H]1C(=O)N[C@@H](CC(C)C)C(=O)N(C)[C@@H](CC(C)C)C(=O)N(C)[C@H](CC(C)C)C(=O)N(C)[C@H](C)C(=O)N[C@H](CC(C)C)C(=O)N2CCC[C@@H]2C(=O)O[C@@H]1C,-5.48
6046,CC(=O)N1CCC[C@H]1C(=O)N(C)[C@H](CC(C)C)C(=O)N[C@@H]1C(=O)N[C@@H](CC(C)C)C(=O)N(C)[C@@H](CC(C)C)C(=O)N[C@@H](CC(C)C)C(=O)N(C)[C@H](C)C(=O)N[C@H](CC(C)C)C(=O)N2CCC[C@@H]2C(=O)O[C@@H]1C,-5.35
6045,CC(=O)N1CCC[C@H]1C(=O)N(C)[C@H](CC(C)C)C(=O)N[C@@H]1C(=O)N[C@@H](CC(C)C)C(=O)N[C@H](CC(C)C)C(=O)N(C)[C@H](CC(C)C)C(=O)N[C@@H](C)C(=O)N[C@H](CC(C)C)C(=O)N2CCC[C@@H]2C(=O)O[C@@H]1C,-6.98
6044,CC(=O)N1CCC[C@H]1C(=O)N(C)[C@H](CC(C)C)C(=O)N[C@@H]1C(=O)N[C@@H](CC(C)C)C(=O)N[C@H](CC(C)C)C(=O)N[C@H](CC(C)C)C(=O)N(C)[C@H](C)C(=O)N[C@H](CC(C)C)C(=O)N2CCC[C@@H]2C(=O)O[C@@H]1C,-6.73
6043,CC(=O)N1CCC[C@H]1C(=O)N(C)[C@H](CC(C)C)C(=O)N[C@@H]1C(=O)N[C@@H](CC(C)C)C(=O)N[C@H](CC(C)C)C(=O)N[C@H](CC(C)C)C(=O)N[C@H](C)C(=O)N[C@H](CC(C)C)C(=O)N2CCC[C@@H]2C(=O)O[C@@H]1C,-6.93
6042,CC(=O)N1CCC[C@H]1C(=O)N(C)[C@H](CC(C)C)C(=O)N[C@@H]1C(=O)N[C@@H](CC(C)C)C(=O)N[C@H](CC(C)C)C(=O)N[C@H](CC(C)C)C(=O)N[C@@H](C)C(=O)N[C@H](CC(C)C)C(=O)N2CCC[C@@H]2C(=O)O[C@@H]1C,-6.85
6041,CC(=O)N1CCC[C@H]1C(=O)N(C)[C@H](CC(C)C)C(=O)N[C@@H]1C(=O)N[C@@H](CC(C)C)C(=O)N[C@@H](CC(C)C)C(=O)N(C)[C@@H](CC(C)C)C(=O)N(C)[C@@H](C)C(=O)N[C@H](CC(C)C)C(=O)N2CCC[C@@H]2C(=O)O[C@@H]1C,-6.36
6040,CC(=O)N1CCC[C@H]1C(=O)N(C)[C@H](CC(C)C)C(=O)N[C@@H]1C(=O)N[C@@H](CC(C)C)C(=O)N[C@@H](CC(C)C)C(=O)N(C)[C@@H](CC(C)C)C(=O)N[C@@H](C)C(=O)N[C@H](CC(C)C)C(=O)N2CCC[C@@H]2C(=O)O[C@@H]1C,-6.06
6039,CC(=O)N1CCC[C@H]1C(=O)N(C)[C@H](CC(C)C)C(=O)N[C@@H]1C(=O)N[C@@H](CC(C)C)C(=O)N[C@@H](CC(C)C)C(=O)N[C@H](CC(C)C)C(=O)N[C@@H](C)C(=O)N[C@H](CC(C)C)C(=O)N2CCC[C@@H]2C(=O)O[C@@H]1C,-6.59
6038,CC(=O)N1CCC[C@H]1C(=O)N(C)[C@H](CC(C)C)C(=O)N[C@@H]1C(=O)N[C@@H](CC(C)C)C(=O)N[C@@H](CC(C)C)C(=O)N[C@@H](CC(C)C)C(=O)N(C)[C@@H](C)C(=O)N[C@H](CC(C)C)C(=O)N2CCC[C@@H]2C(=O)O[C@@H]1C,-6.29
6037,CC(=O)N1CCC[C@H]1C(=O)N(C)[C@H](CC(C)C)C(=O)N[C@@H]1C(=O)N[C@@H](CC(C)C)C(=O)N[C@@H](CC(C)C)C(=O)N[C@@H](CC(C)C)C(=O)N[C@@H](C)C(=O)N[C@H](CC(C)C)C(=O)N2CCC[C@@H]2C(=O)O[C@@H]1C,-7.68
6036,CC(=O)N1CCC[C@H]1C(=O)N(C)[C@H](CC(C)C)C(=O)N[C@@H]1C(=O)N(C)[C@H](CC(C)C)C(=O)N(C)[C@H](CC(C)C)C(=O)N(C)[C@H](CC(C)C)C(=O)N[C@@H](C)C(=O)N[C@H](CC(C)C)C(=O)N2CCC[C@H]2C(=O)O[C@@H]1C,-9.0
6035,CC(=O)N1CCC[C@H]1C(=O)N(C)[C@H](CC(C)C)C(=O)N[C@@H]1C(=O)N(C)[C@H](CC(C)C)C(=O)N(C)[C@H](CC(C)C)C(=O)N(C)[C@@H](CC(C)C)C(=O)N(C)[C@H](C)C(=O)N[C@H](CC(C)C)C(=O)N2CCC[C@H]2C(=O)O[C@@H]1C,-5.04
6034,CC(=O)N1CCC[C@H]1C(=O)N(C)[C@H](CC(C)C)C(=O)N[C@@H]1C(=O)N(C)[C@H](CC(C)C)C(=O)N(C)[C@H](CC(C)C)C(=O)N(C)[C@@H](CC(C)C)C(=O)N(C)[C@@H](C)C(=O)N[C@H](CC(C)C)C(=O)N2CCC[C@H]2C(=O)O[C@@H]1C,-5.63
6033,CC(=O)N1CCC[C@H]1C(=O)N(C)[C@H](CC(C)C)C(=O)N[C@@H]1C(=O)N(C)[C@H](CC(C)C)C(=O)N(C)[C@@H](CC(C)C)C(=O)N(C)[C@H](CC(C)C)C(=O)N(C)[C@H](C)C(=O)N[C@H](CC(C)C)C(=O)N2CCC[C@H]2C(=O)O[C@@H]1C,-5.19
6032,CC(=O)N1CCC[C@H]1C(=O)N(C)[C@H](CC(C)C)C(=O)N[C@@H]1C(=O)N(C)[C@H](CC(C)C)C(=O)N(C)[C@@H](CC(C)C)C(=O)N(C)[C@H](CC(C)C)C(=O)N(C)[C@@H](C)C(=O)N[C@H](CC(C)C)C(=O)N2CCC[C@H]2C(=O)O[C@@H]1C,-5.32
6031,CC(=O)N1CCC[C@H]1C(=O)N(C)[C@H](CC(C)C)C(=O)N[C@@H]1C(=O)N(C)[C@H](CC(C)C)C(=O)N(C)[C@@H](CC(C)C)C(=O)N(C)[C@H](CC(C)C)C(=O)N[C@H](C)C(=O)N[C@H](CC(C)C)C(=O)N2CCC[C@H]2C(=O)O[C@@H]1C,-5.28
6030,CC(=O)N1CCC[C@H]1C(=O)N(C)[C@H](CC(C)C)C(=O)N[C@@H]1C(=O)N(C)[C@H](CC(C)C)C(=O)N(C)[C@@H](CC(C)C)C(=O)N(C)[C@H](CC(C)C)C(=O)N[C@@H](C)C(=O)N[C@H](CC(C)C)C(=O)N2CCC[C@H]2C(=O)O[C@@H]1C,-5.25
6029,CC(=O)N1CCC[C@H]1C(=O)N(C)[C@H](CC(C)C)C(=O)N[C@@H]1C(=O)N(C)[C@H](CC(C)C)C(=O)N(C)[C@@H](CC(C)C)C(=O)N(C)[C@@H](CC(C)C)C(=O)N[C@@H](C)C(=O)N[C@H](CC(C)C)C(=O)N2CCC[C@H]2C(=O)O[C@@H]1C,-5.22
6028,CC(=O)N1CCC[C@H]1C(=O)N(C)[C@H](CC(C)C)C(=O)N[C@@H]1C(=O)N(C)[C@H](CC(C)C)C(=O)N[C@H](CC(C)C)C(=O)N(C)[C@@H](CC(C)C)C(=O)N(C)[C@H](C)C(=O)N[C@H](CC(C)C)C(=O)N2CCC[C@H]2C(=O)O[C@@H]1C,-5.54
6027,CC(=O)N1CCC[C@H]1C(=O)N(C)[C@H](CC(C)C)C(=O)N[C@@H]1C(=O)N(C)[C@H](CC(C)C)C(=O)N[C@H](CC(C)C)C(=O)N(C)[C@@H](CC(C)C)C(=O)N(C)[C@@H](C)C(=O)N[C@H](CC(C)C)C(=O)N2CCC[C@H]2C(=O)O[C@@H]1C,-5.6
6026,CC(=O)N1CCC[C@H]1C(=O)N(C)[C@H](CC(C)C)C(=O)N[C@@H]1C(=O)N(C)[C@H](CC(C)C)C(=O)N[C@H](CC(C)C)C(=O)N[C@H](CC(C)C)C(=O)N[C@H](C)C(=O)N[C@H](CC(C)C)C(=O)N2CCC[C@H]2C(=O)O[C@@H]1C,-6.2
6025,CC(=O)N1CCC[C@H]1C(=O)N(C)[C@H](CC(C)C)C(=O)N[C@@H]1C(=O)N(C)[C@@H](CC(C)C)C(=O)N(C)[C@H](CC(C)C)C(=O)N(C)[C@H](CC(C)C)C(=O)N(C)[C@H](C)C(=O)N[C@H](CC(C)C)C(=O)N2CCC[C@H]2C(=O)O[C@@H]1C,-5.28
6024,CC(=O)N1CCC[C@H]1C(=O)N(C)[C@H](CC(C)C)C(=O)N[C@@H]1C(=O)N(C)[C@@H](CC(C)C)C(=O)N(C)[C@H](CC(C)C)C(=O)N(C)[C@H](CC(C)C)C(=O)N(C)[C@@H](C)C(=O)N[C@H](CC(C)C)C(=O)N2CCC[C@H]2C(=O)O[C@@H]1C,-5.25
6023,CC(=O)N1CCC[C@H]1C(=O)N(C)[C@H](CC(C)C)C(=O)N[C@@H]1C(=O)N(C)[C@@H](CC(C)C)C(=O)N(C)[C@H](CC(C)C)C(=O)N(C)[C@@H](CC(C)C)C(=O)N(C)[C@H](C)C(=O)N[C@H](CC(C)C)C(=O)N2CCC[C@H]2C(=O)O[C@@H]1C,-5.34
6022,CC(=O)N1CCC[C@H]1C(=O)N(C)[C@H](CC(C)C)C(=O)N[C@@H]1C(=O)N(C)[C@@H](CC(C)C)C(=O)N(C)[C@H](CC(C)C)C(=O)N(C)[C@@H](CC(C)C)C(=O)N(C)[C@@H](C)C(=O)N[C@H](CC(C)C)C(=O)N2CCC[C@H]2C(=O)O[C@@H]1C,-5.18
6021,CC(=O)N1CCC[C@H]1C(=O)N(C)[C@H](CC(C)C)C(=O)N[C@@H]1C(=O)N(C)[C@@H](CC(C)C)C(=O)N(C)[C@@H](CC(C)C)C(=O)N(C)[C@H](CC(C)C)C(=O)N(C)[C@H](C)C(=O)N[C@H](CC(C)C)C(=O)N2CCC[C@H]2C(=O)O[C@@H]1C,-5.44
6020,CC(=O)N1CCC[C@H]1C(=O)N(C)[C@H](CC(C)C)C(=O)N[C@@H]1C(=O)N(C)[C@@H](CC(C)C)C(=O)N(C)[C@@H](CC(C)C)C(=O)N(C)[C@H](CC(C)C)C(=O)N(C)[C@@H](C)C(=O)N[C@H](CC(C)C)C(=O)N2CCC[C@H]2C(=O)O[C@@H]1C,-6.03
6019,CC(=O)N1CCC[C@H]1C(=O)N(C)[C@H](CC(C)C)C(=O)N[C@@H]1C(=O)N(C)[C@@H](CC(C)C)C(=O)N(C)[C@@H](CC(C)C)C(=O)N[C@@H](CC(C)C)C(=O)N[C@@H](C)C(=O)N[C@H](CC(C)C)C(=O)N2CCC[C@H]2C(=O)O[C@@H]1C,-6.72
6018,CC(=O)N1CCC[C@H]1C(=O)N(C)[C@H](CC(C)C)C(=O)N[C@@H]1C(=O)N(C)[C@@H](CC(C)C)C(=O)N[C@H](CC(C)C)C(=O)N[C@H](CC(C)C)C(=O)N(C)[C@H](C)C(=O)N[C@H](CC(C)C)C(=O)N2CCC[C@H]2C(=O)O[C@@H]1C,-5.86
6017,CC(=O)N1CCC[C@H]1C(=O)N(C)[C@H](CC(C)C)C(=O)N[C@@H]1C(=O)N(C)[C@@H](CC(C)C)C(=O)N[C@H](CC(C)C)C(=O)N[C@H](CC(C)C)C(=O)N[C@@H](C)C(=O)N[C@H](CC(C)C)C(=O)N2CCC[C@H]2C(=O)O[C@@H]1C,-6.53
6016,CC(=O)N1CCC[C@H]1C(=O)N(C)[C@H](CC(C)C)C(=O)N[C@@H]1C(=O)N(C)[C@@H](CC(C)C)C(=O)N[C@@H](CC(C)C)C(=O)N(C)[C@@H](CC(C)C)C(=O)N(C)[C@H](C)C(=O)N[C@H](CC(C)C)C(=O)N2CCC[C@H]2C(=O)O[C@@H]1C,-5.71
6015,CC(=O)N1CCC[C@H]1C(=O)N(C)[C@H](CC(C)C)C(=O)N[C@@H]1C(=O)N(C)[C@@H](CC(C)C)C(=O)N[C@@H](CC(C)C)C(=O)N(C)[C@@H](CC(C)C)C(=O)N(C)[C@@H](C)C(=O)N[C@H](CC(C)C)C(=O)N2CCC[C@H]2C(=O)O[C@@H]1C,-6.59
6014,CC(=O)N1CCC[C@H]1C(=O)N(C)[C@H](CC(C)C)C(=O)N[C@@H]1C(=O)N(C)[C@@H](CC(C)C)C(=O)N[C@@H](CC(C)C)C(=O)N[C@H](CC(C)C)C(=O)N[C@@H](C)C(=O)N[C@H](CC(C)C)C(=O)N2CCC[C@H]2C(=O)O[C@@H]1C,-6.12
6013,CC(=O)N1CCC[C@H]1C(=O)N(C)[C@H](CC(C)C)C(=O)N[C@@H]1C(=O)N(C)[C@@H](CC(C)C)C(=O)N[C@@H](CC(C)C)C(=O)N[C@@H](CC(C)C)C(=O)N[C@@H](C)C(=O)N[C@H](CC(C)C)C(=O)N2CCC[C@H]2C(=O)O[C@@H]1C,-6.72
6012,CC(=O)N1CCC[C@H]1C(=O)N(C)[C@H](CC(C)C)C(=O)N[C@@H]1C(=O)N[C@H](CC(C)C)C(=O)N(C)[C@H](CC(C)C)C(=O)N(C)[C@@H](CC(C)C)C(=O)N[C@@H](C)C(=O)N[C@H](CC(C)C)C(=O)N2CCC[C@H]2C(=O)O[C@@H]1C,-5.94
6011,CC(=O)N1CCC[C@H]1C(=O)N(C)[C@H](CC(C)C)C(=O)N[C@@H]1C(=O)N[C@H](CC(C)C)C(=O)N(C)[C@H](CC(C)C)C(=O)N[C@H](CC(C)C)C(=O)N(C)[C@H](C)C(=O)N[C@H](CC(C)C)C(=O)N2CCC[C@H]2C(=O)O[C@@H]1C,-5.28
6010,CC(=O)N1CCC[C@H]1C(=O)N(C)[C@H](CC(C)C)C(=O)N[C@@H]1C(=O)N[C@H](CC(C)C)C(=O)N(C)[C@H](CC(C)C)C(=O)N[C@H](CC(C)C)C(=O)N(C)[C@@H](C)C(=O)N[C@H](CC(C)C)C(=O)N2CCC[C@H]2C(=O)O[C@@H]1C,-5.09
6009,CC(=O)N1CCC[C@H]1C(=O)N(C)[C@H](CC(C)C)C(=O)N[C@@H]1C(=O)N[C@H](CC(C)C)C(=O)N(C)[C@H](CC(C)C)C(=O)N[C@@H](CC(C)C)C(=O)N[C@@H](C)C(=O)N[C@H](CC(C)C)C(=O)N2CCC[C@H]2C(=O)O[C@@H]1C,-5.9
6008,CC(=O)N1CCC[C@H]1C(=O)N(C)[C@H](CC(C)C)C(=O)N[C@@H]1C(=O)N[C@H](CC(C)C)C(=O)N(C)[C@@H](CC(C)C)C(=O)N(C)[C@H](CC(C)C)C(=O)N(C)[C@H](C)C(=O)N[C@H](CC(C)C)C(=O)N2CCC[C@H]2C(=O)O[C@@H]1C,-5.3
6007,CC(=O)N1CCC[C@H]1C(=O)N(C)[C@H](CC(C)C)C(=O)N[C@@H]1C(=O)N[C@H](CC(C)C)C(=O)N(C)[C@@H](CC(C)C)C(=O)N[C@H](CC(C)C)C(=O)N[C@@H](C)C(=O)N[C@H](CC(C)C)C(=O)N2CCC[C@H]2C(=O)O[C@@H]1C,-6.15
6006,CC(=O)N1CCC[C@H]1C(=O)N(C)[C@H](CC(C)C)C(=O)N[C@@H]1C(=O)N[C@H](CC(C)C)C(=O)N(C)[C@@H](CC(C)C)C(=O)N[C@@H](CC(C)C)C(=O)N(C)[C@@H](C)C(=O)N[C@H](CC(C)C)C(=O)N2CCC[C@H]2C(=O)O[C@@H]1C,-5.21
6005,CC(=O)N1CCC[C@H]1C(=O)N(C)[C@H](CC(C)C)C(=O)N[C@@H]1C(=O)N[C@H](CC(C)C)C(=O)N(C)[C@@H](CC(C)C)C(=O)N[C@@H](CC(C)C)C(=O)N[C@@H](C)C(=O)N[C@H](CC(C)C)C(=O)N2CCC[C@H]2C(=O)O[C@@H]1C,-5.71
6004,CC(=O)N1CCC[C@H]1C(=O)N(C)[C@H](CC(C)C)C(=O)N[C@@H]1C(=O)N[C@H](CC(C)C)C(=O)N[C@H](CC(C)C)C(=O)N(C)[C@H](CC(C)C)C(=O)N(C)[C@H](C)C(=O)N[C@H](CC(C)C)C(=O)N2CCC[C@H]2C(=O)O[C@@H]1C,-6.44
6003,CC(=O)N1CCC[C@H]1C(=O)N(C)[C@H](CC(C)C)C(=O)N[C@@H]1C(=O)N[C@H](CC(C)C)C(=O)N[C@H](CC(C)C)C(=O)N(C)[C@H](CC(C)C)C(=O)N(C)[C@@H](C)C(=O)N[C@H](CC(C)C)C(=O)N2CCC[C@H]2C(=O)O[C@@H]1C,-5.32
6002,CC(=O)N1CCC[C@H]1C(=O)N(C)[C@H](CC(C)C)C(=O)N[C@@H]1C(=O)N[C@H](CC(C)C)C(=O)N[C@H](CC(C)C)C(=O)N(C)[C@H](CC(C)C)C(=O)N[C@@H](C)C(=O)N[C@H](CC(C)C)C(=O)N2CCC[C@H]2C(=O)O[C@@H]1C,-5.69
6001,CC(=O)N1CCC[C@H]1C(=O)N(C)[C@H](CC(C)C)C(=O)N[C@@H]1C(=O)N[C@H](CC(C)C)C(=O)N[C@H](CC(C)C)C(=O)N(C)[C@@H](CC(C)C)C(=O)N(C)[C@@H](C)C(=O)N[C@H](CC(C)C)C(=O)N2CCC[C@H]2C(=O)O[C@@H]1C,-5.86
6000,CC(=O)N1CCC[C@H]1C(=O)N(C)[C@H](CC(C)C)C(=O)N[C@@H]1C(=O)N[C@H](CC(C)C)C(=O)N[C@H](CC(C)C)C(=O)N[C@H](CC(C)C)C(=O)N(C)[C@H](C)C(=O)N[C@H](CC(C)C)C(=O)N2CCC[C@H]2C(=O)O[C@@H]1C,-6.52
5999,CC(=O)N1CCC[C@H]1C(=O)N(C)[C@H](CC(C)C)C(=O)N[C@@H]1C(=O)N[C@H](CC(C)C)C(=O)N[C@H](CC(C)C)C(=O)N[C@H](CC(C)C)C(=O)N[C@@H](C)C(=O)N[C@H](CC(C)C)C(=O)N2CCC[C@H]2C(=O)O[C@@H]1C,-6.38
5998,CC(=O)N1CCC[C@H]1C(=O)N(C)[C@H](CC(C)C)C(=O)N[C@@H]1C(=O)N[C@H](CC(C)C)C(=O)N[C@H](CC(C)C)C(=O)N[C@@H](CC(C)C)C(=O)N(C)[C@H](C)C(=O)N[C@H](CC(C)C)C(=O)N2CCC[C@H]2C(=O)O[C@@H]1C,-6.09
5997,CC(=O)N1CCC[C@H]1C(=O)N(C)[C@H](CC(C)C)C(=O)N[C@@H]1C(=O)N[C@H](CC(C)C)C(=O)N[C@H](CC(C)C)C(=O)N[C@@H](CC(C)C)C(=O)N(C)[C@@H](C)C(=O)N[C@H](CC(C)C)C(=O)N2CCC[C@H]2C(=O)O[C@@H]1C,-5.53
5996,CC(=O)N1CCC[C@H]1C(=O)N(C)[C@H](CC(C)C)C(=O)N[C@@H]1C(=O)N[C@H](CC(C)C)C(=O)N[C@H](CC(C)C)C(=O)N[C@@H](CC(C)C)C(=O)N[C@@H](C)C(=O)N[C@H](CC(C)C)C(=O)N2CCC[C@H]2C(=O)O[C@@H]1C,-6.57
5995,CC(=O)N1CCC[C@H]1C(=O)N(C)[C@H](CC(C)C)C(=O)N[C@@H]1C(=O)N[C@H](CC(C)C)C(=O)N[C@@H](CC(C)C)C(=O)N(C)[C@H](CC(C)C)C(=O)N(C)[C@H](C)C(=O)N[C@H](CC(C)C)C(=O)N2CCC[C@H]2C(=O)O[C@@H]1C,-5.47
5994,CC(=O)N1CCC[C@H]1C(=O)N(C)[C@H](CC(C)C)C(=O)N[C@@H]1C(=O)N[C@H](CC(C)C)C(=O)N[C@@H](CC(C)C)C(=O)N(C)[C@@H](CC(C)C)C(=O)N(C)[C@@H](C)C(=O)N[C@H](CC(C)C)C(=O)N2CCC[C@H]2C(=O)O[C@@H]1C,-5.46
5993,CC(=O)N1CCC[C@H]1C(=O)N(C)[C@H](CC(C)C)C(=O)N[C@@H]1C(=O)N[C@H](CC(C)C)C(=O)N[C@@H](CC(C)C)C(=O)N[C@H](CC(C)C)C(=O)N[C@@H](C)C(=O)N[C@H](CC(C)C)C(=O)N2CCC[C@H]2C(=O)O[C@@H]1C,-6.81
5992,CC(=O)N1CCC[C@H]1C(=O)N(C)[C@H](CC(C)C)C(=O)N[C@@H]1C(=O)N[C@H](CC(C)C)C(=O)N[C@@H](CC(C)C)C(=O)N[C@@H](CC(C)C)C(=O)N[C@@H](C)C(=O)N[C@H](CC(C)C)C(=O)N2CCC[C@H]2C(=O)O[C@@H]1C,-6.58
5991,CC(=O)N1CCC[C@H]1C(=O)N(C)[C@H](CC(C)C)C(=O)N[C@@H]1C(=O)N[C@@H](CC(C)C)C(=O)N(C)[C@H](CC(C)C)C(=O)N(C)[C@@H](CC(C)C)C(=O)N(C)[C@@H](C)C(=O)N[C@H](CC(C)C)C(=O)N2CCC[C@H]2C(=O)O[C@@H]1C,-5.65
5990,CC(=O)N1CCC[C@H]1C(=O)N(C)[C@H](CC(C)C)C(=O)N[C@@H]1C(=O)N[C@@H](CC(C)C)C(=O)N(C)[C@H](CC(C)C)C(=O)N[C@H](CC(C)C)C(=O)N(C)[C@H](C)C(=O)N[C@H](CC(C)C)C(=O)N2CCC[C@H]2C(=O)O[C@@H]1C,-6.21
5989,CC(=O)N1CCC[C@H]1C(=O)N(C)[C@H](CC(C)C)C(=O)N[C@@H]1C(=O)N[C@@H](CC(C)C)C(=O)N(C)[C@@H](CC(C)C)C(=O)N(C)[C@H](CC(C)C)C(=O)N(C)[C@H](C)C(=O)N[C@H](CC(C)C)C(=O)N2CCC[C@H]2C(=O)O[C@@H]1C,-5.79
5988,CC(=O)N1CCC[C@H]1C(=O)N(C)[C@H](CC(C)C)C(=O)N[C@@H]1C(=O)N[C@@H](CC(C)C)C(=O)N(C)[C@@H](CC(C)C)C(=O)N(C)[C@@H](CC(C)C)C(=O)N[C@@H](C)C(=O)N[C@H](CC(C)C)C(=O)N2CCC[C@H]2C(=O)O[C@@H]1C,-5.94
5987,CC(=O)N1CCC[C@H]1C(=O)N(C)[C@H](CC(C)C)C(=O)N[C@@H]1C(=O)N[C@@H](CC(C)C)C(=O)N(C)[C@@H](CC(C)C)C(=O)N[C@@H](CC(C)C)C(=O)N(C)[C@H](C)C(=O)N[C@H](CC(C)C)C(=O)N2CCC[C@H]2C(=O)O[C@@H]1C,-5.77
5986,CC(=O)N1CCC[C@H]1C(=O)N(C)[C@H](CC(C)C)C(=O)N[C@@H]1C(=O)N[C@@H](CC(C)C)C(=O)N(C)[C@@H](CC(C)C)C(=O)N[C@@H](CC(C)C)C(=O)N(C)[C@@H](C)C(=O)N[C@H](CC(C)C)C(=O)N2CCC[C@H]2C(=O)O[C@@H]1C,-5.93
5985,CC(=O)N1CCC[C@H]1C(=O)N(C)[C@H](CC(C)C)C(=O)N[C@@H]1C(=O)N[C@@H](CC(C)C)C(=O)N[C@H](CC(C)C)C(=O)N(C)[C@@H](CC(C)C)C(=O)N(C)[C@@H](C)C(=O)N[C@H](CC(C)C)C(=O)N2CCC[C@H]2C(=O)O[C@@H]1C,-6.0
5984,CC(=O)N1CCC[C@H]1C(=O)N(C)[C@H](CC(C)C)C(=O)N[C@@H]1C(=O)N[C@@H](CC(C)C)C(=O)N[C@H](CC(C)C)C(=O)N(C)[C@@H](CC(C)C)C(=O)N[C@@H](C)C(=O)N[C@H](CC(C)C)C(=O)N2CCC[C@H]2C(=O)O[C@@H]1C,-5.79
5983,CC(=O)N1CCC[C@H]1C(=O)N(C)[C@H](CC(C)C)C(=O)N[C@@H]1C(=O)N[C@@H](CC(C)C)C(=O)N[C@H](CC(C)C)C(=O)N[C@H](CC(C)C)C(=O)N(C)[C@H](C)C(=O)N[C@H](CC(C)C)C(=O)N2CCC[C@H]2C(=O)O[C@@H]1C,-6.41
5982,CC(=O)N1CCC[C@H]1C(=O)N(C)[C@H](CC(C)C)C(=O)N[C@@H]1C(=O)N[C@@H](CC(C)C)C(=O)N[C@H](CC(C)C)C(=O)N[C@H](CC(C)C)C(=O)N[C@H](C)C(=O)N[C@H](CC(C)C)C(=O)N2CCC[C@H]2C(=O)O[C@@H]1C,-6.6
5981,CC(=O)N1CCC[C@H]1C(=O)N(C)[C@H](CC(C)C)C(=O)N[C@@H]1C(=O)N[C@@H](CC(C)C)C(=O)N[C@H](CC(C)C)C(=O)N[C@H](CC(C)C)C(=O)N[C@@H](C)C(=O)N[C@H](CC(C)C)C(=O)N2CCC[C@H]2C(=O)O[C@@H]1C,-6.59
5980,CC(=O)N1CCC[C@H]1C(=O)N(C)[C@H](CC(C)C)C(=O)N[C@@H]1C(=O)N[C@@H](CC(C)C)C(=O)N[C@H](CC(C)C)C(=O)N[C@@H](CC(C)C)C(=O)N[C@@H](C)C(=O)N[C@H](CC(C)C)C(=O)N2CCC[C@H]2C(=O)O[C@@H]1C,-6.7
5979,CC(=O)N1CCC[C@H]1C(=O)N(C)[C@H](CC(C)C)C(=O)N[C@@H]1C(=O)N[C@@H](CC(C)C)C(=O)N[C@@H](CC(C)C)C(=O)N(C)[C@H](CC(C)C)C(=O)N[C@@H](C)C(=O)N[C@H](CC(C)C)C(=O)N2CCC[C@H]2C(=O)O[C@@H]1C,-6.27
5978,CC(=O)N1CCC[C@H]1C(=O)N(C)[C@H](CC(C)C)C(=O)N[C@@H]1C(=O)N[C@@H](CC(C)C)C(=O)N[C@@H](CC(C)C)C(=O)N(C)[C@@H](CC(C)C)C(=O)N(C)[C@@H](C)C(=O)N[C@H](CC(C)C)C(=O)N2CCC[C@H]2C(=O)O[C@@H]1C,-6.33
5977,CC(=O)N1CCC[C@H]1C(=O)N(C)[C@H](CC(C)C)C(=O)N[C@@H]1C(=O)N[C@@H](CC(C)C)C(=O)N[C@@H](CC(C)C)C(=O)N[C@@H](CC(C)C)C(=O)N(C)[C@@H](C)C(=O)N[C@H](CC(C)C)C(=O)N2CCC[C@H]2C(=O)O[C@@H]1C,-6.21
5976,CC(=O)N1CCC[C@H]1C(=O)N(C)[C@H](CC(C)C)C(=O)N[C@@H]1C(=O)N[C@@H](CC(C)C)C(=O)N[C@@H](CC(C)C)C(=O)N[C@@H](CC(C)C)C(=O)N[C@@H](C)C(=O)N[C@H](CC(C)C)C(=O)N2CCC[C@H]2C(=O)O[C@@H]1C,-6.49
5975,CC(=O)N1CCC[C@@H]1C(=O)N(C)[C@@H](CC(C)C)C(=O)N[C@@H]1C(=O)N(C)[C@H](CC(C)C)C(=O)N(C)[C@H](CC(C)C)C(=O)N[C@H](CC(C)C)C(=O)N(C)[C@H](C)C(=O)N[C@H](CC(C)C)C(=O)N2CCC[C@@H]2C(=O)O[C@@H]1C,-5.66
5974,CC(=O)N1CCC[C@@H]1C(=O)N(C)[C@@H](CC(C)C)C(=O)N[C@@H]1C(=O)N(C)[C@H](CC(C)C)C(=O)N(C)[C@H](CC(C)C)C(=O)N[C@H](CC(C)C)C(=O)N(C)[C@@H](C)C(=O)N[C@H](CC(C)C)C(=O)N2CCC[C@@H]2C(=O)O[C@@H]1C,-5.66
5973,CC(=O)N1CCC[C@@H]1C(=O)N(C)[C@@H](CC(C)C)C(=O)N[C@@H]1C(=O)N(C)[C@H](CC(C)C)C(=O)N(C)[C@H](CC(C)C)C(=O)N[C@H](CC(C)C)C(=O)N[C@@H](C)C(=O)N[C@H](CC(C)C)C(=O)N2CCC[C@@H]2C(=O)O[C@@H]1C,-5.7
5972,CC(=O)N1CCC[C@@H]1C(=O)N(C)[C@@H](CC(C)C)C(=O)N[C@@H]1C(=O)N(C)[C@H](CC(C)C)C(=O)N(C)[C@H](CC(C)C)C(=O)N[C@@H](CC(C)C)C(=O)N(C)[C@@H](C)C(=O)N[C@H](CC(C)C)C(=O)N2CCC[C@@H]2C(=O)O[C@@H]1C,-5.13
5971,CC(=O)N1CCC[C@@H]1C(=O)N(C)[C@@H](CC(C)C)C(=O)N[C@@H]1C(=O)N(C)[C@H](CC(C)C)C(=O)N(C)[C@@H](CC(C)C)C(=O)N[C@@H](CC(C)C)C(=O)N(C)[C@@H](C)C(=O)N[C@H](CC(C)C)C(=O)N2CCC[C@@H]2C(=O)O[C@@H]1C,-5.09
5970,CC(=O)N1CCC[C@@H]1C(=O)N(C)[C@@H](CC(C)C)C(=O)N[C@@H]1C(=O)N(C)[C@H](CC(C)C)C(=O)N[C@H](CC(C)C)C(=O)N(C)[C@H](CC(C)C)C(=O)N(C)[C@H](C)C(=O)N[C@H](CC(C)C)C(=O)N2CCC[C@@H]2C(=O)O[C@@H]1C,-5.46
5969,CC(=O)N1CCC[C@@H]1C(=O)N(C)[C@@H](CC(C)C)C(=O)N[C@@H]1C(=O)N(C)[C@H](CC(C)C)C(=O)N[C@H](CC(C)C)C(=O)N(C)[C@H](CC(C)C)C(=O)N[C@H](C)C(=O)N[C@H](CC(C)C)C(=O)N2CCC[C@@H]2C(=O)O[C@@H]1C,-5.79
5968,CC(=O)N1CCC[C@@H]1C(=O)N(C)[C@@H](CC(C)C)C(=O)N[C@@H]1C(=O)N(C)[C@H](CC(C)C)C(=O)N[C@H](CC(C)C)C(=O)N(C)[C@@H](CC(C)C)C(=O)N(C)[C@H](C)C(=O)N[C@H](CC(C)C)C(=O)N2CCC[C@@H]2C(=O)O[C@@H]1C,-5.39
5967,CC(=O)N1CCC[C@@H]1C(=O)N(C)[C@@H](CC(C)C)C(=O)N[C@@H]1C(=O)N(C)[C@H](CC(C)C)C(=O)N[C@H](CC(C)C)C(=O)N(C)[C@@H](CC(C)C)C(=O)N(C)[C@@H](C)C(=O)N[C@H](CC(C)C)C(=O)N2CCC[C@@H]2C(=O)O[C@@H]1C,-5.18
5966,CC(=O)N1CCC[C@@H]1C(=O)N(C)[C@@H](CC(C)C)C(=O)N[C@@H]1C(=O)N(C)[C@H](CC(C)C)C(=O)N[C@H](CC(C)C)C(=O)N[C@H](CC(C)C)C(=O)N(C)[C@H](C)C(=O)N[C@H](CC(C)C)C(=O)N2CCC[C@@H]2C(=O)O[C@@H]1C,-6.47
5965,CC(=O)N1CCC[C@@H]1C(=O)N(C)[C@@H](CC(C)C)C(=O)N[C@@H]1C(=O)N(C)[C@H](CC(C)C)C(=O)N[C@H](CC(C)C)C(=O)N[C@H](CC(C)C)C(=O)N(C)[C@@H](C)C(=O)N[C@H](CC(C)C)C(=O)N2CCC[C@@H]2C(=O)O[C@@H]1C,-6.02
5964,CC(=O)N1CCC[C@@H]1C(=O)N(C)[C@@H](CC(C)C)C(=O)N[C@@H]1C(=O)N(C)[C@H](CC(C)C)C(=O)N[C@H](CC(C)C)C(=O)N[C@H](CC(C)C)C(=O)N[C@H](C)C(=O)N[C@H](CC(C)C)C(=O)N2CCC[C@@H]2C(=O)O[C@@H]1C,-6.72
5963,CC(=O)N1CCC[C@@H]1C(=O)N(C)[C@@H](CC(C)C)C(=O)N[C@@H]1C(=O)N(C)[C@H](CC(C)C)C(=O)N[C@@H](CC(C)C)C(=O)N(C)[C@@H](CC(C)C)C(=O)N(C)[C@@H](C)C(=O)N[C@H](CC(C)C)C(=O)N2CCC[C@@H]2C(=O)O[C@@H]1C,-5.66
5962,CC(=O)N1CCC[C@@H]1C(=O)N(C)[C@@H](CC(C)C)C(=O)N[C@@H]1C(=O)N(C)[C@H](CC(C)C)C(=O)N[C@@H](CC(C)C)C(=O)N[C@H](CC(C)C)C(=O)N[C@@H](C)C(=O)N[C@H](CC(C)C)C(=O)N2CCC[C@@H]2C(=O)O[C@@H]1C,-6.31
5961,CC(=O)N1CCC[C@@H]1C(=O)N(C)[C@@H](CC(C)C)C(=O)N[C@@H]1C(=O)N(C)[C@@H](CC(C)C)C(=O)N(C)[C@H](CC(C)C)C(=O)N(C)[C@H](CC(C)C)C(=O)N(C)[C@@H](C)C(=O)N[C@H](CC(C)C)C(=O)N2CCC[C@@H]2C(=O)O[C@@H]1C,-5.55
5960,CC(=O)N1CCC[C@@H]1C(=O)N(C)[C@@H](CC(C)C)C(=O)N[C@@H]1C(=O)N(C)[C@@H](CC(C)C)C(=O)N(C)[C@H](CC(C)C)C(=O)N(C)[C@H](CC(C)C)C(=O)N[C@@H](C)C(=O)N[C@H](CC(C)C)C(=O)N2CCC[C@@H]2C(=O)O[C@@H]1C,-5.67
5959,CC(=O)N1CCC[C@@H]1C(=O)N(C)[C@@H](CC(C)C)C(=O)N[C@@H]1C(=O)N(C)[C@@H](CC(C)C)C(=O)N(C)[C@@H](CC(C)C)C(=O)N[C@@H](CC(C)C)C(=O)N(C)[C@H](C)C(=O)N[C@H](CC(C)C)C(=O)N2CCC[C@@H]2C(=O)O[C@@H]1C,-5.34
5958,CC(=O)N1CCC[C@@H]1C(=O)N(C)[C@@H](CC(C)C)C(=O)N[C@@H]1C(=O)N(C)[C@@H](CC(C)C)C(=O)N(C)[C@@H](CC(C)C)C(=O)N[C@@H](CC(C)C)C(=O)N(C)[C@@H](C)C(=O)N[C@H](CC(C)C)C(=O)N2CCC[C@@H]2C(=O)O[C@@H]1C,-5.21
5957,CC(=O)N1CCC[C@@H]1C(=O)N(C)[C@@H](CC(C)C)C(=O)N[C@@H]1C(=O)N(C)[C@@H](CC(C)C)C(=O)N[C@H](CC(C)C)C(=O)N[C@H](CC(C)C)C(=O)N(C)[C@H](C)C(=O)N[C@H](CC(C)C)C(=O)N2CCC[C@@H]2C(=O)O[C@@H]1C,-6.19
5956,CC(=O)N1CCC[C@@H]1C(=O)N(C)[C@@H](CC(C)C)C(=O)N[C@@H]1C(=O)N(C)[C@@H](CC(C)C)C(=O)N[C@H](CC(C)C)C(=O)N[C@@H](CC(C)C)C(=O)N[C@@H](C)C(=O)N[C@H](CC(C)C)C(=O)N2CCC[C@@H]2C(=O)O[C@@H]1C,-6.09
5955,CC(=O)N1CCC[C@@H]1C(=O)N(C)[C@@H](CC(C)C)C(=O)N[C@@H]1C(=O)N(C)[C@@H](CC(C)C)C(=O)N[C@@H](CC(C)C)C(=O)N(C)[C@H](CC(C)C)C(=O)N[C@@H](C)C(=O)N[C@H](CC(C)C)C(=O)N2CCC[C@@H]2C(=O)O[C@@H]1C,-6.34
5954,CC(=O)N1CCC[C@@H]1C(=O)N(C)[C@@H](CC(C)C)C(=O)N[C@@H]1C(=O)N(C)[C@@H](CC(C)C)C(=O)N[C@@H](CC(C)C)C(=O)N(C)[C@@H](CC(C)C)C(=O)N(C)[C@H](C)C(=O)N[C@H](CC(C)C)C(=O)N2CCC[C@@H]2C(=O)O[C@@H]1C,-5.33
5953,CC(=O)N1CCC[C@@H]1C(=O)N(C)[C@@H](CC(C)C)C(=O)N[C@@H]1C(=O)N(C)[C@@H](CC(C)C)C(=O)N[C@@H](CC(C)C)C(=O)N(C)[C@@H](CC(C)C)C(=O)N(C)[C@@H](C)C(=O)N[C@H](CC(C)C)C(=O)N2CCC[C@@H]2C(=O)O[C@@H]1C,-5.52
5952,CC(=O)N1CCC[C@@H]1C(=O)N(C)[C@@H](CC(C)C)C(=O)N[C@@H]1C(=O)N(C)[C@@H](CC(C)C)C(=O)N[C@@H](CC(C)C)C(=O)N(C)[C@@H](CC(C)C)C(=O)N[C@@H](C)C(=O)N[C@H](CC(C)C)C(=O)N2CCC[C@@H]2C(=O)O[C@@H]1C,-6.43
5951,CC(=O)N1CCC[C@@H]1C(=O)N(C)[C@@H](CC(C)C)C(=O)N[C@@H]1C(=O)N(C)[C@@H](CC(C)C)C(=O)N[C@@H](CC(C)C)C(=O)N[C@@H](CC(C)C)C(=O)N[C@@H](C)C(=O)N[C@H](CC(C)C)C(=O)N2CCC[C@@H]2C(=O)O[C@@H]1C,-7.32
5950,CC(=O)N1CCC[C@@H]1C(=O)N(C)[C@@H](CC(C)C)C(=O)N[C@@H]1C(=O)N[C@H](CC(C)C)C(=O)N(C)[C@H](CC(C)C)C(=O)N[C@H](CC(C)C)C(=O)N(C)[C@H](C)C(=O)N[C@H](CC(C)C)C(=O)N2CCC[C@@H]2C(=O)O[C@@H]1C,-5.77
5949,CC(=O)N1CCC[C@@H]1C(=O)N(C)[C@@H](CC(C)C)C(=O)N[C@@H]1C(=O)N[C@H](CC(C)C)C(=O)N(C)[C@@H](CC(C)C)C(=O)N[C@H](CC(C)C)C(=O)N[C@@H](C)C(=O)N[C@H](CC(C)C)C(=O)N2CCC[C@@H]2C(=O)O[C@@H]1C,-5.97
5948,CC(=O)N1CCC[C@@H]1C(=O)N(C)[C@@H](CC(C)C)C(=O)N[C@@H]1C(=O)N[C@H](CC(C)C)C(=O)N[C@H](CC(C)C)C(=O)N(C)[C@H](CC(C)C)C(=O)N(C)[C@H](C)C(=O)N[C@H](CC(C)C)C(=O)N2CCC[C@@H]2C(=O)O[C@@H]1C,-5.82
5947,CC(=O)N1CCC[C@@H]1C(=O)N(C)[C@@H](CC(C)C)C(=O)N[C@@H]1C(=O)N[C@H](CC(C)C)C(=O)N[C@H](CC(C)C)C(=O)N(C)[C@H](CC(C)C)C(=O)N[C@H](C)C(=O)N[C@H](CC(C)C)C(=O)N2CCC[C@@H]2C(=O)O[C@@H]1C,-6.0
5946,CC(=O)N1CCC[C@@H]1C(=O)N(C)[C@@H](CC(C)C)C(=O)N[C@@H]1C(=O)N[C@H](CC(C)C)C(=O)N[C@H](CC(C)C)C(=O)N(C)[C@@H](CC(C)C)C(=O)N(C)[C@@H](C)C(=O)N[C@H](CC(C)C)C(=O)N2CCC[C@@H]2C(=O)O[C@@H]1C,-5.42
5945,CC(=O)N1CCC[C@@H]1C(=O)N(C)[C@@H](CC(C)C)C(=O)N[C@@H]1C(=O)N[C@H](CC(C)C)C(=O)N[C@H](CC(C)C)C(=O)N[C@H](CC(C)C)C(=O)N(C)[C@H](C)C(=O)N[C@H](CC(C)C)C(=O)N2CCC[C@@H]2C(=O)O[C@@H]1C,-6.05
5944,CC(=O)N1CCC[C@@H]1C(=O)N(C)[C@@H](CC(C)C)C(=O)N[C@@H]1C(=O)N[C@H](CC(C)C)C(=O)N[C@H](CC(C)C)C(=O)N[C@H](CC(C)C)C(=O)N(C)[C@@H](C)C(=O)N[C@H](CC(C)C)C(=O)N2CCC[C@@H]2C(=O)O[C@@H]1C,-5.95
5943,CC(=O)N1CCC[C@@H]1C(=O)N(C)[C@@H](CC(C)C)C(=O)N[C@@H]1C(=O)N[C@H](CC(C)C)C(=O)N[C@H](CC(C)C)C(=O)N[C@H](CC(C)C)C(=O)N[C@H](C)C(=O)N[C@H](CC(C)C)C(=O)N2CCC[C@@H]2C(=O)O[C@@H]1C,-7.16
5942,CC(=O)N1CCC[C@@H]1C(=O)N(C)[C@@H](CC(C)C)C(=O)N[C@@H]1C(=O)N[C@H](CC(C)C)C(=O)N[C@@H](CC(C)C)C(=O)N[C@H](CC(C)C)C(=O)N[C@H](C)C(=O)N[C@H](CC(C)C)C(=O)N2CCC[C@@H]2C(=O)O[C@@H]1C,-6.65
5941,CC(=O)N1CCC[C@@H]1C(=O)N(C)[C@@H](CC(C)C)C(=O)N[C@@H]1C(=O)N[C@H](CC(C)C)C(=O)N[C@@H](CC(C)C)C(=O)N[C@@H](CC(C)C)C(=O)N(C)[C@H](C)C(=O)N[C@H](CC(C)C)C(=O)N2CCC[C@@H]2C(=O)O[C@@H]1C,-5.47
5940,CC(=O)N1CCC[C@@H]1C(=O)N(C)[C@@H](CC(C)C)C(=O)N[C@@H]1C(=O)N[C@H](CC(C)C)C(=O)N[C@@H](CC(C)C)C(=O)N[C@@H](CC(C)C)C(=O)N[C@@H](C)C(=O)N[C@H](CC(C)C)C(=O)N2CCC[C@@H]2C(=O)O[C@@H]1C,-5.51
5939,CC(=O)N1CCC[C@@H]1C(=O)N(C)[C@@H](CC(C)C)C(=O)N[C@@H]1C(=O)N[C@@H](CC(C)C)C(=O)N(C)[C@H](CC(C)C)C(=O)N[C@H](CC(C)C)C(=O)N(C)[C@H](C)C(=O)N[C@H](CC(C)C)C(=O)N2CCC[C@@H]2C(=O)O[C@@H]1C,-5.8
5938,CC(=O)N1CCC[C@@H]1C(=O)N(C)[C@@H](CC(C)C)C(=O)N[C@@H]1C(=O)N[C@@H](CC(C)C)C(=O)N(C)[C@H](CC(C)C)C(=O)N[C@@H](CC(C)C)C(=O)N(C)[C@H](C)C(=O)N[C@H](CC(C)C)C(=O)N2CCC[C@@H]2C(=O)O[C@@H]1C,-5.19
5937,CC(=O)N1CCC[C@@H]1C(=O)N(C)[C@@H](CC(C)C)C(=O)N[C@@H]1C(=O)N[C@@H](CC(C)C)C(=O)N(C)[C@@H](CC(C)C)C(=O)N[C@H](CC(C)C)C(=O)N(C)[C@@H](C)C(=O)N[C@H](CC(C)C)C(=O)N2CCC[C@@H]2C(=O)O[C@@H]1C,-5.26
5936,CC(=O)N1CCC[C@@H]1C(=O)N(C)[C@@H](CC(C)C)C(=O)N[C@@H]1C(=O)N[C@@H](CC(C)C)C(=O)N(C)[C@@H](CC(C)C)C(=O)N[C@@H](CC(C)C)C(=O)N(C)[C@H](C)C(=O)N[C@H](CC(C)C)C(=O)N2CCC[C@@H]2C(=O)O[C@@H]1C,-5.16
5935,CC(=O)N1CCC[C@@H]1C(=O)N(C)[C@@H](CC(C)C)C(=O)N[C@@H]1C(=O)N[C@@H](CC(C)C)C(=O)N[C@H](CC(C)C)C(=O)N(C)[C@@H](CC(C)C)C(=O)N(C)[C@@H](C)C(=O)N[C@H](CC(C)C)C(=O)N2CCC[C@@H]2C(=O)O[C@@H]1C,-5.95
5934,CC(=O)N1CCC[C@@H]1C(=O)N(C)[C@@H](CC(C)C)C(=O)N[C@@H]1C(=O)N[C@@H](CC(C)C)C(=O)N[C@@H](CC(C)C)C(=O)N(C)[C@H](CC(C)C)C(=O)N[C@@H](C)C(=O)N[C@H](CC(C)C)C(=O)N2CCC[C@@H]2C(=O)O[C@@H]1C,-6.39
5933,CC(=O)N1CCC[C@@H]1C(=O)N(C)[C@@H](CC(C)C)C(=O)N[C@@H]1C(=O)N[C@@H](CC(C)C)C(=O)N[C@@H](CC(C)C)C(=O)N(C)[C@@H](CC(C)C)C(=O)N(C)[C@@H](C)C(=O)N[C@H](CC(C)C)C(=O)N2CCC[C@@H]2C(=O)O[C@@H]1C,-5.73
5932,CC(=O)N1CCC[C@@H]1C(=O)N(C)[C@@H](CC(C)C)C(=O)N[C@@H]1C(=O)N[C@@H](CC(C)C)C(=O)N[C@@H](CC(C)C)C(=O)N[C@H](CC(C)C)C(=O)N(C)[C@H](C)C(=O)N[C@H](CC(C)C)C(=O)N2CCC[C@@H]2C(=O)O[C@@H]1C,-6.42
5931,CC(=O)N1CCC[C@@H]1C(=O)N(C)[C@@H](CC(C)C)C(=O)N[C@@H]1C(=O)N[C@@H](CC(C)C)C(=O)N[C@@H](CC(C)C)C(=O)N[C@H](CC(C)C)C(=O)N[C@H](C)C(=O)N[C@H](CC(C)C)C(=O)N2CCC[C@@H]2C(=O)O[C@@H]1C,-6.52
5930,CC(=O)N1CCC[C@@H]1C(=O)N(C)[C@@H](CC(C)C)C(=O)N[C@@H]1C(=O)N[C@@H](CC(C)C)C(=O)N[C@@H](CC(C)C)C(=O)N[C@@H](CC(C)C)C(=O)N(C)[C@@H](C)C(=O)N[C@H](CC(C)C)C(=O)N2CCC[C@@H]2C(=O)O[C@@H]1C,-5.93
5929,CC(=O)N1CCC[C@@H]1C(=O)N(C)[C@@H](CC(C)C)C(=O)N[C@@H]1C(=O)N[C@@H](CC(C)C)C(=O)N[C@@H](CC(C)C)C(=O)N[C@@H](CC(C)C)C(=O)N[C@@H](C)C(=O)N[C@H](CC(C)C)C(=O)N2CCC[C@@H]2C(=O)O[C@@H]1C,-7.68
5928,CC(=O)N1CCC[C@@H]1C(=O)N(C)[C@@H](CC(C)C)C(=O)N[C@@H]1C(=O)N(C)[C@H](CC(C)C)C(=O)N(C)[C@H](CC(C)C)C(=O)N(C)[C@@H](CC(C)C)C(=O)N(C)[C@H](C)C(=O)N[C@H](CC(C)C)C(=O)N2CCC[C@H]2C(=O)O[C@@H]1C,-5.2
5927,CC(=O)N1CCC[C@@H]1C(=O)N(C)[C@@H](CC(C)C)C(=O)N[C@@H]1C(=O)N(C)[C@H](CC(C)C)C(=O)N(C)[C@H](CC(C)C)C(=O)N(C)[C@@H](CC(C)C)C(=O)N(C)[C@@H](C)C(=O)N[C@H](CC(C)C)C(=O)N2CCC[C@H]2C(=O)O[C@@H]1C,-5.23
5926,CC(=O)N1CCC[C@@H]1C(=O)N(C)[C@@H](CC(C)C)C(=O)N[C@@H]1C(=O)N(C)[C@H](CC(C)C)C(=O)N(C)[C@H](CC(C)C)C(=O)N[C@H](CC(C)C)C(=O)N(C)[C@H](C)C(=O)N[C@H](CC(C)C)C(=O)N2CCC[C@H]2C(=O)O[C@@H]1C,-5.4
5925,CC(=O)N1CCC[C@@H]1C(=O)N(C)[C@@H](CC(C)C)C(=O)N[C@@H]1C(=O)N(C)[C@H](CC(C)C)C(=O)N(C)[C@H](CC(C)C)C(=O)N[C@H](CC(C)C)C(=O)N(C)[C@@H](C)C(=O)N[C@H](CC(C)C)C(=O)N2CCC[C@H]2C(=O)O[C@@H]1C,-5.42
5924,CC(=O)N1CCC[C@@H]1C(=O)N(C)[C@@H](CC(C)C)C(=O)N[C@@H]1C(=O)N(C)[C@H](CC(C)C)C(=O)N(C)[C@H](CC(C)C)C(=O)N[C@@H](CC(C)C)C(=O)N(C)[C@H](C)C(=O)N[C@H](CC(C)C)C(=O)N2CCC[C@H]2C(=O)O[C@@H]1C,-5.33
5923,CC(=O)N1CCC[C@@H]1C(=O)N(C)[C@@H](CC(C)C)C(=O)N[C@@H]1C(=O)N(C)[C@H](CC(C)C)C(=O)N(C)[C@@H](CC(C)C)C(=O)N(C)[C@H](CC(C)C)C(=O)N(C)[C@H](C)C(=O)N[C@H](CC(C)C)C(=O)N2CCC[C@H]2C(=O)O[C@@H]1C,-5.28
5922,CC(=O)N1CCC[C@@H]1C(=O)N(C)[C@@H](CC(C)C)C(=O)N[C@@H]1C(=O)N(C)[C@H](CC(C)C)C(=O)N(C)[C@@H](CC(C)C)C(=O)N(C)[C@H](CC(C)C)C(=O)N(C)[C@@H](C)C(=O)N[C@H](CC(C)C)C(=O)N2CCC[C@H]2C(=O)O[C@@H]1C,-5.35
5921,CC(=O)N1CCC[C@@H]1C(=O)N(C)[C@@H](CC(C)C)C(=O)N[C@@H]1C(=O)N(C)[C@H](CC(C)C)C(=O)N(C)[C@@H](CC(C)C)C(=O)N(C)[C@H](CC(C)C)C(=O)N[C@@H](C)C(=O)N[C@H](CC(C)C)C(=O)N2CCC[C@H]2C(=O)O[C@@H]1C,-5.17
5920,CC(=O)N1CCC[C@@H]1C(=O)N(C)[C@@H](CC(C)C)C(=O)N[C@@H]1C(=O)N(C)[C@H](CC(C)C)C(=O)N(C)[C@@H](CC(C)C)C(=O)N(C)[C@@H](CC(C)C)C(=O)N(C)[C@H](C)C(=O)N[C@H](CC(C)C)C(=O)N2CCC[C@H]2C(=O)O[C@@H]1C,-5.36
5919,CC(=O)N1CCC[C@@H]1C(=O)N(C)[C@@H](CC(C)C)C(=O)N[C@@H]1C(=O)N(C)[C@H](CC(C)C)C(=O)N(C)[C@@H](CC(C)C)C(=O)N(C)[C@@H](CC(C)C)C(=O)N[C@@H](C)C(=O)N[C@H](CC(C)C)C(=O)N2CCC[C@H]2C(=O)O[C@@H]1C,-5.13
5918,CC(=O)N1CCC[C@@H]1C(=O)N(C)[C@@H](CC(C)C)C(=O)N[C@@H]1C(=O)N(C)[C@H](CC(C)C)C(=O)N(C)[C@@H](CC(C)C)C(=O)N[C@@H](CC(C)C)C(=O)N(C)[C@H](C)C(=O)N[C@H](CC(C)C)C(=O)N2CCC[C@H]2C(=O)O[C@@H]1C,-6.04
5917,CC(=O)N1CCC[C@@H]1C(=O)N(C)[C@@H](CC(C)C)C(=O)N[C@@H]1C(=O)N(C)[C@H](CC(C)C)C(=O)N[C@H](CC(C)C)C(=O)N(C)[C@H](CC(C)C)C(=O)N(C)[C@H](C)C(=O)N[C@H](CC(C)C)C(=O)N2CCC[C@H]2C(=O)O[C@@H]1C,-5.71
5916,CC(=O)N1CCC[C@@H]1C(=O)N(C)[C@@H](CC(C)C)C(=O)N[C@@H]1C(=O)N(C)[C@H](CC(C)C)C(=O)N[C@H](CC(C)C)C(=O)N[C@H](CC(C)C)C(=O)N(C)[C@@H](C)C(=O)N[C@H](CC(C)C)C(=O)N2CCC[C@H]2C(=O)O[C@@H]1C,-5.68
5915,CC(=O)N1CCC[C@@H]1C(=O)N(C)[C@@H](CC(C)C)C(=O)N[C@@H]1C(=O)N(C)[C@H](CC(C)C)C(=O)N[C@@H](CC(C)C)C(=O)N(C)[C@@H](CC(C)C)C(=O)N(C)[C@@H](C)C(=O)N[C@H](CC(C)C)C(=O)N2CCC[C@H]2C(=O)O[C@@H]1C,-6.17
5914,CC(=O)N1CCC[C@@H]1C(=O)N(C)[C@@H](CC(C)C)C(=O)N[C@@H]1C(=O)N(C)[C@H](CC(C)C)C(=O)N[C@@H](CC(C)C)C(=O)N[C@H](CC(C)C)C(=O)N(C)[C@H](C)C(=O)N[C@H](CC(C)C)C(=O)N2CCC[C@H]2C(=O)O[C@@H]1C,-5.9
5913,CC(=O)N1CCC[C@@H]1C(=O)N(C)[C@@H](CC(C)C)C(=O)N[C@@H]1C(=O)N(C)[C@@H](CC(C)C)C(=O)N(C)[C@H](CC(C)C)C(=O)N(C)[C@H](CC(C)C)C(=O)N(C)[C@H](C)C(=O)N[C@H](CC(C)C)C(=O)N2CCC[C@H]2C(=O)O[C@@H]1C,-5.31
5912,CC(=O)N1CCC[C@@H]1C(=O)N(C)[C@@H](CC(C)C)C(=O)N[C@@H]1C(=O)N(C)[C@@H](CC(C)C)C(=O)N(C)[C@H](CC(C)C)C(=O)N(C)[C@H](CC(C)C)C(=O)N(C)[C@@H](C)C(=O)N[C@H](CC(C)C)C(=O)N2CCC[C@H]2C(=O)O[C@@H]1C,-5.3
5911,CC(=O)N1CCC[C@@H]1C(=O)N(C)[C@@H](CC(C)C)C(=O)N[C@@H]1C(=O)N(C)[C@@H](CC(C)C)C(=O)N(C)[C@H](CC(C)C)C(=O)N(C)[C@@H](CC(C)C)C(=O)N(C)[C@H](C)C(=O)N[C@H](CC(C)C)C(=O)N2CCC[C@H]2C(=O)O[C@@H]1C,-5.46
5910,CC(=O)N1CCC[C@@H]1C(=O)N(C)[C@@H](CC(C)C)C(=O)N[C@@H]1C(=O)N(C)[C@@H](CC(C)C)C(=O)N(C)[C@H](CC(C)C)C(=O)N(C)[C@@H](CC(C)C)C(=O)N(C)[C@@H](C)C(=O)N[C@H](CC(C)C)C(=O)N2CCC[C@H]2C(=O)O[C@@H]1C,-5.29
5909,CC(=O)N1CCC[C@@H]1C(=O)N(C)[C@@H](CC(C)C)C(=O)N[C@@H]1C(=O)N(C)[C@@H](CC(C)C)C(=O)N(C)[C@H](CC(C)C)C(=O)N[C@H](CC(C)C)C(=O)N(C)[C@H](C)C(=O)N[C@H](CC(C)C)C(=O)N2CCC[C@H]2C(=O)O[C@@H]1C,-5.99
5908,CC(=O)N1CCC[C@@H]1C(=O)N(C)[C@@H](CC(C)C)C(=O)N[C@@H]1C(=O)N(C)[C@@H](CC(C)C)C(=O)N(C)[C@H](CC(C)C)C(=O)N[C@@H](CC(C)C)C(=O)N(C)[C@H](C)C(=O)N[C@H](CC(C)C)C(=O)N2CCC[C@H]2C(=O)O[C@@H]1C,-5.56
5907,CC(=O)N1CCC[C@@H]1C(=O)N(C)[C@@H](CC(C)C)C(=O)N[C@@H]1C(=O)N(C)[C@@H](CC(C)C)C(=O)N(C)[C@@H](CC(C)C)C(=O)N(C)[C@H](CC(C)C)C(=O)N(C)[C@H](C)C(=O)N[C@H](CC(C)C)C(=O)N2CCC[C@H]2C(=O)O[C@@H]1C,-5.84
5906,CC(=O)N1CCC[C@@H]1C(=O)N(C)[C@@H](CC(C)C)C(=O)N[C@@H]1C(=O)N(C)[C@@H](CC(C)C)C(=O)N(C)[C@@H](CC(C)C)C(=O)N(C)[C@H](CC(C)C)C(=O)N(C)[C@@H](C)C(=O)N[C@H](CC(C)C)C(=O)N2CCC[C@H]2C(=O)O[C@@H]1C,-6.31
5905,CC(=O)N1CCC[C@@H]1C(=O)N(C)[C@@H](CC(C)C)C(=O)N[C@@H]1C(=O)N(C)[C@@H](CC(C)C)C(=O)N(C)[C@@H](CC(C)C)C(=O)N[C@@H](CC(C)C)C(=O)N[C@@H](C)C(=O)N[C@H](CC(C)C)C(=O)N2CCC[C@H]2C(=O)O[C@@H]1C,-7.37
5904,CC(=O)N1CCC[C@@H]1C(=O)N(C)[C@@H](CC(C)C)C(=O)N[C@@H]1C(=O)N(C)[C@@H](CC(C)C)C(=O)N[C@H](CC(C)C)C(=O)N(C)[C@H](CC(C)C)C(=O)N(C)[C@@H](C)C(=O)N[C@H](CC(C)C)C(=O)N2CCC[C@H]2C(=O)O[C@@H]1C,-5.36
5903,CC(=O)N1CCC[C@@H]1C(=O)N(C)[C@@H](CC(C)C)C(=O)N[C@@H]1C(=O)N(C)[C@@H](CC(C)C)C(=O)N[C@H](CC(C)C)C(=O)N(C)[C@@H](CC(C)C)C(=O)N(C)[C@H](C)C(=O)N[C@H](CC(C)C)C(=O)N2CCC[C@H]2C(=O)O[C@@H]1C,-6.05
5902,CC(=O)N1CCC[C@@H]1C(=O)N(C)[C@@H](CC(C)C)C(=O)N[C@@H]1C(=O)N(C)[C@@H](CC(C)C)C(=O)N[C@H](CC(C)C)C(=O)N(C)[C@@H](CC(C)C)C(=O)N(C)[C@@H](C)C(=O)N[C@H](CC(C)C)C(=O)N2CCC[C@H]2C(=O)O[C@@H]1C,-5.71
5901,CC(=O)N1CCC[C@@H]1C(=O)N(C)[C@@H](CC(C)C)C(=O)N[C@@H]1C(=O)N(C)[C@@H](CC(C)C)C(=O)N[C@@H](CC(C)C)C(=O)N(C)[C@H](CC(C)C)C(=O)N(C)[C@@H](C)C(=O)N[C@H](CC(C)C)C(=O)N2CCC[C@H]2C(=O)O[C@@H]1C,-6.11
5900,CC(=O)N1CCC[C@@H]1C(=O)N(C)[C@@H](CC(C)C)C(=O)N[C@@H]1C(=O)N(C)[C@@H](CC(C)C)C(=O)N[C@@H](CC(C)C)C(=O)N(C)[C@@H](CC(C)C)C(=O)N(C)[C@H](C)C(=O)N[C@H](CC(C)C)C(=O)N2CCC[C@H]2C(=O)O[C@@H]1C,-6.15
5899,CC(=O)N1CCC[C@@H]1C(=O)N(C)[C@@H](CC(C)C)C(=O)N[C@@H]1C(=O)N(C)[C@@H](CC(C)C)C(=O)N[C@@H](CC(C)C)C(=O)N(C)[C@@H](CC(C)C)C(=O)N(C)[C@@H](C)C(=O)N[C@H](CC(C)C)C(=O)N2CCC[C@H]2C(=O)O[C@@H]1C,-6.92
5898,CC(=O)N1CCC[C@@H]1C(=O)N(C)[C@@H](CC(C)C)C(=O)N[C@@H]1C(=O)N(C)[C@@H](CC(C)C)C(=O)N[C@@H](CC(C)C)C(=O)N[C@H](CC(C)C)C(=O)N(C)[C@H](C)C(=O)N[C@H](CC(C)C)C(=O)N2CCC[C@H]2C(=O)O[C@@H]1C,-6.88
5897,CC(=O)N1CCC[C@@H]1C(=O)N(C)[C@@H](CC(C)C)C(=O)N[C@@H]1C(=O)N(C)[C@@H](CC(C)C)C(=O)N[C@@H](CC(C)C)C(=O)N[C@H](CC(C)C)C(=O)N[C@H](C)C(=O)N[C@H](CC(C)C)C(=O)N2CCC[C@H]2C(=O)O[C@@H]1C,-6.75
5896,CC(=O)N1CCC[C@@H]1C(=O)N(C)[C@@H](CC(C)C)C(=O)N[C@@H]1C(=O)N(C)[C@@H](CC(C)C)C(=O)N[C@@H](CC(C)C)C(=O)N[C@@H](CC(C)C)C(=O)N[C@@H](C)C(=O)N[C@H](CC(C)C)C(=O)N2CCC[C@H]2C(=O)O[C@@H]1C,-7.4
5895,CC(=O)N1CCC[C@@H]1C(=O)N(C)[C@@H](CC(C)C)C(=O)N[C@@H]1C(=O)N[C@H](CC(C)C)C(=O)N(C)[C@H](CC(C)C)C(=O)N(C)[C@H](CC(C)C)C(=O)N[C@H](C)C(=O)N[C@H](CC(C)C)C(=O)N2CCC[C@H]2C(=O)O[C@@H]1C,-5.67
5894,CC(=O)N1CCC[C@@H]1C(=O)N(C)[C@@H](CC(C)C)C(=O)N[C@@H]1C(=O)N[C@H](CC(C)C)C(=O)N(C)[C@H](CC(C)C)C(=O)N(C)[C@H](CC(C)C)C(=O)N[C@@H](C)C(=O)N[C@H](CC(C)C)C(=O)N2CCC[C@H]2C(=O)O[C@@H]1C,-5.56
5893,CC(=O)N1CCC[C@@H]1C(=O)N(C)[C@@H](CC(C)C)C(=O)N[C@@H]1C(=O)N[C@H](CC(C)C)C(=O)N(C)[C@H](CC(C)C)C(=O)N(C)[C@@H](CC(C)C)C(=O)N(C)[C@@H](C)C(=O)N[C@H](CC(C)C)C(=O)N2CCC[C@H]2C(=O)O[C@@H]1C,-5.42
5892,CC(=O)N1CCC[C@@H]1C(=O)N(C)[C@@H](CC(C)C)C(=O)N[C@@H]1C(=O)N[C@H](CC(C)C)C(=O)N(C)[C@H](CC(C)C)C(=O)N[C@H](CC(C)C)C(=O)N(C)[C@H](C)C(=O)N[C@H](CC(C)C)C(=O)N2CCC[C@H]2C(=O)O[C@@H]1C,-5.47
5891,CC(=O)N1CCC[C@@H]1C(=O)N(C)[C@@H](CC(C)C)C(=O)N[C@@H]1C(=O)N[C@H](CC(C)C)C(=O)N(C)[C@H](CC(C)C)C(=O)N[C@H](CC(C)C)C(=O)N(C)[C@@H](C)C(=O)N[C@H](CC(C)C)C(=O)N2CCC[C@H]2C(=O)O[C@@H]1C,-5.48
5890,CC(=O)N1CCC[C@@H]1C(=O)N(C)[C@@H](CC(C)C)C(=O)N[C@@H]1C(=O)N[C@H](CC(C)C)C(=O)N(C)[C@H](CC(C)C)C(=O)N[C@H](CC(C)C)C(=O)N[C@H](C)C(=O)N[C@H](CC(C)C)C(=O)N2CCC[C@H]2C(=O)O[C@@H]1C,-6.12
5889,CC(=O)N1CCC[C@@H]1C(=O)N(C)[C@@H](CC(C)C)C(=O)N[C@@H]1C(=O)N[C@H](CC(C)C)C(=O)N(C)[C@H](CC(C)C)C(=O)N[C@H](CC(C)C)C(=O)N[C@@H](C)C(=O)N[C@H](CC(C)C)C(=O)N2CCC[C@H]2C(=O)O[C@@H]1C,-5.69
5888,CC(=O)N1CCC[C@@H]1C(=O)N(C)[C@@H](CC(C)C)C(=O)N[C@@H]1C(=O)N[C@H](CC(C)C)C(=O)N(C)[C@H](CC(C)C)C(=O)N[C@@H](CC(C)C)C(=O)N(C)[C@@H](C)C(=O)N[C@H](CC(C)C)C(=O)N2CCC[C@H]2C(=O)O[C@@H]1C,-5.2
5887,CC(=O)N1CCC[C@@H]1C(=O)N(C)[C@@H](CC(C)C)C(=O)N[C@@H]1C(=O)N[C@H](CC(C)C)C(=O)N(C)[C@@H](CC(C)C)C(=O)N(C)[C@H](CC(C)C)C(=O)N(C)[C@H](C)C(=O)N[C@H](CC(C)C)C(=O)N2CCC[C@H]2C(=O)O[C@@H]1C,-5.41
5886,CC(=O)N1CCC[C@@H]1C(=O)N(C)[C@@H](CC(C)C)C(=O)N[C@@H]1C(=O)N[C@H](CC(C)C)C(=O)N(C)[C@@H](CC(C)C)C(=O)N(C)[C@H](CC(C)C)C(=O)N(C)[C@@H](C)C(=O)N[C@H](CC(C)C)C(=O)N2CCC[C@H]2C(=O)O[C@@H]1C,-5.46
5885,CC(=O)N1CCC[C@@H]1C(=O)N(C)[C@@H](CC(C)C)C(=O)N[C@@H]1C(=O)N[C@H](CC(C)C)C(=O)N(C)[C@@H](CC(C)C)C(=O)N(C)[C@H](CC(C)C)C(=O)N[C@@H](C)C(=O)N[C@H](CC(C)C)C(=O)N2CCC[C@H]2C(=O)O[C@@H]1C,-5.4
5884,CC(=O)N1CCC[C@@H]1C(=O)N(C)[C@@H](CC(C)C)C(=O)N[C@@H]1C(=O)N[C@H](CC(C)C)C(=O)N(C)[C@@H](CC(C)C)C(=O)N(C)[C@@H](CC(C)C)C(=O)N(C)[C@H](C)C(=O)N[C@H](CC(C)C)C(=O)N2CCC[C@H]2C(=O)O[C@@H]1C,-5.53
5883,CC(=O)N1CCC[C@@H]1C(=O)N(C)[C@@H](CC(C)C)C(=O)N[C@@H]1C(=O)N[C@H](CC(C)C)C(=O)N(C)[C@@H](CC(C)C)C(=O)N(C)[C@@H](CC(C)C)C(=O)N(C)[C@@H](C)C(=O)N[C@H](CC(C)C)C(=O)N2CCC[C@H]2C(=O)O[C@@H]1C,-5.4
5882,CC(=O)N1CCC[C@@H]1C(=O)N(C)[C@@H](CC(C)C)C(=O)N[C@@H]1C(=O)N[C@H](CC(C)C)C(=O)N(C)[C@@H](CC(C)C)C(=O)N(C)[C@@H](CC(C)C)C(=O)N[C@@H](C)C(=O)N[C@H](CC(C)C)C(=O)N2CCC[C@H]2C(=O)O[C@@H]1C,-5.46
5881,CC(=O)N1CCC[C@@H]1C(=O)N(C)[C@@H](CC(C)C)C(=O)N[C@@H]1C(=O)N[C@H](CC(C)C)C(=O)N(C)[C@@H](CC(C)C)C(=O)N[C@@H](CC(C)C)C(=O)N(C)[C@H](C)C(=O)N[C@H](CC(C)C)C(=O)N2CCC[C@H]2C(=O)O[C@@H]1C,-5.58
5880,CC(=O)N1CCC[C@@H]1C(=O)N(C)[C@@H](CC(C)C)C(=O)N[C@@H]1C(=O)N[C@H](CC(C)C)C(=O)N(C)[C@@H](CC(C)C)C(=O)N[C@@H](CC(C)C)C(=O)N(C)[C@@H](C)C(=O)N[C@H](CC(C)C)C(=O)N2CCC[C@H]2C(=O)O[C@@H]1C,-5.43
5879,CC(=O)N1CCC[C@@H]1C(=O)N(C)[C@@H](CC(C)C)C(=O)N[C@@H]1C(=O)N[C@H](CC(C)C)C(=O)N(C)[C@@H](CC(C)C)C(=O)N[C@@H](CC(C)C)C(=O)N[C@@H](C)C(=O)N[C@H](CC(C)C)C(=O)N2CCC[C@H]2C(=O)O[C@@H]1C,-6.12
5878,CC(=O)N1CCC[C@@H]1C(=O)N(C)[C@@H](CC(C)C)C(=O)N[C@@H]1C(=O)N[C@H](CC(C)C)C(=O)N[C@H](CC(C)C)C(=O)N(C)[C@H](CC(C)C)C(=O)N(C)[C@@H](C)C(=O)N[C@H](CC(C)C)C(=O)N2CCC[C@H]2C(=O)O[C@@H]1C,-5.78
5877,CC(=O)N1CCC[C@@H]1C(=O)N(C)[C@@H](CC(C)C)C(=O)N[C@@H]1C(=O)N[C@H](CC(C)C)C(=O)N[C@H](CC(C)C)C(=O)N(C)[C@H](CC(C)C)C(=O)N[C@H](C)C(=O)N[C@H](CC(C)C)C(=O)N2CCC[C@H]2C(=O)O[C@@H]1C,-5.78
5876,CC(=O)N1CCC[C@@H]1C(=O)N(C)[C@@H](CC(C)C)C(=O)N[C@@H]1C(=O)N[C@H](CC(C)C)C(=O)N[C@H](CC(C)C)C(=O)N(C)[C@H](CC(C)C)C(=O)N[C@@H](C)C(=O)N[C@H](CC(C)C)C(=O)N2CCC[C@H]2C(=O)O[C@@H]1C,-5.87
5875,CC(=O)N1CCC[C@@H]1C(=O)N(C)[C@@H](CC(C)C)C(=O)N[C@@H]1C(=O)N[C@H](CC(C)C)C(=O)N[C@H](CC(C)C)C(=O)N(C)[C@@H](CC(C)C)C(=O)N(C)[C@H](C)C(=O)N[C@H](CC(C)C)C(=O)N2CCC[C@H]2C(=O)O[C@@H]1C,-5.64
5874,CC(=O)N1CCC[C@@H]1C(=O)N(C)[C@@H](CC(C)C)C(=O)N[C@@H]1C(=O)N[C@H](CC(C)C)C(=O)N[C@H](CC(C)C)C(=O)N(C)[C@@H](CC(C)C)C(=O)N(C)[C@@H](C)C(=O)N[C@H](CC(C)C)C(=O)N2CCC[C@H]2C(=O)O[C@@H]1C,-5.95
5873,CC(=O)N1CCC[C@@H]1C(=O)N(C)[C@@H](CC(C)C)C(=O)N[C@@H]1C(=O)N[C@H](CC(C)C)C(=O)N[C@H](CC(C)C)C(=O)N(C)[C@@H](CC(C)C)C(=O)N[C@@H](C)C(=O)N[C@H](CC(C)C)C(=O)N2CCC[C@H]2C(=O)O[C@@H]1C,-6.06
5872,CC(=O)N1CCC[C@@H]1C(=O)N(C)[C@@H](CC(C)C)C(=O)N[C@@H]1C(=O)N[C@H](CC(C)C)C(=O)N[C@H](CC(C)C)C(=O)N[C@H](CC(C)C)C(=O)N(C)[C@H](C)C(=O)N[C@H](CC(C)C)C(=O)N2CCC[C@H]2C(=O)O[C@@H]1C,-6.98
5871,CC(=O)N1CCC[C@@H]1C(=O)N(C)[C@@H](CC(C)C)C(=O)N[C@@H]1C(=O)N[C@H](CC(C)C)C(=O)N[C@H](CC(C)C)C(=O)N[C@H](CC(C)C)C(=O)N[C@H](C)C(=O)N[C@H](CC(C)C)C(=O)N2CCC[C@H]2C(=O)O[C@@H]1C,-6.66
5870,CC(=O)N1CCC[C@@H]1C(=O)N(C)[C@@H](CC(C)C)C(=O)N[C@@H]1C(=O)N[C@H](CC(C)C)C(=O)N[C@H](CC(C)C)C(=O)N[C@H](CC(C)C)C(=O)N[C@@H](C)C(=O)N[C@H](CC(C)C)C(=O)N2CCC[C@H]2C(=O)O[C@@H]1C,-6.64
5869,CC(=O)N1CCC[C@@H]1C(=O)N(C)[C@@H](CC(C)C)C(=O)N[C@@H]1C(=O)N[C@H](CC(C)C)C(=O)N[C@H](CC(C)C)C(=O)N[C@@H](CC(C)C)C(=O)N(C)[C@H](C)C(=O)N[C@H](CC(C)C)C(=O)N2CCC[C@H]2C(=O)O[C@@H]1C,-5.99
5868,CC(=O)N1CCC[C@@H]1C(=O)N(C)[C@@H](CC(C)C)C(=O)N[C@@H]1C(=O)N[C@H](CC(C)C)C(=O)N[C@H](CC(C)C)C(=O)N[C@@H](CC(C)C)C(=O)N(C)[C@@H](C)C(=O)N[C@H](CC(C)C)C(=O)N2CCC[C@H]2C(=O)O[C@@H]1C,-5.83
5867,CC(=O)N1CCC[C@@H]1C(=O)N(C)[C@@H](CC(C)C)C(=O)N[C@@H]1C(=O)N[C@H](CC(C)C)C(=O)N[C@H](CC(C)C)C(=O)N[C@@H](CC(C)C)C(=O)N[C@@H](C)C(=O)N[C@H](CC(C)C)C(=O)N2CCC[C@H]2C(=O)O[C@@H]1C,-6.85
5866,CC(=O)N1CCC[C@@H]1C(=O)N(C)[C@@H](CC(C)C)C(=O)N[C@@H]1C(=O)N[C@H](CC(C)C)C(=O)N[C@@H](CC(C)C)C(=O)N(C)[C@H](CC(C)C)C(=O)N(C)[C@@H](C)C(=O)N[C@H](CC(C)C)C(=O)N2CCC[C@H]2C(=O)O[C@@H]1C,-5.37
5865,CC(=O)N1CCC[C@@H]1C(=O)N(C)[C@@H](CC(C)C)C(=O)N[C@@H]1C(=O)N[C@H](CC(C)C)C(=O)N[C@@H](CC(C)C)C(=O)N(C)[C@H](CC(C)C)C(=O)N[C@@H](C)C(=O)N[C@H](CC(C)C)C(=O)N2CCC[C@H]2C(=O)O[C@@H]1C,-5.76
5864,CC(=O)N1CCC[C@@H]1C(=O)N(C)[C@@H](CC(C)C)C(=O)N[C@@H]1C(=O)N[C@H](CC(C)C)C(=O)N[C@@H](CC(C)C)C(=O)N(C)[C@@H](CC(C)C)C(=O)N[C@@H](C)C(=O)N[C@H](CC(C)C)C(=O)N2CCC[C@H]2C(=O)O[C@@H]1C,-6.11
5863,CC(=O)N1CCC[C@@H]1C(=O)N(C)[C@@H](CC(C)C)C(=O)N[C@@H]1C(=O)N[C@H](CC(C)C)C(=O)N[C@@H](CC(C)C)C(=O)N[C@H](CC(C)C)C(=O)N(C)[C@@H](C)C(=O)N[C@H](CC(C)C)C(=O)N2CCC[C@H]2C(=O)O[C@@H]1C,-6.28
5862,CC(=O)N1CCC[C@@H]1C(=O)N(C)[C@@H](CC(C)C)C(=O)N[C@@H]1C(=O)N[C@H](CC(C)C)C(=O)N[C@@H](CC(C)C)C(=O)N[C@@H](CC(C)C)C(=O)N(C)[C@@H](C)C(=O)N[C@H](CC(C)C)C(=O)N2CCC[C@H]2C(=O)O[C@@H]1C,-6.15
5861,CC(=O)N1CCC[C@@H]1C(=O)N(C)[C@@H](CC(C)C)C(=O)N[C@@H]1C(=O)N[C@@H](CC(C)C)C(=O)N(C)[C@H](CC(C)C)C(=O)N(C)[C@H](CC(C)C)C(=O)N(C)[C@H](C)C(=O)N[C@H](CC(C)C)C(=O)N2CCC[C@H]2C(=O)O[C@@H]1C,-5.59
5860,CC(=O)N1CCC[C@@H]1C(=O)N(C)[C@@H](CC(C)C)C(=O)N[C@@H]1C(=O)N[C@@H](CC(C)C)C(=O)N(C)[C@H](CC(C)C)C(=O)N(C)[C@@H](CC(C)C)C(=O)N(C)[C@@H](C)C(=O)N[C@H](CC(C)C)C(=O)N2CCC[C@H]2C(=O)O[C@@H]1C,-5.62
5859,CC(=O)N1CCC[C@@H]1C(=O)N(C)[C@@H](CC(C)C)C(=O)N[C@@H]1C(=O)N[C@@H](CC(C)C)C(=O)N(C)[C@H](CC(C)C)C(=O)N[C@H](CC(C)C)C(=O)N(C)[C@H](C)C(=O)N[C@H](CC(C)C)C(=O)N2CCC[C@H]2C(=O)O[C@@H]1C,-6.05
5858,CC(=O)N1CCC[C@@H]1C(=O)N(C)[C@@H](CC(C)C)C(=O)N[C@@H]1C(=O)N[C@@H](CC(C)C)C(=O)N(C)[C@H](CC(C)C)C(=O)N[C@@H](CC(C)C)C(=O)N[C@@H](C)C(=O)N[C@H](CC(C)C)C(=O)N2CCC[C@H]2C(=O)O[C@@H]1C,-6.36
5857,CC(=O)N1CCC[C@@H]1C(=O)N(C)[C@@H](CC(C)C)C(=O)N[C@@H]1C(=O)N[C@@H](CC(C)C)C(=O)N(C)[C@@H](CC(C)C)C(=O)N(C)[C@H](CC(C)C)C(=O)N[C@@H](C)C(=O)N[C@H](CC(C)C)C(=O)N2CCC[C@H]2C(=O)O[C@@H]1C,-6.6
5856,CC(=O)N1CCC[C@@H]1C(=O)N(C)[C@@H](CC(C)C)C(=O)N[C@@H]1C(=O)N[C@@H](CC(C)C)C(=O)N(C)[C@@H](CC(C)C)C(=O)N[C@@H](CC(C)C)C(=O)N(C)[C@@H](C)C(=O)N[C@H](CC(C)C)C(=O)N2CCC[C@H]2C(=O)O[C@@H]1C,-6.0
5855,CC(=O)N1CCC[C@@H]1C(=O)N(C)[C@@H](CC(C)C)C(=O)N[C@@H]1C(=O)N[C@@H](CC(C)C)C(=O)N[C@H](CC(C)C)C(=O)N(C)[C@H](CC(C)C)C(=O)N(C)[C@@H](C)C(=O)N[C@H](CC(C)C)C(=O)N2CCC[C@H]2C(=O)O[C@@H]1C,-5.89
5854,CC(=O)N1CCC[C@@H]1C(=O)N(C)[C@@H](CC(C)C)C(=O)N[C@@H]1C(=O)N[C@@H](CC(C)C)C(=O)N[C@H](CC(C)C)C(=O)N(C)[C@@H](CC(C)C)C(=O)N(C)[C@@H](C)C(=O)N[C@H](CC(C)C)C(=O)N2CCC[C@H]2C(=O)O[C@@H]1C,-6.24
5853,CC(=O)N1CCC[C@@H]1C(=O)N(C)[C@@H](CC(C)C)C(=O)N[C@@H]1C(=O)N[C@@H](CC(C)C)C(=O)N[C@H](CC(C)C)C(=O)N(C)[C@@H](CC(C)C)C(=O)N[C@@H](C)C(=O)N[C@H](CC(C)C)C(=O)N2CCC[C@H]2C(=O)O[C@@H]1C,-6.14
5852,CC(=O)N1CCC[C@@H]1C(=O)N(C)[C@@H](CC(C)C)C(=O)N[C@@H]1C(=O)N[C@@H](CC(C)C)C(=O)N[C@H](CC(C)C)C(=O)N[C@H](CC(C)C)C(=O)N[C@H](C)C(=O)N[C@H](CC(C)C)C(=O)N2CCC[C@H]2C(=O)O[C@@H]1C,-6.82
5851,CC(=O)N1CCC[C@@H]1C(=O)N(C)[C@@H](CC(C)C)C(=O)N[C@@H]1C(=O)N[C@@H](CC(C)C)C(=O)N[C@H](CC(C)C)C(=O)N[C@H](CC(C)C)C(=O)N[C@@H](C)C(=O)N[C@H](CC(C)C)C(=O)N2CCC[C@H]2C(=O)O[C@@H]1C,-6.73
5850,CC(=O)N1CCC[C@@H]1C(=O)N(C)[C@@H](CC(C)C)C(=O)N[C@@H]1C(=O)N[C@@H](CC(C)C)C(=O)N[C@@H](CC(C)C)C(=O)N(C)[C@H](CC(C)C)C(=O)N[C@@H](C)C(=O)N[C@H](CC(C)C)C(=O)N2CCC[C@H]2C(=O)O[C@@H]1C,-6.48
5849,CC(=O)N1CCC[C@@H]1C(=O)N(C)[C@@H](CC(C)C)C(=O)N[C@@H]1C(=O)N[C@@H](CC(C)C)C(=O)N[C@@H](CC(C)C)C(=O)N(C)[C@@H](CC(C)C)C(=O)N(C)[C@H](C)C(=O)N[C@H](CC(C)C)C(=O)N2CCC[C@H]2C(=O)O[C@@H]1C,-6.18
5848,CC(=O)N1CCC[C@@H]1C(=O)N(C)[C@@H](CC(C)C)C(=O)N[C@@H]1C(=O)N[C@@H](CC(C)C)C(=O)N[C@@H](CC(C)C)C(=O)N(C)[C@@H](CC(C)C)C(=O)N(C)[C@@H](C)C(=O)N[C@H](CC(C)C)C(=O)N2CCC[C@H]2C(=O)O[C@@H]1C,-6.54
5847,CC(=O)N1CCC[C@@H]1C(=O)N(C)[C@@H](CC(C)C)C(=O)N[C@@H]1C(=O)N[C@@H](CC(C)C)C(=O)N[C@@H](CC(C)C)C(=O)N(C)[C@@H](CC(C)C)C(=O)N[C@@H](C)C(=O)N[C@H](CC(C)C)C(=O)N2CCC[C@H]2C(=O)O[C@@H]1C,-6.29
5846,CC(=O)N1CCC[C@@H]1C(=O)N(C)[C@@H](CC(C)C)C(=O)N[C@@H]1C(=O)N[C@@H](CC(C)C)C(=O)N[C@@H](CC(C)C)C(=O)N[C@H](CC(C)C)C(=O)N(C)[C@H](C)C(=O)N[C@H](CC(C)C)C(=O)N2CCC[C@H]2C(=O)O[C@@H]1C,-6.59
5845,CC(=O)N1CCC[C@@H]1C(=O)N(C)[C@@H](CC(C)C)C(=O)N[C@@H]1C(=O)N[C@@H](CC(C)C)C(=O)N[C@@H](CC(C)C)C(=O)N[C@@H](CC(C)C)C(=O)N(C)[C@@H](C)C(=O)N[C@H](CC(C)C)C(=O)N2CCC[C@H]2C(=O)O[C@@H]1C,-6.43
5844,CC(=O)N1CCC[C@@H]1C(=O)N(C)[C@@H](CC(C)C)C(=O)N[C@@H]1C(=O)N[C@@H](CC(C)C)C(=O)N[C@@H](CC(C)C)C(=O)N[C@@H](CC(C)C)C(=O)N[C@@H](C)C(=O)N[C@H](CC(C)C)C(=O)N2CCC[C@H]2C(=O)O[C@@H]1C,-6.86
5843,CC(=O)N1CCC[C@H]1C(=O)N(C)[C@@H](CC(C)C)C(=O)N[C@@H]1C(=O)N(C)[C@H](CC(C)C)C(=O)N(C)[C@H](CC(C)C)C(=O)N(C)[C@@H](CC(C)C)C(=O)N(C)[C@H](C)C(=O)N[C@H](CC(C)C)C(=O)N2CCC[C@@H]2C(=O)O[C@@H]1C,-5.93
5842,CC(=O)N1CCC[C@H]1C(=O)N(C)[C@@H](CC(C)C)C(=O)N[C@@H]1C(=O)N(C)[C@H](CC(C)C)C(=O)N(C)[C@H](CC(C)C)C(=O)N[C@H](CC(C)C)C(=O)N(C)[C@H](C)C(=O)N[C@H](CC(C)C)C(=O)N2CCC[C@@H]2C(=O)O[C@@H]1C,-6.25
5841,CC(=O)N1CCC[C@H]1C(=O)N(C)[C@@H](CC(C)C)C(=O)N[C@@H]1C(=O)N(C)[C@H](CC(C)C)C(=O)N(C)[C@H](CC(C)C)C(=O)N[C@H](CC(C)C)C(=O)N(C)[C@@H](C)C(=O)N[C@H](CC(C)C)C(=O)N2CCC[C@@H]2C(=O)O[C@@H]1C,-5.84
5840,CC(=O)N1CCC[C@H]1C(=O)N(C)[C@@H](CC(C)C)C(=O)N[C@@H]1C(=O)N(C)[C@H](CC(C)C)C(=O)N(C)[C@H](CC(C)C)C(=O)N[C@@H](CC(C)C)C(=O)N(C)[C@@H](C)C(=O)N[C@H](CC(C)C)C(=O)N2CCC[C@@H]2C(=O)O[C@@H]1C,-5.24
5839,CC(=O)N1CCC[C@H]1C(=O)N(C)[C@@H](CC(C)C)C(=O)N[C@@H]1C(=O)N(C)[C@H](CC(C)C)C(=O)N(C)[C@@H](CC(C)C)C(=O)N(C)[C@H](CC(C)C)C(=O)N(C)[C@@H](C)C(=O)N[C@H](CC(C)C)C(=O)N2CCC[C@@H]2C(=O)O[C@@H]1C,-5.4
5838,CC(=O)N1CCC[C@H]1C(=O)N(C)[C@@H](CC(C)C)C(=O)N[C@@H]1C(=O)N(C)[C@H](CC(C)C)C(=O)N(C)[C@@H](CC(C)C)C(=O)N[C@H](CC(C)C)C(=O)N[C@@H](C)C(=O)N[C@H](CC(C)C)C(=O)N2CCC[C@@H]2C(=O)O[C@@H]1C,-6.4
5837,CC(=O)N1CCC[C@H]1C(=O)N(C)[C@@H](CC(C)C)C(=O)N[C@@H]1C(=O)N(C)[C@H](CC(C)C)C(=O)N(C)[C@@H](CC(C)C)C(=O)N[C@@H](CC(C)C)C(=O)N(C)[C@H](C)C(=O)N[C@H](CC(C)C)C(=O)N2CCC[C@@H]2C(=O)O[C@@H]1C,-5.98
5836,CC(=O)N1CCC[C@H]1C(=O)N(C)[C@@H](CC(C)C)C(=O)N[C@@H]1C(=O)N(C)[C@H](CC(C)C)C(=O)N(C)[C@@H](CC(C)C)C(=O)N[C@@H](CC(C)C)C(=O)N(C)[C@@H](C)C(=O)N[C@H](CC(C)C)C(=O)N2CCC[C@@H]2C(=O)O[C@@H]1C,-5.06
5835,CC(=O)N1CCC[C@H]1C(=O)N(C)[C@@H](CC(C)C)C(=O)N[C@@H]1C(=O)N(C)[C@H](CC(C)C)C(=O)N(C)[C@@H](CC(C)C)C(=O)N[C@@H](CC(C)C)C(=O)N[C@@H](C)C(=O)N[C@H](CC(C)C)C(=O)N2CCC[C@@H]2C(=O)O[C@@H]1C,-5.99
5834,CC(=O)N1CCC[C@H]1C(=O)N(C)[C@@H](CC(C)C)C(=O)N[C@@H]1C(=O)N(C)[C@H](CC(C)C)C(=O)N[C@H](CC(C)C)C(=O)N(C)[C@H](CC(C)C)C(=O)N(C)[C@H](C)C(=O)N[C@H](CC(C)C)C(=O)N2CCC[C@@H]2C(=O)O[C@@H]1C,-6.04
5833,CC(=O)N1CCC[C@H]1C(=O)N(C)[C@@H](CC(C)C)C(=O)N[C@@H]1C(=O)N(C)[C@H](CC(C)C)C(=O)N[C@H](CC(C)C)C(=O)N(C)[C@H](CC(C)C)C(=O)N[C@@H](C)C(=O)N[C@H](CC(C)C)C(=O)N2CCC[C@@H]2C(=O)O[C@@H]1C,-6.75
5832,CC(=O)N1CCC[C@H]1C(=O)N(C)[C@@H](CC(C)C)C(=O)N[C@@H]1C(=O)N(C)[C@H](CC(C)C)C(=O)N[C@H](CC(C)C)C(=O)N(C)[C@@H](CC(C)C)C(=O)N(C)[C@H](C)C(=O)N[C@H](CC(C)C)C(=O)N2CCC[C@@H]2C(=O)O[C@@H]1C,-5.82
5831,CC(=O)N1CCC[C@H]1C(=O)N(C)[C@@H](CC(C)C)C(=O)N[C@@H]1C(=O)N(C)[C@H](CC(C)C)C(=O)N[C@H](CC(C)C)C(=O)N(C)[C@@H](CC(C)C)C(=O)N(C)[C@@H](C)C(=O)N[C@H](CC(C)C)C(=O)N2CCC[C@@H]2C(=O)O[C@@H]1C,-5.78
5830,CC(=O)N1CCC[C@H]1C(=O)N(C)[C@@H](CC(C)C)C(=O)N[C@@H]1C(=O)N(C)[C@H](CC(C)C)C(=O)N[C@H](CC(C)C)C(=O)N[C@H](CC(C)C)C(=O)N[C@H](C)C(=O)N[C@H](CC(C)C)C(=O)N2CCC[C@@H]2C(=O)O[C@@H]1C,-7.52
5829,CC(=O)N1CCC[C@H]1C(=O)N(C)[C@@H](CC(C)C)C(=O)N[C@@H]1C(=O)N(C)[C@H](CC(C)C)C(=O)N[C@H](CC(C)C)C(=O)N[C@@H](CC(C)C)C(=O)N(C)[C@@H](C)C(=O)N[C@H](CC(C)C)C(=O)N2CCC[C@@H]2C(=O)O[C@@H]1C,-6.62
5828,CC(=O)N1CCC[C@H]1C(=O)N(C)[C@@H](CC(C)C)C(=O)N[C@@H]1C(=O)N(C)[C@H](CC(C)C)C(=O)N[C@@H](CC(C)C)C(=O)N(C)[C@H](CC(C)C)C(=O)N(C)[C@H](C)C(=O)N[C@H](CC(C)C)C(=O)N2CCC[C@@H]2C(=O)O[C@@H]1C,-5.9
5827,CC(=O)N1CCC[C@H]1C(=O)N(C)[C@@H](CC(C)C)C(=O)N[C@@H]1C(=O)N(C)[C@H](CC(C)C)C(=O)N[C@@H](CC(C)C)C(=O)N(C)[C@H](CC(C)C)C(=O)N(C)[C@@H](C)C(=O)N[C@H](CC(C)C)C(=O)N2CCC[C@@H]2C(=O)O[C@@H]1C,-6.04
5826,CC(=O)N1CCC[C@H]1C(=O)N(C)[C@@H](CC(C)C)C(=O)N[C@@H]1C(=O)N(C)[C@H](CC(C)C)C(=O)N[C@@H](CC(C)C)C(=O)N(C)[C@@H](CC(C)C)C(=O)N(C)[C@H](C)C(=O)N[C@H](CC(C)C)C(=O)N2CCC[C@@H]2C(=O)O[C@@H]1C,-5.75
5825,CC(=O)N1CCC[C@H]1C(=O)N(C)[C@@H](CC(C)C)C(=O)N[C@@H]1C(=O)N(C)[C@H](CC(C)C)C(=O)N[C@@H](CC(C)C)C(=O)N(C)[C@@H](CC(C)C)C(=O)N(C)[C@@H](C)C(=O)N[C@H](CC(C)C)C(=O)N2CCC[C@@H]2C(=O)O[C@@H]1C,-6.24
5824,CC(=O)N1CCC[C@H]1C(=O)N(C)[C@@H](CC(C)C)C(=O)N[C@@H]1C(=O)N(C)[C@H](CC(C)C)C(=O)N[C@@H](CC(C)C)C(=O)N[C@@H](CC(C)C)C(=O)N(C)[C@@H](C)C(=O)N[C@H](CC(C)C)C(=O)N2CCC[C@@H]2C(=O)O[C@@H]1C,-6.11
5823,CC(=O)N1CCC[C@H]1C(=O)N(C)[C@@H](CC(C)C)C(=O)N[C@@H]1C(=O)N(C)[C@@H](CC(C)C)C(=O)N(C)[C@H](CC(C)C)C(=O)N(C)[C@H](CC(C)C)C(=O)N(C)[C@@H](C)C(=O)N[C@H](CC(C)C)C(=O)N2CCC[C@@H]2C(=O)O[C@@H]1C,-5.84
5822,CC(=O)N1CCC[C@H]1C(=O)N(C)[C@@H](CC(C)C)C(=O)N[C@@H]1C(=O)N(C)[C@@H](CC(C)C)C(=O)N(C)[C@H](CC(C)C)C(=O)N(C)[C@@H](CC(C)C)C(=O)N(C)[C@H](C)C(=O)N[C@H](CC(C)C)C(=O)N2CCC[C@@H]2C(=O)O[C@@H]1C,-5.36
5821,CC(=O)N1CCC[C@H]1C(=O)N(C)[C@@H](CC(C)C)C(=O)N[C@@H]1C(=O)N(C)[C@@H](CC(C)C)C(=O)N(C)[C@H](CC(C)C)C(=O)N(C)[C@@H](CC(C)C)C(=O)N(C)[C@@H](C)C(=O)N[C@H](CC(C)C)C(=O)N2CCC[C@@H]2C(=O)O[C@@H]1C,-5.68
5820,CC(=O)N1CCC[C@H]1C(=O)N(C)[C@@H](CC(C)C)C(=O)N[C@@H]1C(=O)N(C)[C@@H](CC(C)C)C(=O)N(C)[C@H](CC(C)C)C(=O)N(C)[C@@H](CC(C)C)C(=O)N[C@@H](C)C(=O)N[C@H](CC(C)C)C(=O)N2CCC[C@@H]2C(=O)O[C@@H]1C,-5.34
5819,CC(=O)N1CCC[C@H]1C(=O)N(C)[C@@H](CC(C)C)C(=O)N[C@@H]1C(=O)N(C)[C@@H](CC(C)C)C(=O)N(C)[C@H](CC(C)C)C(=O)N[C@H](CC(C)C)C(=O)N(C)[C@H](C)C(=O)N[C@H](CC(C)C)C(=O)N2CCC[C@@H]2C(=O)O[C@@H]1C,-6.54
5818,CC(=O)N1CCC[C@H]1C(=O)N(C)[C@@H](CC(C)C)C(=O)N[C@@H]1C(=O)N(C)[C@@H](CC(C)C)C(=O)N(C)[C@H](CC(C)C)C(=O)N[C@H](CC(C)C)C(=O)N(C)[C@@H](C)C(=O)N[C@H](CC(C)C)C(=O)N2CCC[C@@H]2C(=O)O[C@@H]1C,-6.64
5817,CC(=O)N1CCC[C@H]1C(=O)N(C)[C@@H](CC(C)C)C(=O)N[C@@H]1C(=O)N(C)[C@@H](CC(C)C)C(=O)N(C)[C@H](CC(C)C)C(=O)N[C@H](CC(C)C)C(=O)N[C@@H](C)C(=O)N[C@H](CC(C)C)C(=O)N2CCC[C@@H]2C(=O)O[C@@H]1C,-6.74
5816,CC(=O)N1CCC[C@H]1C(=O)N(C)[C@@H](CC(C)C)C(=O)N[C@@H]1C(=O)N(C)[C@@H](CC(C)C)C(=O)N(C)[C@@H](CC(C)C)C(=O)N(C)[C@H](CC(C)C)C(=O)N(C)[C@H](C)C(=O)N[C@H](CC(C)C)C(=O)N2CCC[C@@H]2C(=O)O[C@@H]1C,-5.56
5815,CC(=O)N1CCC[C@H]1C(=O)N(C)[C@@H](CC(C)C)C(=O)N[C@@H]1C(=O)N(C)[C@@H](CC(C)C)C(=O)N(C)[C@@H](CC(C)C)C(=O)N(C)[C@H](CC(C)C)C(=O)N(C)[C@@H](C)C(=O)N[C@H](CC(C)C)C(=O)N2CCC[C@@H]2C(=O)O[C@@H]1C,-5.51
5814,CC(=O)N1CCC[C@H]1C(=O)N(C)[C@@H](CC(C)C)C(=O)N[C@@H]1C(=O)N(C)[C@@H](CC(C)C)C(=O)N(C)[C@@H](CC(C)C)C(=O)N(C)[C@@H](CC(C)C)C(=O)N(C)[C@H](C)C(=O)N[C@H](CC(C)C)C(=O)N2CCC[C@@H]2C(=O)O[C@@H]1C,-6.25
5813,CC(=O)N1CCC[C@H]1C(=O)N(C)[C@@H](CC(C)C)C(=O)N[C@@H]1C(=O)N(C)[C@@H](CC(C)C)C(=O)N(C)[C@@H](CC(C)C)C(=O)N[C@H](CC(C)C)C(=O)N(C)[C@H](C)C(=O)N[C@H](CC(C)C)C(=O)N2CCC[C@@H]2C(=O)O[C@@H]1C,-6.04
5812,CC(=O)N1CCC[C@H]1C(=O)N(C)[C@@H](CC(C)C)C(=O)N[C@@H]1C(=O)N(C)[C@@H](CC(C)C)C(=O)N(C)[C@@H](CC(C)C)C(=O)N[C@H](CC(C)C)C(=O)N(C)[C@@H](C)C(=O)N[C@H](CC(C)C)C(=O)N2CCC[C@@H]2C(=O)O[C@@H]1C,-5.96
5811,CC(=O)N1CCC[C@H]1C(=O)N(C)[C@@H](CC(C)C)C(=O)N[C@@H]1C(=O)N(C)[C@@H](CC(C)C)C(=O)N(C)[C@@H](CC(C)C)C(=O)N[C@@H](CC(C)C)C(=O)N(C)[C@H](C)C(=O)N[C@H](CC(C)C)C(=O)N2CCC[C@@H]2C(=O)O[C@@H]1C,-5.89
5810,CC(=O)N1CCC[C@H]1C(=O)N(C)[C@@H](CC(C)C)C(=O)N[C@@H]1C(=O)N(C)[C@@H](CC(C)C)C(=O)N(C)[C@@H](CC(C)C)C(=O)N[C@@H](CC(C)C)C(=O)N(C)[C@@H](C)C(=O)N[C@H](CC(C)C)C(=O)N2CCC[C@@H]2C(=O)O[C@@H]1C,-5.68
5809,CC(=O)N1CCC[C@H]1C(=O)N(C)[C@@H](CC(C)C)C(=O)N[C@@H]1C(=O)N(C)[C@@H](CC(C)C)C(=O)N(C)[C@@H](CC(C)C)C(=O)N[C@@H](CC(C)C)C(=O)N[C@@H](C)C(=O)N[C@H](CC(C)C)C(=O)N2CCC[C@@H]2C(=O)O[C@@H]1C,-7.69
5808,CC(=O)N1CCC[C@H]1C(=O)N(C)[C@@H](CC(C)C)C(=O)N[C@@H]1C(=O)N(C)[C@@H](CC(C)C)C(=O)N[C@H](CC(C)C)C(=O)N(C)[C@@H](CC(C)C)C(=O)N(C)[C@H](C)C(=O)N[C@H](CC(C)C)C(=O)N2CCC[C@@H]2C(=O)O[C@@H]1C,-5.4
5807,CC(=O)N1CCC[C@H]1C(=O)N(C)[C@@H](CC(C)C)C(=O)N[C@@H]1C(=O)N(C)[C@@H](CC(C)C)C(=O)N[C@H](CC(C)C)C(=O)N(C)[C@@H](CC(C)C)C(=O)N(C)[C@@H](C)C(=O)N[C@H](CC(C)C)C(=O)N2CCC[C@@H]2C(=O)O[C@@H]1C,-5.76
5806,CC(=O)N1CCC[C@H]1C(=O)N(C)[C@@H](CC(C)C)C(=O)N[C@@H]1C(=O)N(C)[C@@H](CC(C)C)C(=O)N[C@H](CC(C)C)C(=O)N[C@H](CC(C)C)C(=O)N(C)[C@H](C)C(=O)N[C@H](CC(C)C)C(=O)N2CCC[C@@H]2C(=O)O[C@@H]1C,-6.9
5805,CC(=O)N1CCC[C@H]1C(=O)N(C)[C@@H](CC(C)C)C(=O)N[C@@H]1C(=O)N(C)[C@@H](CC(C)C)C(=O)N[C@H](CC(C)C)C(=O)N[C@@H](CC(C)C)C(=O)N(C)[C@@H](C)C(=O)N[C@H](CC(C)C)C(=O)N2CCC[C@@H]2C(=O)O[C@@H]1C,-6.01
5804,CC(=O)N1CCC[C@H]1C(=O)N(C)[C@@H](CC(C)C)C(=O)N[C@@H]1C(=O)N(C)[C@@H](CC(C)C)C(=O)N[C@@H](CC(C)C)C(=O)N(C)[C@@H](CC(C)C)C(=O)N(C)[C@@H](C)C(=O)N[C@H](CC(C)C)C(=O)N2CCC[C@@H]2C(=O)O[C@@H]1C,-6.3
5803,CC(=O)N1CCC[C@H]1C(=O)N(C)[C@@H](CC(C)C)C(=O)N[C@@H]1C(=O)N(C)[C@@H](CC(C)C)C(=O)N[C@@H](CC(C)C)C(=O)N(C)[C@@H](CC(C)C)C(=O)N[C@@H](C)C(=O)N[C@H](CC(C)C)C(=O)N2CCC[C@@H]2C(=O)O[C@@H]1C,-6.97
5802,CC(=O)N1CCC[C@H]1C(=O)N(C)[C@@H](CC(C)C)C(=O)N[C@@H]1C(=O)N(C)[C@@H](CC(C)C)C(=O)N[C@@H](CC(C)C)C(=O)N[C@@H](CC(C)C)C(=O)N(C)[C@@H](C)C(=O)N[C@H](CC(C)C)C(=O)N2CCC[C@@H]2C(=O)O[C@@H]1C,-6.37
5801,CC(=O)N1CCC[C@H]1C(=O)N(C)[C@@H](CC(C)C)C(=O)N[C@@H]1C(=O)N(C)[C@@H](CC(C)C)C(=O)N[C@@H](CC(C)C)C(=O)N[C@@H](CC(C)C)C(=O)N[C@@H](C)C(=O)N[C@H](CC(C)C)C(=O)N2CCC[C@@H]2C(=O)O[C@@H]1C,-9.0
5800,CC(=O)N1CCC[C@H]1C(=O)N(C)[C@@H](CC(C)C)C(=O)N[C@@H]1C(=O)N[C@H](CC(C)C)C(=O)N(C)[C@H](CC(C)C)C(=O)N(C)[C@H](CC(C)C)C(=O)N[C@H](C)C(=O)N[C@H](CC(C)C)C(=O)N2CCC[C@@H]2C(=O)O[C@@H]1C,-6.51
5799,CC(=O)N1CCC[C@H]1C(=O)N(C)[C@@H](CC(C)C)C(=O)N[C@@H]1C(=O)N[C@H](CC(C)C)C(=O)N(C)[C@H](CC(C)C)C(=O)N(C)[C@@H](CC(C)C)C(=O)N(C)[C@H](C)C(=O)N[C@H](CC(C)C)C(=O)N2CCC[C@@H]2C(=O)O[C@@H]1C,-6.21
5798,CC(=O)N1CCC[C@H]1C(=O)N(C)[C@@H](CC(C)C)C(=O)N[C@@H]1C(=O)N[C@H](CC(C)C)C(=O)N(C)[C@H](CC(C)C)C(=O)N(C)[C@@H](CC(C)C)C(=O)N(C)[C@@H](C)C(=O)N[C@H](CC(C)C)C(=O)N2CCC[C@@H]2C(=O)O[C@@H]1C,-5.93
5797,CC(=O)N1CCC[C@H]1C(=O)N(C)[C@@H](CC(C)C)C(=O)N[C@@H]1C(=O)N[C@H](CC(C)C)C(=O)N(C)[C@H](CC(C)C)C(=O)N[C@H](CC(C)C)C(=O)N(C)[C@H](C)C(=O)N[C@H](CC(C)C)C(=O)N2CCC[C@@H]2C(=O)O[C@@H]1C,-6.93
5796,CC(=O)N1CCC[C@H]1C(=O)N(C)[C@@H](CC(C)C)C(=O)N[C@@H]1C(=O)N[C@H](CC(C)C)C(=O)N(C)[C@H](CC(C)C)C(=O)N[C@H](CC(C)C)C(=O)N[C@@H](C)C(=O)N[C@H](CC(C)C)C(=O)N2CCC[C@@H]2C(=O)O[C@@H]1C,-6.39
5795,CC(=O)N1CCC[C@H]1C(=O)N(C)[C@@H](CC(C)C)C(=O)N[C@@H]1C(=O)N[C@H](CC(C)C)C(=O)N(C)[C@@H](CC(C)C)C(=O)N(C)[C@H](CC(C)C)C(=O)N[C@H](C)C(=O)N[C@H](CC(C)C)C(=O)N2CCC[C@@H]2C(=O)O[C@@H]1C,-6.05
5794,CC(=O)N1CCC[C@H]1C(=O)N(C)[C@@H](CC(C)C)C(=O)N[C@@H]1C(=O)N[C@H](CC(C)C)C(=O)N(C)[C@@H](CC(C)C)C(=O)N(C)[C@H](CC(C)C)C(=O)N[C@@H](C)C(=O)N[C@H](CC(C)C)C(=O)N2CCC[C@@H]2C(=O)O[C@@H]1C,-6.25
5793,CC(=O)N1CCC[C@H]1C(=O)N(C)[C@@H](CC(C)C)C(=O)N[C@@H]1C(=O)N[C@H](CC(C)C)C(=O)N(C)[C@@H](CC(C)C)C(=O)N(C)[C@@H](CC(C)C)C(=O)N[C@@H](C)C(=O)N[C@H](CC(C)C)C(=O)N2CCC[C@@H]2C(=O)O[C@@H]1C,-6.11
5792,CC(=O)N1CCC[C@H]1C(=O)N(C)[C@@H](CC(C)C)C(=O)N[C@@H]1C(=O)N[C@H](CC(C)C)C(=O)N(C)[C@@H](CC(C)C)C(=O)N[C@@H](CC(C)C)C(=O)N(C)[C@H](C)C(=O)N[C@H](CC(C)C)C(=O)N2CCC[C@@H]2C(=O)O[C@@H]1C,-5.83
5791,CC(=O)N1CCC[C@H]1C(=O)N(C)[C@@H](CC(C)C)C(=O)N[C@@H]1C(=O)N[C@H](CC(C)C)C(=O)N[C@H](CC(C)C)C(=O)N(C)[C@H](CC(C)C)C(=O)N(C)[C@H](C)C(=O)N[C@H](CC(C)C)C(=O)N2CCC[C@@H]2C(=O)O[C@@H]1C,-6.26
5790,CC(=O)N1CCC[C@H]1C(=O)N(C)[C@@H](CC(C)C)C(=O)N[C@@H]1C(=O)N[C@H](CC(C)C)C(=O)N[C@H](CC(C)C)C(=O)N(C)[C@H](CC(C)C)C(=O)N[C@H](C)C(=O)N[C@H](CC(C)C)C(=O)N2CCC[C@@H]2C(=O)O[C@@H]1C,-6.85
5789,CC(=O)N1CCC[C@H]1C(=O)N(C)[C@@H](CC(C)C)C(=O)N[C@@H]1C(=O)N[C@H](CC(C)C)C(=O)N[C@H](CC(C)C)C(=O)N(C)[C@@H](CC(C)C)C(=O)N(C)[C@@H](C)C(=O)N[C@H](CC(C)C)C(=O)N2CCC[C@@H]2C(=O)O[C@@H]1C,-6.4
5788,CC(=O)N1CCC[C@H]1C(=O)N(C)[C@@H](CC(C)C)C(=O)N[C@@H]1C(=O)N[C@H](CC(C)C)C(=O)N[C@H](CC(C)C)C(=O)N[C@H](CC(C)C)C(=O)N(C)[C@H](C)C(=O)N[C@H](CC(C)C)C(=O)N2CCC[C@@H]2C(=O)O[C@@H]1C,-6.89
5787,CC(=O)N1CCC[C@H]1C(=O)N(C)[C@@H](CC(C)C)C(=O)N[C@@H]1C(=O)N[C@H](CC(C)C)C(=O)N[C@H](CC(C)C)C(=O)N[C@H](CC(C)C)C(=O)N[C@H](C)C(=O)N[C@H](CC(C)C)C(=O)N2CCC[C@@H]2C(=O)O[C@@H]1C,-9.0
5786,CC(=O)N1CCC[C@H]1C(=O)N(C)[C@@H](CC(C)C)C(=O)N[C@@H]1C(=O)N[C@H](CC(C)C)C(=O)N[C@H](CC(C)C)C(=O)N[C@H](CC(C)C)C(=O)N[C@@H](C)C(=O)N[C@H](CC(C)C)C(=O)N2CCC[C@@H]2C(=O)O[C@@H]1C,-9.0
5785,CC(=O)N1CCC[C@H]1C(=O)N(C)[C@@H](CC(C)C)C(=O)N[C@@H]1C(=O)N[C@H](CC(C)C)C(=O)N[C@H](CC(C)C)C(=O)N[C@@H](CC(C)C)C(=O)N[C@@H](C)C(=O)N[C@H](CC(C)C)C(=O)N2CCC[C@@H]2C(=O)O[C@@H]1C,-7.29
5784,CC(=O)N1CCC[C@H]1C(=O)N(C)[C@@H](CC(C)C)C(=O)N[C@@H]1C(=O)N[C@H](CC(C)C)C(=O)N[C@@H](CC(C)C)C(=O)N(C)[C@H](CC(C)C)C(=O)N(C)[C@H](C)C(=O)N[C@H](CC(C)C)C(=O)N2CCC[C@@H]2C(=O)O[C@@H]1C,-5.85
5783,CC(=O)N1CCC[C@H]1C(=O)N(C)[C@@H](CC(C)C)C(=O)N[C@@H]1C(=O)N[C@H](CC(C)C)C(=O)N[C@@H](CC(C)C)C(=O)N(C)[C@H](CC(C)C)C(=O)N(C)[C@@H](C)C(=O)N[C@H](CC(C)C)C(=O)N2CCC[C@@H]2C(=O)O[C@@H]1C,-5.4
5782,CC(=O)N1CCC[C@H]1C(=O)N(C)[C@@H](CC(C)C)C(=O)N[C@@H]1C(=O)N[C@H](CC(C)C)C(=O)N[C@@H](CC(C)C)C(=O)N(C)[C@H](CC(C)C)C(=O)N[C@H](C)C(=O)N[C@H](CC(C)C)C(=O)N2CCC[C@@H]2C(=O)O[C@@H]1C,-6.41
5781,CC(=O)N1CCC[C@H]1C(=O)N(C)[C@@H](CC(C)C)C(=O)N[C@@H]1C(=O)N[C@H](CC(C)C)C(=O)N[C@@H](CC(C)C)C(=O)N(C)[C@@H](CC(C)C)C(=O)N(C)[C@@H](C)C(=O)N[C@H](CC(C)C)C(=O)N2CCC[C@@H]2C(=O)O[C@@H]1C,-6.65
5780,CC(=O)N1CCC[C@H]1C(=O)N(C)[C@@H](CC(C)C)C(=O)N[C@@H]1C(=O)N[C@H](CC(C)C)C(=O)N[C@@H](CC(C)C)C(=O)N[C@H](CC(C)C)C(=O)N(C)[C@H](C)C(=O)N[C@H](CC(C)C)C(=O)N2CCC[C@@H]2C(=O)O[C@@H]1C,-7.16
5779,CC(=O)N1CCC[C@H]1C(=O)N(C)[C@@H](CC(C)C)C(=O)N[C@@H]1C(=O)N[C@H](CC(C)C)C(=O)N[C@@H](CC(C)C)C(=O)N[C@@H](CC(C)C)C(=O)N(C)[C@H](C)C(=O)N[C@H](CC(C)C)C(=O)N2CCC[C@@H]2C(=O)O[C@@H]1C,-5.85
5778,CC(=O)N1CCC[C@H]1C(=O)N(C)[C@@H](CC(C)C)C(=O)N[C@@H]1C(=O)N[C@@H](CC(C)C)C(=O)N(C)[C@H](CC(C)C)C(=O)N(C)[C@H](CC(C)C)C(=O)N(C)[C@H](C)C(=O)N[C@H](CC(C)C)C(=O)N2CCC[C@@H]2C(=O)O[C@@H]1C,-6.13
5777,CC(=O)N1CCC[C@H]1C(=O)N(C)[C@@H](CC(C)C)C(=O)N[C@@H]1C(=O)N[C@@H](CC(C)C)C(=O)N(C)[C@H](CC(C)C)C(=O)N(C)[C@H](CC(C)C)C(=O)N[C@H](C)C(=O)N[C@H](CC(C)C)C(=O)N2CCC[C@@H]2C(=O)O[C@@H]1C,-6.85
5776,CC(=O)N1CCC[C@H]1C(=O)N(C)[C@@H](CC(C)C)C(=O)N[C@@H]1C(=O)N[C@@H](CC(C)C)C(=O)N(C)[C@H](CC(C)C)C(=O)N(C)[C@@H](CC(C)C)C(=O)N(C)[C@@H](C)C(=O)N[C@H](CC(C)C)C(=O)N2CCC[C@@H]2C(=O)O[C@@H]1C,-5.59
5775,CC(=O)N1CCC[C@H]1C(=O)N(C)[C@@H](CC(C)C)C(=O)N[C@@H]1C(=O)N[C@@H](CC(C)C)C(=O)N(C)[C@H](CC(C)C)C(=O)N[C@H](CC(C)C)C(=O)N(C)[C@H](C)C(=O)N[C@H](CC(C)C)C(=O)N2CCC[C@@H]2C(=O)O[C@@H]1C,-6.43
5774,CC(=O)N1CCC[C@H]1C(=O)N(C)[C@@H](CC(C)C)C(=O)N[C@@H]1C(=O)N[C@@H](CC(C)C)C(=O)N(C)[C@@H](CC(C)C)C(=O)N(C)[C@H](CC(C)C)C(=O)N(C)[C@@H](C)C(=O)N[C@H](CC(C)C)C(=O)N2CCC[C@@H]2C(=O)O[C@@H]1C,-6.1
5773,CC(=O)N1CCC[C@H]1C(=O)N(C)[C@@H](CC(C)C)C(=O)N[C@@H]1C(=O)N[C@@H](CC(C)C)C(=O)N(C)[C@@H](CC(C)C)C(=O)N[C@@H](CC(C)C)C(=O)N(C)[C@H](C)C(=O)N[C@H](CC(C)C)C(=O)N2CCC[C@@H]2C(=O)O[C@@H]1C,-5.49
5772,CC(=O)N1CCC[C@H]1C(=O)N(C)[C@@H](CC(C)C)C(=O)N[C@@H]1C(=O)N[C@@H](CC(C)C)C(=O)N[C@H](CC(C)C)C(=O)N(C)[C@@H](CC(C)C)C(=O)N(C)[C@@H](C)C(=O)N[C@H](CC(C)C)C(=O)N2CCC[C@@H]2C(=O)O[C@@H]1C,-5.72
5771,CC(=O)N1CCC[C@H]1C(=O)N(C)[C@@H](CC(C)C)C(=O)N[C@@H]1C(=O)N[C@@H](CC(C)C)C(=O)N[C@H](CC(C)C)C(=O)N[C@H](CC(C)C)C(=O)N[C@H](C)C(=O)N[C@H](CC(C)C)C(=O)N2CCC[C@@H]2C(=O)O[C@@H]1C,-7.2
5770,CC(=O)N1CCC[C@H]1C(=O)N(C)[C@@H](CC(C)C)C(=O)N[C@@H]1C(=O)N[C@@H](CC(C)C)C(=O)N[C@H](CC(C)C)C(=O)N[C@H](CC(C)C)C(=O)N[C@@H](C)C(=O)N[C@H](CC(C)C)C(=O)N2CCC[C@@H]2C(=O)O[C@@H]1C,-7.29
5769,CC(=O)N1CCC[C@H]1C(=O)N(C)[C@@H](CC(C)C)C(=O)N[C@@H]1C(=O)N[C@@H](CC(C)C)C(=O)N[C@@H](CC(C)C)C(=O)N(C)[C@@H](CC(C)C)C(=O)N(C)[C@H](C)C(=O)N[C@H](CC(C)C)C(=O)N2CCC[C@@H]2C(=O)O[C@@H]1C,-6.36
5768,CC(=O)N1CCC[C@H]1C(=O)N(C)[C@@H](CC(C)C)C(=O)N[C@@H]1C(=O)N[C@@H](CC(C)C)C(=O)N[C@@H](CC(C)C)C(=O)N(C)[C@@H](CC(C)C)C(=O)N(C)[C@@H](C)C(=O)N[C@H](CC(C)C)C(=O)N2CCC[C@@H]2C(=O)O[C@@H]1C,-6.76
5767,CC(=O)N1CCC[C@H]1C(=O)N(C)[C@@H](CC(C)C)C(=O)N[C@@H]1C(=O)N[C@@H](CC(C)C)C(=O)N[C@@H](CC(C)C)C(=O)N[C@H](CC(C)C)C(=O)N(C)[C@H](C)C(=O)N[C@H](CC(C)C)C(=O)N2CCC[C@@H]2C(=O)O[C@@H]1C,-6.84
5766,CC(=O)N1CCC[C@H]1C(=O)N(C)[C@@H](CC(C)C)C(=O)N[C@@H]1C(=O)N[C@@H](CC(C)C)C(=O)N[C@@H](CC(C)C)C(=O)N[C@H](CC(C)C)C(=O)N(C)[C@@H](C)C(=O)N[C@H](CC(C)C)C(=O)N2CCC[C@@H]2C(=O)O[C@@H]1C,-7.68
5765,CC(=O)N1CCC[C@H]1C(=O)N(C)[C@@H](CC(C)C)C(=O)N[C@@H]1C(=O)N[C@@H](CC(C)C)C(=O)N[C@@H](CC(C)C)C(=O)N[C@H](CC(C)C)C(=O)N[C@@H](C)C(=O)N[C@H](CC(C)C)C(=O)N2CCC[C@@H]2C(=O)O[C@@H]1C,-8.7
5764,CC(=O)N1CCC[C@H]1C(=O)N(C)[C@@H](CC(C)C)C(=O)N[C@@H]1C(=O)N[C@@H](CC(C)C)C(=O)N[C@@H](CC(C)C)C(=O)N[C@@H](CC(C)C)C(=O)N[C@@H](C)C(=O)N[C@H](CC(C)C)C(=O)N2CCC[C@@H]2C(=O)O[C@@H]1C,-9.0
5763,CC(=O)N1CCC[C@H]1C(=O)N(C)[C@@H](CC(C)C)C(=O)N[C@@H]1C(=O)N(C)[C@H](CC(C)C)C(=O)N(C)[C@H](CC(C)C)C(=O)N(C)[C@H](CC(C)C)C(=O)N(C)[C@H](C)C(=O)N[C@@H](CC(C)C)C(=O)N2CCC[C@H]2C(=O)O[C@@H]1C,-5.19
5762,CC(=O)N1CCC[C@H]1C(=O)N(C)[C@@H](CC(C)C)C(=O)N[C@@H]1C(=O)N(C)[C@H](CC(C)C)C(=O)N(C)[C@H](CC(C)C)C(=O)N(C)[C@@H](CC(C)C)C(=O)N(C)[C@@H](C)C(=O)N[C@@H](CC(C)C)C(=O)N2CCC[C@H]2C(=O)O[C@@H]1C,-5.19
5761,CC(=O)N1CCC[C@H]1C(=O)N(C)[C@@H](CC(C)C)C(=O)N[C@@H]1C(=O)N(C)[C@H](CC(C)C)C(=O)N(C)[C@H](CC(C)C)C(=O)N[C@H](CC(C)C)C(=O)N(C)[C@@H](C)C(=O)N[C@@H](CC(C)C)C(=O)N2CCC[C@H]2C(=O)O[C@@H]1C,-5.3
5760,CC(=O)N1CCC[C@H]1C(=O)N(C)[C@@H](CC(C)C)C(=O)N[C@@H]1C(=O)N(C)[C@H](CC(C)C)C(=O)N(C)[C@H](CC(C)C)C(=O)N[C@@H](CC(C)C)C(=O)N(C)[C@H](C)C(=O)N[C@@H](CC(C)C)C(=O)N2CCC[C@H]2C(=O)O[C@@H]1C,-5.45
5759,CC(=O)N1CCC[C@H]1C(=O)N(C)[C@@H](CC(C)C)C(=O)N[C@@H]1C(=O)N(C)[C@H](CC(C)C)C(=O)N(C)[C@@H](CC(C)C)C(=O)N(C)[C@H](CC(C)C)C(=O)N(C)[C@H](C)C(=O)N[C@@H](CC(C)C)C(=O)N2CCC[C@H]2C(=O)O[C@@H]1C,-5.24
5758,CC(=O)N1CCC[C@H]1C(=O)N(C)[C@@H](CC(C)C)C(=O)N[C@@H]1C(=O)N(C)[C@H](CC(C)C)C(=O)N(C)[C@@H](CC(C)C)C(=O)N(C)[C@H](CC(C)C)C(=O)N[C@@H](C)C(=O)N[C@@H](CC(C)C)C(=O)N2CCC[C@H]2C(=O)O[C@@H]1C,-5.36
5757,CC(=O)N1CCC[C@H]1C(=O)N(C)[C@@H](CC(C)C)C(=O)N[C@@H]1C(=O)N(C)[C@H](CC(C)C)C(=O)N(C)[C@@H](CC(C)C)C(=O)N(C)[C@@H](CC(C)C)C(=O)N(C)[C@H](C)C(=O)N[C@@H](CC(C)C)C(=O)N2CCC[C@H]2C(=O)O[C@@H]1C,-5.32
5756,CC(=O)N1CCC[C@H]1C(=O)N(C)[C@@H](CC(C)C)C(=O)N[C@@H]1C(=O)N(C)[C@H](CC(C)C)C(=O)N(C)[C@@H](CC(C)C)C(=O)N(C)[C@@H](CC(C)C)C(=O)N(C)[C@@H](C)C(=O)N[C@@H](CC(C)C)C(=O)N2CCC[C@H]2C(=O)O[C@@H]1C,-5.29
5755,CC(=O)N1CCC[C@H]1C(=O)N(C)[C@@H](CC(C)C)C(=O)N[C@@H]1C(=O)N(C)[C@H](CC(C)C)C(=O)N(C)[C@@H](CC(C)C)C(=O)N[C@@H](CC(C)C)C(=O)N(C)[C@H](C)C(=O)N[C@@H](CC(C)C)C(=O)N2CCC[C@H]2C(=O)O[C@@H]1C,-5.88
5754,CC(=O)N1CCC[C@H]1C(=O)N(C)[C@@H](CC(C)C)C(=O)N[C@@H]1C(=O)N(C)[C@H](CC(C)C)C(=O)N[C@H](CC(C)C)C(=O)N(C)[C@H](CC(C)C)C(=O)N(C)[C@H](C)C(=O)N[C@@H](CC(C)C)C(=O)N2CCC[C@H]2C(=O)O[C@@H]1C,-5.24
5753,CC(=O)N1CCC[C@H]1C(=O)N(C)[C@@H](CC(C)C)C(=O)N[C@@H]1C(=O)N(C)[C@H](CC(C)C)C(=O)N[C@H](CC(C)C)C(=O)N(C)[C@H](CC(C)C)C(=O)N[C@@H](C)C(=O)N[C@@H](CC(C)C)C(=O)N2CCC[C@H]2C(=O)O[C@@H]1C,-5.99
5752,CC(=O)N1CCC[C@H]1C(=O)N(C)[C@@H](CC(C)C)C(=O)N[C@@H]1C(=O)N(C)[C@H](CC(C)C)C(=O)N[C@H](CC(C)C)C(=O)N(C)[C@@H](CC(C)C)C(=O)N(C)[C@H](C)C(=O)N[C@@H](CC(C)C)C(=O)N2CCC[C@H]2C(=O)O[C@@H]1C,-5.36
5751,CC(=O)N1CCC[C@H]1C(=O)N(C)[C@@H](CC(C)C)C(=O)N[C@@H]1C(=O)N(C)[C@H](CC(C)C)C(=O)N[C@H](CC(C)C)C(=O)N(C)[C@@H](CC(C)C)C(=O)N(C)[C@@H](C)C(=O)N[C@@H](CC(C)C)C(=O)N2CCC[C@H]2C(=O)O[C@@H]1C,-5.31
5750,CC(=O)N1CCC[C@H]1C(=O)N(C)[C@@H](CC(C)C)C(=O)N[C@@H]1C(=O)N(C)[C@H](CC(C)C)C(=O)N[C@H](CC(C)C)C(=O)N[C@H](CC(C)C)C(=O)N[C@H](C)C(=O)N[C@@H](CC(C)C)C(=O)N2CCC[C@H]2C(=O)O[C@@H]1C,-6.06
5749,CC(=O)N1CCC[C@H]1C(=O)N(C)[C@@H](CC(C)C)C(=O)N[C@@H]1C(=O)N(C)[C@H](CC(C)C)C(=O)N[C@H](CC(C)C)C(=O)N[C@H](CC(C)C)C(=O)N[C@@H](C)C(=O)N[C@@H](CC(C)C)C(=O)N2CCC[C@H]2C(=O)O[C@@H]1C,-6.47
5748,CC(=O)N1CCC[C@H]1C(=O)N(C)[C@@H](CC(C)C)C(=O)N[C@@H]1C(=O)N(C)[C@H](CC(C)C)C(=O)N[C@H](CC(C)C)C(=O)N[C@@H](CC(C)C)C(=O)N(C)[C@H](C)C(=O)N[C@@H](CC(C)C)C(=O)N2CCC[C@H]2C(=O)O[C@@H]1C,-6.1
5747,CC(=O)N1CCC[C@H]1C(=O)N(C)[C@@H](CC(C)C)C(=O)N[C@@H]1C(=O)N(C)[C@H](CC(C)C)C(=O)N[C@H](CC(C)C)C(=O)N[C@@H](CC(C)C)C(=O)N(C)[C@@H](C)C(=O)N[C@@H](CC(C)C)C(=O)N2CCC[C@H]2C(=O)O[C@@H]1C,-6.45
5746,CC(=O)N1CCC[C@H]1C(=O)N(C)[C@@H](CC(C)C)C(=O)N[C@@H]1C(=O)N(C)[C@H](CC(C)C)C(=O)N[C@@H](CC(C)C)C(=O)N(C)[C@H](CC(C)C)C(=O)N(C)[C@H](C)C(=O)N[C@@H](CC(C)C)C(=O)N2CCC[C@H]2C(=O)O[C@@H]1C,-5.28
5745,CC(=O)N1CCC[C@H]1C(=O)N(C)[C@@H](CC(C)C)C(=O)N[C@@H]1C(=O)N(C)[C@H](CC(C)C)C(=O)N[C@@H](CC(C)C)C(=O)N(C)[C@@H](CC(C)C)C(=O)N(C)[C@@H](C)C(=O)N[C@@H](CC(C)C)C(=O)N2CCC[C@H]2C(=O)O[C@@H]1C,-5.36
5744,CC(=O)N1CCC[C@H]1C(=O)N(C)[C@@H](CC(C)C)C(=O)N[C@@H]1C(=O)N(C)[C@@H](CC(C)C)C(=O)N(C)[C@H](CC(C)C)C(=O)N(C)[C@H](CC(C)C)C(=O)N(C)[C@@H](C)C(=O)N[C@@H](CC(C)C)C(=O)N2CCC[C@H]2C(=O)O[C@@H]1C,-5.61
5743,CC(=O)N1CCC[C@H]1C(=O)N(C)[C@@H](CC(C)C)C(=O)N[C@@H]1C(=O)N(C)[C@@H](CC(C)C)C(=O)N(C)[C@H](CC(C)C)C(=O)N(C)[C@@H](CC(C)C)C(=O)N(C)[C@H](C)C(=O)N[C@@H](CC(C)C)C(=O)N2CCC[C@H]2C(=O)O[C@@H]1C,-5.54
5742,CC(=O)N1CCC[C@H]1C(=O)N(C)[C@@H](CC(C)C)C(=O)N[C@@H]1C(=O)N(C)[C@@H](CC(C)C)C(=O)N(C)[C@H](CC(C)C)C(=O)N(C)[C@@H](CC(C)C)C(=O)N(C)[C@@H](C)C(=O)N[C@@H](CC(C)C)C(=O)N2CCC[C@H]2C(=O)O[C@@H]1C,-5.47
5741,CC(=O)N1CCC[C@H]1C(=O)N(C)[C@@H](CC(C)C)C(=O)N[C@@H]1C(=O)N(C)[C@@H](CC(C)C)C(=O)N(C)[C@H](CC(C)C)C(=O)N[C@H](CC(C)C)C(=O)N(C)[C@@H](C)C(=O)N[C@@H](CC(C)C)C(=O)N2CCC[C@H]2C(=O)O[C@@H]1C,-6.02
5740,CC(=O)N1CCC[C@H]1C(=O)N(C)[C@@H](CC(C)C)C(=O)N[C@@H]1C(=O)N(C)[C@@H](CC(C)C)C(=O)N(C)[C@H](CC(C)C)C(=O)N[C@H](CC(C)C)C(=O)N[C@H](C)C(=O)N[C@@H](CC(C)C)C(=O)N2CCC[C@H]2C(=O)O[C@@H]1C,-6.28
5739,CC(=O)N1CCC[C@H]1C(=O)N(C)[C@@H](CC(C)C)C(=O)N[C@@H]1C(=O)N(C)[C@@H](CC(C)C)C(=O)N(C)[C@H](CC(C)C)C(=O)N[C@@H](CC(C)C)C(=O)N[C@@H](C)C(=O)N[C@@H](CC(C)C)C(=O)N2CCC[C@H]2C(=O)O[C@@H]1C,-6.02
5738,CC(=O)N1CCC[C@H]1C(=O)N(C)[C@@H](CC(C)C)C(=O)N[C@@H]1C(=O)N(C)[C@@H](CC(C)C)C(=O)N(C)[C@@H](CC(C)C)C(=O)N(C)[C@H](CC(C)C)C(=O)N(C)[C@@H](C)C(=O)N[C@@H](CC(C)C)C(=O)N2CCC[C@H]2C(=O)O[C@@H]1C,-5.29
5737,CC(=O)N1CCC[C@H]1C(=O)N(C)[C@@H](CC(C)C)C(=O)N[C@@H]1C(=O)N(C)[C@@H](CC(C)C)C(=O)N(C)[C@@H](CC(C)C)C(=O)N(C)[C@@H](CC(C)C)C(=O)N(C)[C@H](C)C(=O)N[C@@H](CC(C)C)C(=O)N2CCC[C@H]2C(=O)O[C@@H]1C,-5.31
5736,CC(=O)N1CCC[C@H]1C(=O)N(C)[C@@H](CC(C)C)C(=O)N[C@@H]1C(=O)N(C)[C@@H](CC(C)C)C(=O)N(C)[C@@H](CC(C)C)C(=O)N[C@@H](CC(C)C)C(=O)N(C)[C@H](C)C(=O)N[C@@H](CC(C)C)C(=O)N2CCC[C@H]2C(=O)O[C@@H]1C,-6.05
5735,CC(=O)N1CCC[C@H]1C(=O)N(C)[C@@H](CC(C)C)C(=O)N[C@@H]1C(=O)N(C)[C@@H](CC(C)C)C(=O)N(C)[C@@H](CC(C)C)C(=O)N[C@@H](CC(C)C)C(=O)N(C)[C@@H](C)C(=O)N[C@@H](CC(C)C)C(=O)N2CCC[C@H]2C(=O)O[C@@H]1C,-6.15
5734,CC(=O)N1CCC[C@H]1C(=O)N(C)[C@@H](CC(C)C)C(=O)N[C@@H]1C(=O)N(C)[C@@H](CC(C)C)C(=O)N[C@H](CC(C)C)C(=O)N(C)[C@H](CC(C)C)C(=O)N[C@@H](C)C(=O)N[C@@H](CC(C)C)C(=O)N2CCC[C@H]2C(=O)O[C@@H]1C,-6.23
5733,CC(=O)N1CCC[C@H]1C(=O)N(C)[C@@H](CC(C)C)C(=O)N[C@@H]1C(=O)N(C)[C@@H](CC(C)C)C(=O)N[C@H](CC(C)C)C(=O)N(C)[C@@H](CC(C)C)C(=O)N(C)[C@@H](C)C(=O)N[C@@H](CC(C)C)C(=O)N2CCC[C@H]2C(=O)O[C@@H]1C,-5.8
5732,CC(=O)N1CCC[C@H]1C(=O)N(C)[C@@H](CC(C)C)C(=O)N[C@@H]1C(=O)N(C)[C@@H](CC(C)C)C(=O)N[C@H](CC(C)C)C(=O)N[C@@H](CC(C)C)C(=O)N[C@@H](C)C(=O)N[C@@H](CC(C)C)C(=O)N2CCC[C@H]2C(=O)O[C@@H]1C,-6.69
5731,CC(=O)N1CCC[C@H]1C(=O)N(C)[C@@H](CC(C)C)C(=O)N[C@@H]1C(=O)N(C)[C@@H](CC(C)C)C(=O)N[C@@H](CC(C)C)C(=O)N(C)[C@H](CC(C)C)C(=O)N(C)[C@H](C)C(=O)N[C@@H](CC(C)C)C(=O)N2CCC[C@H]2C(=O)O[C@@H]1C,-5.22
5730,CC(=O)N1CCC[C@H]1C(=O)N(C)[C@@H](CC(C)C)C(=O)N[C@@H]1C(=O)N(C)[C@@H](CC(C)C)C(=O)N[C@@H](CC(C)C)C(=O)N(C)[C@H](CC(C)C)C(=O)N(C)[C@@H](C)C(=O)N[C@@H](CC(C)C)C(=O)N2CCC[C@H]2C(=O)O[C@@H]1C,-5.27
5729,CC(=O)N1CCC[C@H]1C(=O)N(C)[C@@H](CC(C)C)C(=O)N[C@@H]1C(=O)N(C)[C@@H](CC(C)C)C(=O)N[C@@H](CC(C)C)C(=O)N(C)[C@H](CC(C)C)C(=O)N[C@@H](C)C(=O)N[C@@H](CC(C)C)C(=O)N2CCC[C@H]2C(=O)O[C@@H]1C,-5.39
5728,CC(=O)N1CCC[C@H]1C(=O)N(C)[C@@H](CC(C)C)C(=O)N[C@@H]1C(=O)N(C)[C@@H](CC(C)C)C(=O)N[C@@H](CC(C)C)C(=O)N(C)[C@@H](CC(C)C)C(=O)N(C)[C@H](C)C(=O)N[C@@H](CC(C)C)C(=O)N2CCC[C@H]2C(=O)O[C@@H]1C,-5.31
5727,CC(=O)N1CCC[C@H]1C(=O)N(C)[C@@H](CC(C)C)C(=O)N[C@@H]1C(=O)N(C)[C@@H](CC(C)C)C(=O)N[C@@H](CC(C)C)C(=O)N(C)[C@@H](CC(C)C)C(=O)N(C)[C@@H](C)C(=O)N[C@@H](CC(C)C)C(=O)N2CCC[C@H]2C(=O)O[C@@H]1C,-5.42
5726,CC(=O)N1CCC[C@H]1C(=O)N(C)[C@@H](CC(C)C)C(=O)N[C@@H]1C(=O)N(C)[C@@H](CC(C)C)C(=O)N[C@@H](CC(C)C)C(=O)N[C@H](CC(C)C)C(=O)N(C)[C@H](C)C(=O)N[C@@H](CC(C)C)C(=O)N2CCC[C@H]2C(=O)O[C@@H]1C,-5.27
5725,CC(=O)N1CCC[C@H]1C(=O)N(C)[C@@H](CC(C)C)C(=O)N[C@@H]1C(=O)N(C)[C@@H](CC(C)C)C(=O)N[C@@H](CC(C)C)C(=O)N[C@H](CC(C)C)C(=O)N(C)[C@@H](C)C(=O)N[C@@H](CC(C)C)C(=O)N2CCC[C@H]2C(=O)O[C@@H]1C,-5.25
5724,CC(=O)N1CCC[C@H]1C(=O)N(C)[C@@H](CC(C)C)C(=O)N[C@@H]1C(=O)N(C)[C@@H](CC(C)C)C(=O)N[C@@H](CC(C)C)C(=O)N[C@H](CC(C)C)C(=O)N[C@@H](C)C(=O)N[C@@H](CC(C)C)C(=O)N2CCC[C@H]2C(=O)O[C@@H]1C,-5.77
5723,CC(=O)N1CCC[C@H]1C(=O)N(C)[C@@H](CC(C)C)C(=O)N[C@@H]1C(=O)N(C)[C@@H](CC(C)C)C(=O)N[C@@H](CC(C)C)C(=O)N[C@@H](CC(C)C)C(=O)N(C)[C@@H](C)C(=O)N[C@@H](CC(C)C)C(=O)N2CCC[C@H]2C(=O)O[C@@H]1C,-6.68
5722,CC(=O)N1CCC[C@H]1C(=O)N(C)[C@@H](CC(C)C)C(=O)N[C@@H]1C(=O)N[C@H](CC(C)C)C(=O)N(C)[C@H](CC(C)C)C(=O)N(C)[C@H](CC(C)C)C(=O)N(C)[C@@H](C)C(=O)N[C@@H](CC(C)C)C(=O)N2CCC[C@H]2C(=O)O[C@@H]1C,-5.6
5721,CC(=O)N1CCC[C@H]1C(=O)N(C)[C@@H](CC(C)C)C(=O)N[C@@H]1C(=O)N[C@H](CC(C)C)C(=O)N(C)[C@H](CC(C)C)C(=O)N(C)[C@@H](CC(C)C)C(=O)N(C)[C@H](C)C(=O)N[C@@H](CC(C)C)C(=O)N2CCC[C@H]2C(=O)O[C@@H]1C,-5.46
5720,CC(=O)N1CCC[C@H]1C(=O)N(C)[C@@H](CC(C)C)C(=O)N[C@@H]1C(=O)N[C@H](CC(C)C)C(=O)N(C)[C@H](CC(C)C)C(=O)N(C)[C@@H](CC(C)C)C(=O)N(C)[C@@H](C)C(=O)N[C@@H](CC(C)C)C(=O)N2CCC[C@H]2C(=O)O[C@@H]1C,-5.39
5719,CC(=O)N1CCC[C@H]1C(=O)N(C)[C@@H](CC(C)C)C(=O)N[C@@H]1C(=O)N[C@H](CC(C)C)C(=O)N(C)[C@H](CC(C)C)C(=O)N[C@H](CC(C)C)C(=O)N[C@@H](C)C(=O)N[C@@H](CC(C)C)C(=O)N2CCC[C@H]2C(=O)O[C@@H]1C,-6.12
5718,CC(=O)N1CCC[C@H]1C(=O)N(C)[C@@H](CC(C)C)C(=O)N[C@@H]1C(=O)N[C@H](CC(C)C)C(=O)N(C)[C@@H](CC(C)C)C(=O)N(C)[C@H](CC(C)C)C(=O)N(C)[C@H](C)C(=O)N[C@@H](CC(C)C)C(=O)N2CCC[C@H]2C(=O)O[C@@H]1C,-5.4
5717,CC(=O)N1CCC[C@H]1C(=O)N(C)[C@@H](CC(C)C)C(=O)N[C@@H]1C(=O)N[C@H](CC(C)C)C(=O)N(C)[C@@H](CC(C)C)C(=O)N(C)[C@H](CC(C)C)C(=O)N(C)[C@@H](C)C(=O)N[C@@H](CC(C)C)C(=O)N2CCC[C@H]2C(=O)O[C@@H]1C,-5.34
5716,CC(=O)N1CCC[C@H]1C(=O)N(C)[C@@H](CC(C)C)C(=O)N[C@@H]1C(=O)N[C@H](CC(C)C)C(=O)N(C)[C@@H](CC(C)C)C(=O)N(C)[C@H](CC(C)C)C(=O)N[C@H](C)C(=O)N[C@@H](CC(C)C)C(=O)N2CCC[C@H]2C(=O)O[C@@H]1C,-5.85
5715,CC(=O)N1CCC[C@H]1C(=O)N(C)[C@@H](CC(C)C)C(=O)N[C@@H]1C(=O)N[C@H](CC(C)C)C(=O)N(C)[C@@H](CC(C)C)C(=O)N(C)[C@@H](CC(C)C)C(=O)N[C@@H](C)C(=O)N[C@@H](CC(C)C)C(=O)N2CCC[C@H]2C(=O)O[C@@H]1C,-5.67
5714,CC(=O)N1CCC[C@H]1C(=O)N(C)[C@@H](CC(C)C)C(=O)N[C@@H]1C(=O)N[C@H](CC(C)C)C(=O)N(C)[C@@H](CC(C)C)C(=O)N[C@H](CC(C)C)C(=O)N(C)[C@H](C)C(=O)N[C@@H](CC(C)C)C(=O)N2CCC[C@H]2C(=O)O[C@@H]1C,-5.48
5713,CC(=O)N1CCC[C@H]1C(=O)N(C)[C@@H](CC(C)C)C(=O)N[C@@H]1C(=O)N[C@H](CC(C)C)C(=O)N(C)[C@@H](CC(C)C)C(=O)N[C@@H](CC(C)C)C(=O)N(C)[C@H](C)C(=O)N[C@@H](CC(C)C)C(=O)N2CCC[C@H]2C(=O)O[C@@H]1C,-5.77
5712,CC(=O)N1CCC[C@H]1C(=O)N(C)[C@@H](CC(C)C)C(=O)N[C@@H]1C(=O)N[C@H](CC(C)C)C(=O)N(C)[C@@H](CC(C)C)C(=O)N[C@@H](CC(C)C)C(=O)N(C)[C@@H](C)C(=O)N[C@@H](CC(C)C)C(=O)N2CCC[C@H]2C(=O)O[C@@H]1C,-5.96
5711,CC(=O)N1CCC[C@H]1C(=O)N(C)[C@@H](CC(C)C)C(=O)N[C@@H]1C(=O)N[C@H](CC(C)C)C(=O)N[C@H](CC(C)C)C(=O)N(C)[C@H](CC(C)C)C(=O)N(C)[C@H](C)C(=O)N[C@@H](CC(C)C)C(=O)N2CCC[C@H]2C(=O)O[C@@H]1C,-6.13
5710,CC(=O)N1CCC[C@H]1C(=O)N(C)[C@@H](CC(C)C)C(=O)N[C@@H]1C(=O)N[C@H](CC(C)C)C(=O)N[C@H](CC(C)C)C(=O)N(C)[C@H](CC(C)C)C(=O)N(C)[C@@H](C)C(=O)N[C@@H](CC(C)C)C(=O)N2CCC[C@H]2C(=O)O[C@@H]1C,-5.87
5709,CC(=O)N1CCC[C@H]1C(=O)N(C)[C@@H](CC(C)C)C(=O)N[C@@H]1C(=O)N[C@H](CC(C)C)C(=O)N[C@H](CC(C)C)C(=O)N(C)[C@H](CC(C)C)C(=O)N[C@H](C)C(=O)N[C@@H](CC(C)C)C(=O)N2CCC[C@H]2C(=O)O[C@@H]1C,-6.32
5708,CC(=O)N1CCC[C@H]1C(=O)N(C)[C@@H](CC(C)C)C(=O)N[C@@H]1C(=O)N[C@H](CC(C)C)C(=O)N[C@H](CC(C)C)C(=O)N(C)[C@H](CC(C)C)C(=O)N[C@@H](C)C(=O)N[C@@H](CC(C)C)C(=O)N2CCC[C@H]2C(=O)O[C@@H]1C,-6.37
5707,CC(=O)N1CCC[C@H]1C(=O)N(C)[C@@H](CC(C)C)C(=O)N[C@@H]1C(=O)N[C@H](CC(C)C)C(=O)N[C@H](CC(C)C)C(=O)N(C)[C@@H](CC(C)C)C(=O)N(C)[C@H](C)C(=O)N[C@@H](CC(C)C)C(=O)N2CCC[C@H]2C(=O)O[C@@H]1C,-6.08
5706,CC(=O)N1CCC[C@H]1C(=O)N(C)[C@@H](CC(C)C)C(=O)N[C@@H]1C(=O)N[C@H](CC(C)C)C(=O)N[C@H](CC(C)C)C(=O)N(C)[C@@H](CC(C)C)C(=O)N(C)[C@@H](C)C(=O)N[C@@H](CC(C)C)C(=O)N2CCC[C@H]2C(=O)O[C@@H]1C,-5.86
5705,CC(=O)N1CCC[C@H]1C(=O)N(C)[C@@H](CC(C)C)C(=O)N[C@@H]1C(=O)N[C@H](CC(C)C)C(=O)N[C@H](CC(C)C)C(=O)N(C)[C@@H](CC(C)C)C(=O)N[C@@H](C)C(=O)N[C@@H](CC(C)C)C(=O)N2CCC[C@H]2C(=O)O[C@@H]1C,-6.09
5704,CC(=O)N1CCC[C@H]1C(=O)N(C)[C@@H](CC(C)C)C(=O)N[C@@H]1C(=O)N[C@H](CC(C)C)C(=O)N[C@H](CC(C)C)C(=O)N[C@H](CC(C)C)C(=O)N(C)[C@H](C)C(=O)N[C@@H](CC(C)C)C(=O)N2CCC[C@H]2C(=O)O[C@@H]1C,-6.24
5703,CC(=O)N1CCC[C@H]1C(=O)N(C)[C@@H](CC(C)C)C(=O)N[C@@H]1C(=O)N[C@H](CC(C)C)C(=O)N[C@H](CC(C)C)C(=O)N[C@H](CC(C)C)C(=O)N(C)[C@@H](C)C(=O)N[C@@H](CC(C)C)C(=O)N2CCC[C@H]2C(=O)O[C@@H]1C,-6.06
5702,CC(=O)N1CCC[C@H]1C(=O)N(C)[C@@H](CC(C)C)C(=O)N[C@@H]1C(=O)N[C@H](CC(C)C)C(=O)N[C@H](CC(C)C)C(=O)N[C@H](CC(C)C)C(=O)N[C@@H](C)C(=O)N[C@@H](CC(C)C)C(=O)N2CCC[C@H]2C(=O)O[C@@H]1C,-6.77
5701,CC(=O)N1CCC[C@H]1C(=O)N(C)[C@@H](CC(C)C)C(=O)N[C@@H]1C(=O)N[C@H](CC(C)C)C(=O)N[C@H](CC(C)C)C(=O)N[C@@H](CC(C)C)C(=O)N[C@@H](C)C(=O)N[C@@H](CC(C)C)C(=O)N2CCC[C@H]2C(=O)O[C@@H]1C,-6.86
5700,CC(=O)N1CCC[C@H]1C(=O)N(C)[C@@H](CC(C)C)C(=O)N[C@@H]1C(=O)N[C@H](CC(C)C)C(=O)N[C@@H](CC(C)C)C(=O)N(C)[C@H](CC(C)C)C(=O)N(C)[C@H](C)C(=O)N[C@@H](CC(C)C)C(=O)N2CCC[C@H]2C(=O)O[C@@H]1C,-5.48
5699,CC(=O)N1CCC[C@H]1C(=O)N(C)[C@@H](CC(C)C)C(=O)N[C@@H]1C(=O)N[C@H](CC(C)C)C(=O)N[C@@H](CC(C)C)C(=O)N(C)[C@H](CC(C)C)C(=O)N(C)[C@@H](C)C(=O)N[C@@H](CC(C)C)C(=O)N2CCC[C@H]2C(=O)O[C@@H]1C,-5.39
5698,CC(=O)N1CCC[C@H]1C(=O)N(C)[C@@H](CC(C)C)C(=O)N[C@@H]1C(=O)N[C@H](CC(C)C)C(=O)N[C@@H](CC(C)C)C(=O)N[C@H](CC(C)C)C(=O)N(C)[C@H](C)C(=O)N[C@@H](CC(C)C)C(=O)N2CCC[C@H]2C(=O)O[C@@H]1C,-5.49
5697,CC(=O)N1CCC[C@H]1C(=O)N(C)[C@@H](CC(C)C)C(=O)N[C@@H]1C(=O)N[C@H](CC(C)C)C(=O)N[C@@H](CC(C)C)C(=O)N[C@H](CC(C)C)C(=O)N(C)[C@@H](C)C(=O)N[C@@H](CC(C)C)C(=O)N2CCC[C@H]2C(=O)O[C@@H]1C,-5.47
5696,CC(=O)N1CCC[C@H]1C(=O)N(C)[C@@H](CC(C)C)C(=O)N[C@@H]1C(=O)N[C@H](CC(C)C)C(=O)N[C@@H](CC(C)C)C(=O)N[C@H](CC(C)C)C(=O)N[C@H](C)C(=O)N[C@@H](CC(C)C)C(=O)N2CCC[C@H]2C(=O)O[C@@H]1C,-6.78
5695,CC(=O)N1CCC[C@H]1C(=O)N(C)[C@@H](CC(C)C)C(=O)N[C@@H]1C(=O)N[C@H](CC(C)C)C(=O)N[C@@H](CC(C)C)C(=O)N[C@@H](CC(C)C)C(=O)N(C)[C@@H](C)C(=O)N[C@@H](CC(C)C)C(=O)N2CCC[C@H]2C(=O)O[C@@H]1C,-6.56
5694,CC(=O)N1CCC[C@H]1C(=O)N(C)[C@@H](CC(C)C)C(=O)N[C@@H]1C(=O)N[C@H](CC(C)C)C(=O)N[C@@H](CC(C)C)C(=O)N[C@@H](CC(C)C)C(=O)N[C@@H](C)C(=O)N[C@@H](CC(C)C)C(=O)N2CCC[C@H]2C(=O)O[C@@H]1C,-6.1
5693,CC(=O)N1CCC[C@H]1C(=O)N(C)[C@@H](CC(C)C)C(=O)N[C@@H]1C(=O)N[C@@H](CC(C)C)C(=O)N(C)[C@H](CC(C)C)C(=O)N[C@H](CC(C)C)C(=O)N[C@@H](C)C(=O)N[C@@H](CC(C)C)C(=O)N2CCC[C@H]2C(=O)O[C@@H]1C,-6.68
5692,CC(=O)N1CCC[C@H]1C(=O)N(C)[C@@H](CC(C)C)C(=O)N[C@@H]1C(=O)N[C@@H](CC(C)C)C(=O)N(C)[C@H](CC(C)C)C(=O)N[C@@H](CC(C)C)C(=O)N(C)[C@H](C)C(=O)N[C@@H](CC(C)C)C(=O)N2CCC[C@H]2C(=O)O[C@@H]1C,-6.1
5691,CC(=O)N1CCC[C@H]1C(=O)N(C)[C@@H](CC(C)C)C(=O)N[C@@H]1C(=O)N[C@@H](CC(C)C)C(=O)N(C)[C@@H](CC(C)C)C(=O)N(C)[C@H](CC(C)C)C(=O)N[C@@H](C)C(=O)N[C@@H](CC(C)C)C(=O)N2CCC[C@H]2C(=O)O[C@@H]1C,-6.56
5690,CC(=O)N1CCC[C@H]1C(=O)N(C)[C@@H](CC(C)C)C(=O)N[C@@H]1C(=O)N[C@@H](CC(C)C)C(=O)N(C)[C@@H](CC(C)C)C(=O)N(C)[C@@H](CC(C)C)C(=O)N(C)[C@H](C)C(=O)N[C@@H](CC(C)C)C(=O)N2CCC[C@H]2C(=O)O[C@@H]1C,-6.06
5689,CC(=O)N1CCC[C@H]1C(=O)N(C)[C@@H](CC(C)C)C(=O)N[C@@H]1C(=O)N[C@@H](CC(C)C)C(=O)N(C)[C@@H](CC(C)C)C(=O)N(C)[C@@H](CC(C)C)C(=O)N(C)[C@@H](C)C(=O)N[C@@H](CC(C)C)C(=O)N2CCC[C@H]2C(=O)O[C@@H]1C,-6.18
5688,CC(=O)N1CCC[C@H]1C(=O)N(C)[C@@H](CC(C)C)C(=O)N[C@@H]1C(=O)N[C@@H](CC(C)C)C(=O)N(C)[C@@H](CC(C)C)C(=O)N(C)[C@@H](CC(C)C)C(=O)N[C@@H](C)C(=O)N[C@@H](CC(C)C)C(=O)N2CCC[C@H]2C(=O)O[C@@H]1C,-6.84
5687,CC(=O)N1CCC[C@H]1C(=O)N(C)[C@@H](CC(C)C)C(=O)N[C@@H]1C(=O)N[C@@H](CC(C)C)C(=O)N(C)[C@@H](CC(C)C)C(=O)N[C@H](CC(C)C)C(=O)N[C@@H](C)C(=O)N[C@@H](CC(C)C)C(=O)N2CCC[C@H]2C(=O)O[C@@H]1C,-6.94
5686,CC(=O)N1CCC[C@H]1C(=O)N(C)[C@@H](CC(C)C)C(=O)N[C@@H]1C(=O)N[C@@H](CC(C)C)C(=O)N[C@H](CC(C)C)C(=O)N(C)[C@H](CC(C)C)C(=O)N[C@@H](C)C(=O)N[C@@H](CC(C)C)C(=O)N2CCC[C@H]2C(=O)O[C@@H]1C,-7.29
5685,CC(=O)N1CCC[C@H]1C(=O)N(C)[C@@H](CC(C)C)C(=O)N[C@@H]1C(=O)N[C@@H](CC(C)C)C(=O)N[C@H](CC(C)C)C(=O)N(C)[C@@H](CC(C)C)C(=O)N(C)[C@H](C)C(=O)N[C@@H](CC(C)C)C(=O)N2CCC[C@H]2C(=O)O[C@@H]1C,-5.74
5684,CC(=O)N1CCC[C@H]1C(=O)N(C)[C@@H](CC(C)C)C(=O)N[C@@H]1C(=O)N[C@@H](CC(C)C)C(=O)N[C@H](CC(C)C)C(=O)N(C)[C@@H](CC(C)C)C(=O)N(C)[C@@H](C)C(=O)N[C@@H](CC(C)C)C(=O)N2CCC[C@H]2C(=O)O[C@@H]1C,-6.44
5683,CC(=O)N1CCC[C@H]1C(=O)N(C)[C@@H](CC(C)C)C(=O)N[C@@H]1C(=O)N[C@@H](CC(C)C)C(=O)N[C@H](CC(C)C)C(=O)N(C)[C@@H](CC(C)C)C(=O)N[C@@H](C)C(=O)N[C@@H](CC(C)C)C(=O)N2CCC[C@H]2C(=O)O[C@@H]1C,-5.99
5682,CC(=O)N1CCC[C@H]1C(=O)N(C)[C@@H](CC(C)C)C(=O)N[C@@H]1C(=O)N[C@@H](CC(C)C)C(=O)N[C@H](CC(C)C)C(=O)N[C@H](CC(C)C)C(=O)N[C@H](C)C(=O)N[C@@H](CC(C)C)C(=O)N2CCC[C@H]2C(=O)O[C@@H]1C,-6.96
5681,CC(=O)N1CCC[C@H]1C(=O)N(C)[C@@H](CC(C)C)C(=O)N[C@@H]1C(=O)N[C@@H](CC(C)C)C(=O)N[C@H](CC(C)C)C(=O)N[C@H](CC(C)C)C(=O)N[C@@H](C)C(=O)N[C@@H](CC(C)C)C(=O)N2CCC[C@H]2C(=O)O[C@@H]1C,-7.31
5680,CC(=O)N1CCC[C@H]1C(=O)N(C)[C@@H](CC(C)C)C(=O)N[C@@H]1C(=O)N[C@@H](CC(C)C)C(=O)N[C@H](CC(C)C)C(=O)N[C@@H](CC(C)C)C(=O)N[C@@H](C)C(=O)N[C@@H](CC(C)C)C(=O)N2CCC[C@H]2C(=O)O[C@@H]1C,-7.3
5679,CC(=O)N1CCC[C@H]1C(=O)N(C)[C@@H](CC(C)C)C(=O)N[C@@H]1C(=O)N[C@@H](CC(C)C)C(=O)N[C@@H](CC(C)C)C(=O)N(C)[C@H](CC(C)C)C(=O)N(C)[C@@H](C)C(=O)N[C@@H](CC(C)C)C(=O)N2CCC[C@H]2C(=O)O[C@@H]1C,-5.94
5678,CC(=O)N1CCC[C@H]1C(=O)N(C)[C@@H](CC(C)C)C(=O)N[C@@H]1C(=O)N[C@@H](CC(C)C)C(=O)N[C@@H](CC(C)C)C(=O)N(C)[C@H](CC(C)C)C(=O)N[C@H](C)C(=O)N[C@@H](CC(C)C)C(=O)N2CCC[C@H]2C(=O)O[C@@H]1C,-5.98
5677,CC(=O)N1CCC[C@H]1C(=O)N(C)[C@@H](CC(C)C)C(=O)N[C@@H]1C(=O)N[C@@H](CC(C)C)C(=O)N[C@@H](CC(C)C)C(=O)N(C)[C@H](CC(C)C)C(=O)N[C@@H](C)C(=O)N[C@@H](CC(C)C)C(=O)N2CCC[C@H]2C(=O)O[C@@H]1C,-6.15
5676,CC(=O)N1CCC[C@H]1C(=O)N(C)[C@@H](CC(C)C)C(=O)N[C@@H]1C(=O)N[C@@H](CC(C)C)C(=O)N[C@@H](CC(C)C)C(=O)N(C)[C@@H](CC(C)C)C(=O)N(C)[C@@H](C)C(=O)N[C@@H](CC(C)C)C(=O)N2CCC[C@H]2C(=O)O[C@@H]1C,-6.5
5675,CC(=O)N1CCC[C@H]1C(=O)N(C)[C@@H](CC(C)C)C(=O)N[C@@H]1C(=O)N[C@@H](CC(C)C)C(=O)N[C@@H](CC(C)C)C(=O)N(C)[C@@H](CC(C)C)C(=O)N[C@@H](C)C(=O)N[C@@H](CC(C)C)C(=O)N2CCC[C@H]2C(=O)O[C@@H]1C,-6.07
5674,CC(=O)N1CCC[C@H]1C(=O)N(C)[C@@H](CC(C)C)C(=O)N[C@@H]1C(=O)N[C@@H](CC(C)C)C(=O)N[C@@H](CC(C)C)C(=O)N[C@H](CC(C)C)C(=O)N(C)[C@H](C)C(=O)N[C@@H](CC(C)C)C(=O)N2CCC[C@H]2C(=O)O[C@@H]1C,-5.63
5673,CC(=O)N1CCC[C@H]1C(=O)N(C)[C@@H](CC(C)C)C(=O)N[C@@H]1C(=O)N[C@@H](CC(C)C)C(=O)N[C@@H](CC(C)C)C(=O)N[C@H](CC(C)C)C(=O)N(C)[C@@H](C)C(=O)N[C@@H](CC(C)C)C(=O)N2CCC[C@H]2C(=O)O[C@@H]1C,-5.52
5672,CC(=O)N1CCC[C@H]1C(=O)N(C)[C@@H](CC(C)C)C(=O)N[C@@H]1C(=O)N[C@@H](CC(C)C)C(=O)N[C@@H](CC(C)C)C(=O)N[C@H](CC(C)C)C(=O)N[C@@H](C)C(=O)N[C@@H](CC(C)C)C(=O)N2CCC[C@H]2C(=O)O[C@@H]1C,-6.69
5671,CC(=O)N1CCC[C@H]1C(=O)N(C)[C@@H](CC(C)C)C(=O)N[C@@H]1C(=O)N[C@@H](CC(C)C)C(=O)N[C@@H](CC(C)C)C(=O)N[C@@H](CC(C)C)C(=O)N(C)[C@H](C)C(=O)N[C@@H](CC(C)C)C(=O)N2CCC[C@H]2C(=O)O[C@@H]1C,-6.21
5670,CC(=O)N1CCC[C@H]1C(=O)N(C)[C@@H](CC(C)C)C(=O)N[C@@H]1C(=O)N[C@@H](CC(C)C)C(=O)N[C@@H](CC(C)C)C(=O)N[C@@H](CC(C)C)C(=O)N(C)[C@@H](C)C(=O)N[C@@H](CC(C)C)C(=O)N2CCC[C@H]2C(=O)O[C@@H]1C,-6.82
5595,CC(C)C[C@H]1C(=O)N[C@@H](Cc2ccccc2)CC(=O)N2CCC[C@@H]2C(=O)N(C)[C@H](CC(C)C)C(=O)N[C@@H](Cc2ccccc2)C(=O)N2CCC[C@H]2C(=O)N(C)[C@@H](C)C(=O)N1C,-5.23
5592,CC(C)C[C@H]1C(=O)N(Cc2ccccc2)CC(=O)N2CCC[C@@H]2C(=O)N(C)[C@@H](CC(C)C)C(=O)N[C@@H](Cc2ccccc2)C(=O)N2CCC[C@H]2C(=O)N(C)[C@@H](C)C(=O)N1C,-5.03
5590,CC(C)C[C@H]1C(=O)N(Cc2ccccc2)CC(=O)N2CCC[C@@H]2C(=O)N(C)[C@H](CC(C)C)C(=O)N[C@@H](Cc2ccccc2)C(=O)N2CCC[C@H]2C(=O)N(C)[C@@H](C)C(=O)N1C,-5.41
5589,CC(C)C[C@H]1C(=O)N2CCC[C@@H]2C(=O)N(Cc2ccccc2)CC(=O)N[C@@H](Cc2ccccc2)C(=O)N2CCC[C@H]2C(=O)N(C)[C@@H](C)C(=O)N(C)[C@H](CC(C)C)C(=O)N1C,-5.59
5588,CC(C)C[C@@H]1NC(=O)[C@H](C)N(C)C(=O)[C@@H]2CCCN2C(=O)[C@H](Cc2ccccc2)NC(=O)[C@@H](CC(C)C)N(C)C(=O)[C@H]2CCCN2C(=O)C[C@H](Cc2ccccc2)NC1=O,-5.66
5587,CC(C)C[C@@H]1NC(=O)[C@H]2CCCN2C(=O)C[C@H](Cc2ccccc2)NC(=O)[C@@H](CC(C)C)N(C)C(=O)[C@H](C)N(C)C(=O)[C@@H]2CCCN2C(=O)[C@H](Cc2ccccc2)NC1=O,-5.9
5586,CC(C)C[C@@H]1C(=O)N(C)[C@H](CC(C)C)C(=O)N2CCC[C@@H]2C(=O)N(Cc2ccccc2)CC(=O)N[C@@H](Cc2ccccc2)C(=O)N2CCC[C@H]2C(=O)N(C)[C@@H](C)C(=O)N1C,-5.59
5585,CC(C)C[C@@H]1C(=O)N(Cc2ccccc2)CC(=O)N2CCC[C@@H]2C(=O)N(C)[C@H](CC(C)C)C(=O)N[C@@H](Cc2ccccc2)C(=O)N2CCC[C@H]2C(=O)N(C)[C@@H](C)C(=O)N1C,-5.47
5583,CC(C)C[C@@H]1NC(=O)CN(Cc2ccccc2)C(=O)[C@H](C)N(C)C(=O)[C@@H]2CCCN2C(=O)[C@H](Cc2ccccc2)NC(=O)[C@H](CC(C)C)N(C)C(=O)[C@H]2CCCN2C1=O,-5.43
5582,CC(C)C[C@@H]1NC(=O)[C@H](C)N(C)C(=O)[C@@H]2CCCN2C(=O)[C@H](Cc2ccccc2)NC(=O)[C@H](CC(C)C)N(C)C(=O)[C@H]2CCCN2C(=O)CN(Cc2ccccc2)C1=O,-5.32
5581,CC(C)C[C@@H]1NC(=O)[C@H](C)N(C)C(=O)[C@@H]2CCCN2C(=O)[C@H](Cc2ccccc2)NC(=O)CN(Cc2ccccc2)C(=O)[C@H]2CCCN2C(=O)[C@H](CC(C)C)N(C)C1=O,-5.58
5579,CC(C)C[C@H]1C(=O)N[C@@H](Cc2ccccc2)C(=O)N2CCC[C@H]2C(=O)N(C)[C@@H](C)C(=O)N(Cc2ccccc2)CC(=O)N[C@H](CC(C)C)C(=O)N2CCC[C@@H]2C(=O)N1C,-5.32
5578,CC(C)C[C@@H]1NC(=O)[C@@H](CC(C)C)N(C)C(=O)[C@H](C)N(C)C(=O)[C@@H]2CCCN2C(=O)[C@H](Cc2ccccc2)NC(=O)CN(Cc2ccccc2)C(=O)[C@H]2CCCN2C1=O,-5.7
5577,CC(C)C[C@@H]1NC(=O)[C@H](C)N(C)C(=O)[C@@H]2CCCN2C(=O)[C@H](Cc2ccccc2)NC(=O)CN(Cc2ccccc2)C(=O)[C@H]2CCCN2C(=O)[C@@H](CC(C)C)N(C)C1=O,-5.71
5573,CC(C)C[C@H]1C(=O)N(C)[C@@H](CC(C)C)C(=O)N2CCC[C@@H]2C(=O)N(C)[C@H](CC(C)C)C(=O)N[C@@H](Cc2ccccc2)C(=O)N2CCC[C@H]2C(=O)N(C)[C@@H](C)C(=O)N1C,-5.31
5572,CC(C)C[C@H]1C(=O)N2CCC[C@@H]2C(=O)N(C)[C@@H](CC(C)C)C(=O)N[C@@H](Cc2ccccc2)C(=O)N2CCC[C@H]2C(=O)N(C)[C@@H](C)C(=O)N(C)[C@H](CC(C)C)C(=O)N1C,-5.45
5571,CC(C)C[C@H]1NC(=O)[C@H]2CCCN2C(=O)CN(Cc2ccccc2)C(=O)[C@@H](CC(C)C)N(C)C(=O)[C@H](C)N(C)C(=O)[C@@H]2CCCN2C(=O)[C@H](Cc2ccccc2)NC1=O,-5.41
5567,CC(C)C[C@H]1C(=O)N2CCC[C@@H]2C(=O)N(C)[C@H](CC(C)C)C(=O)N[C@@H](Cc2ccccc2)C(=O)N2CCC[C@H]2C(=O)N(C)[C@@H](C)C(=O)N(C)[C@H](CC(C)C)C(=O)N1C,-5.2
5565,CC(C)C[C@@H]1NC(=O)[C@H](C)N(C)C(=O)[C@@H]2CCCN2C(=O)[C@H](Cc2ccccc2)NC(=O)[C@H](CC(C)C)N(C)C(=O)[C@H]2CCCN2C(=O)[C@H](CC(C)C)N(C)C1=O,-5.21
5563,CC(C)C[C@@H]1NC(=O)[C@H](C)N(C)C(=O)[C@@H]2CCCN2C(=O)[C@H](Cc2ccccc2)NC(=O)CN(Cc2ccccc2)C(=O)[C@H]2CCCN2C(=O)[C@@H](CC(C)C)NC1=O,-5.82
5562,CC(C)C[C@@H]1NC(=O)[C@H](C)N(C)C(=O)[C@@H]2CCCN2C(=O)[C@H](Cc2ccccc2)NC(=O)[C@@H](CC(C)C)NC(=O)[C@H]2CCCN2C(=O)CN(Cc2ccccc2)C1=O,-5.77
5561,CC(C)C[C@@H]1NC(=O)[C@H](CC(C)C)N(C)C(=O)[C@H](C)N(C)C(=O)[C@@H]2CCCN2C(=O)[C@H](Cc2ccccc2)NC(=O)[C@@H](CC(C)C)N(C)C(=O)[C@H]2CCCN2C1=O,-5.51
5560,CC(C)C[C@H]1C(=O)N2CCC[C@@H]2C(=O)N(C)[C@@H](CC(C)C)C(=O)N[C@@H](Cc2ccccc2)C(=O)N2CCC[C@H]2C(=O)N(C)[C@@H](C)C(=O)N[C@H](CC(C)C)C(=O)N1C,-5.43
5559,CC(C)C[C@@H]1NC(=O)[C@H](C)N(C)C(=O)[C@@H]2CCCN2C(=O)[C@H](Cc2ccccc2)NC(=O)[C@H](CC(C)C)N(C)C(=O)[C@H]2CCCN2C(=O)[C@@H](CC(C)C)N(C)C1=O,-6.1
5558,CC(C)C[C@H]1C(=O)N(C)[C@@H](CC(C)C)C(=O)N2CCC[C@@H]2C(=O)N[C@H](CC(C)C)C(=O)N[C@@H](Cc2ccccc2)C(=O)N2CCC[C@H]2C(=O)N(C)[C@@H](C)C(=O)N1C,-5.68
5555,CC(C)C[C@H]1C(=O)N2CCC[C@@H]2C(=O)N(C)[C@H](CC(C)C)C(=O)N[C@@H](Cc2ccccc2)C(=O)N2CCC[C@H]2C(=O)N(C)[C@@H](C)C(=O)N[C@H](CC(C)C)C(=O)N1C,-5.47
5554,CC(C)C[C@H]1C(=O)N[C@H](CC(C)C)C(=O)N2CCC[C@@H]2C(=O)N(C)[C@H](CC(C)C)C(=O)N[C@@H](Cc2ccccc2)C(=O)N2CCC[C@H]2C(=O)N(C)[C@@H](C)C(=O)N1C,-5.81
5553,CC(C)C[C@H]1NC(=O)[C@@H](CC(C)C)N(C)C(=O)[C@H](C)N(C)C(=O)[C@@H]2CCCN2C(=O)[C@H](Cc2ccccc2)NC(=O)[C@@H](CC(C)C)N(C)C(=O)[C@H]2CCCN2C1=O,-5.1
5552,CC(C)C[C@@H]1NC(=O)[C@H](C)N(C)C(=O)[C@@H]2CCCN2C(=O)[C@H](Cc2ccccc2)NC(=O)[C@H](CC(C)C)N(C)C(=O)[C@H]2CCCN2C(=O)[C@H](CC(C)C)NC1=O,-5.57
5551,CC(C)C[C@@H]1NC(=O)[C@H](C)N(C)C(=O)[C@@H]2CCCN2C(=O)[C@H](Cc2ccccc2)NC(=O)[C@H](CC(C)C)N(C)C(=O)[C@H]2CCCN2C(=O)[C@@H](CC(C)C)NC1=O,-5.47
5550,CC(C)C[C@@H]1NC(=O)[C@H]2CCCN2C(=O)[C@H](CC(C)C)NC(=O)[C@@H](CC(C)C)N(C)C(=O)[C@H](C)N(C)C(=O)[C@@H]2CCCN2C(=O)[C@H](Cc2ccccc2)NC1=O,-5.83
5549,CC(C)C[C@@H]1NC(=O)[C@H]2CCCN2C(=O)[C@H](CC(C)C)N(C)C(=O)[C@@H](CC(C)C)NC(=O)[C@H](C)N(C)C(=O)[C@@H]2CCCN2C(=O)[C@H](Cc2ccccc2)NC1=O,-6.1
5548,CC(C)C[C@@H]1NC(=O)[C@@H](CC(C)C)NC(=O)[C@H](C)N(C)C(=O)[C@@H]2CCCN2C(=O)[C@H](Cc2ccccc2)NC(=O)[C@@H](CC(C)C)N(C)C(=O)[C@H]2CCCN2C1=O,-5.24
5547,CC(C)C[C@@H]1NC(=O)[C@@H](CC(C)C)N(C)C(=O)[C@H](C)N(C)C(=O)[C@@H]2CCCN2C(=O)[C@H](Cc2ccccc2)NC(=O)[C@@H](CC(C)C)NC(=O)[C@H]2CCCN2C1=O,-5.95
5546,CC(C)C[C@@H]1NC(=O)[C@H](C)N(C)C(=O)[C@@H]2CCCN2C(=O)[C@H](Cc2ccccc2)NC(=O)[C@@H](CC(C)C)NC(=O)[C@H]2CCCN2C(=O)[C@@H](CC(C)C)N(C)C1=O,-5.82
5545,CC(C)C[C@H]1NC(=O)[C@H](C)N(C)C(=O)[C@@H]2CCCN2C(=O)[C@H](Cc2ccccc2)NC(=O)[C@@H](CC(C)C)N(C)C(=O)[C@H]2CCCN2C(=O)[C@@H](CC(C)C)NC1=O,-5.94
5544,CC(C)C[C@H]1NC(=O)[C@H]2CCCN2C(=O)[C@@H](CC(C)C)N(C)C(=O)[C@@H](CC(C)C)NC(=O)[C@H](C)N(C)C(=O)[C@@H]2CCCN2C(=O)[C@H](Cc2ccccc2)NC1=O,-5.7
5543,CC(C)C[C@H]1NC(=O)[C@H]2CCCN2C(=O)[C@@H](CC(C)C)NC(=O)[C@@H](CC(C)C)N(C)C(=O)[C@H](C)N(C)C(=O)[C@@H]2CCCN2C(=O)[C@H](Cc2ccccc2)NC1=O,-5.77
5540,CC(C)C[C@H]1C(=O)N2CCC[C@@H]2C(=O)N(Cc2ccccc2)CC(=O)N[C@@H](Cc2ccccc2)C(=O)N2CCC[C@H]2C(=O)N[C@H](C)C(=O)N(C)[C@@H](CC(C)C)C(=O)N1C,-5.57
5536,CC(C)C[C@@H]1NC(=O)[C@@H](C)NC(=O)[C@@H]2CCCN2C(=O)[C@H](Cc2ccccc2)NC(=O)[C@H](CC(C)C)N(C)C(=O)[C@H]2CCCN2C(=O)CN(Cc2ccccc2)C1=O,-5.8
5535,CC(C)C[C@@H]1NC(=O)[C@@H](C)NC(=O)[C@@H]2CCCN2C(=O)[C@H](Cc2ccccc2)NC(=O)CN(Cc2ccccc2)C(=O)[C@H]2CCCN2C(=O)[C@H](CC(C)C)N(C)C1=O,-6.3
5534,CC(C)C[C@H]1C(=O)N2CCC[C@@H]2C(=O)N(C)[C@@H](CC(C)C)C(=O)N[C@@H](Cc2ccccc2)C(=O)N2CCC[C@H]2C(=O)N[C@H](C)C(=O)N(C)[C@@H](CC(C)C)C(=O)N1C,-5.37
5533,CC(C)C[C@H]1C(=O)N2CCC[C@@H]2C(=O)N(Cc2ccccc2)CC(=O)N[C@@H](Cc2ccccc2)C(=O)N2CCC[C@H]2C(=O)N[C@H](C)C(=O)N[C@H](CC(C)C)C(=O)N1C,-5.8
5532,CC(C)C[C@H]1C(=O)N[C@@H](Cc2ccccc2)C(=O)N2CCC[C@H]2C(=O)N[C@H](C)C(=O)N[C@H](CC(C)C)C(=O)N(Cc2ccccc2)CC(=O)N2CCC[C@@H]2C(=O)N1C,-5.71
5531,CC(C)C[C@H]1C(=O)N[C@H](CC(C)C)C(=O)N2CCC[C@@H]2C(=O)N(Cc2ccccc2)CC(=O)N[C@@H](Cc2ccccc2)C(=O)N2CCC[C@H]2C(=O)N[C@H](C)C(=O)N1C,-5.77
5529,CC(C)C[C@H]1C(=O)N2CCC[C@@H]2C(=O)N(C)[C@H](CC(C)C)C(=O)N[C@@H](Cc2ccccc2)C(=O)N2CCC[C@H]2C(=O)N[C@H](C)C(=O)N(C)[C@@H](CC(C)C)C(=O)N1C,-5.55
5528,CC(C)C[C@H]1C(=O)N2CCC[C@@H]2C(=O)N(C)[C@@H](CC(C)C)C(=O)N[C@@H](Cc2ccccc2)C(=O)N2CCC[C@H]2C(=O)N[C@H](C)C(=O)N(C)[C@H](CC(C)C)C(=O)N1C,-5.56
5527,CC(C)C[C@@H]1NC(=O)[C@H]2CCCN2C(=O)[C@H](CC(C)C)N(C)C(=O)[C@H](CC(C)C)N(C)C(=O)[C@@H](C)NC(=O)[C@@H]2CCCN2C(=O)[C@H](Cc2ccccc2)NC1=O,-6.18
5525,CC(C)C[C@H]1C(=O)N[C@H](CC(C)C)C(=O)N2CCC[C@@H]2C(=O)N(C)[C@@H](CC(C)C)C(=O)N[C@@H](Cc2ccccc2)C(=O)N2CCC[C@H]2C(=O)N[C@H](C)C(=O)N1C,-5.65
5524,CC(C)C[C@@H]1NC(=O)[C@@H](C)NC(=O)[C@@H]2CCCN2C(=O)[C@H](Cc2ccccc2)NC(=O)[C@H](CC(C)C)N(C)C(=O)[C@H]2CCCN2C(=O)[C@@H](CC(C)C)N(C)C1=O,-6.16
5522,CC(C)C[C@H]1NC(=O)[C@H]2CCCN2C(=O)CN(Cc2ccccc2)C(=O)[C@@H](CC(C)C)NC(=O)[C@@H](C)NC(=O)[C@@H]2CCCN2C(=O)[C@H](Cc2ccccc2)NC1=O,-6.98
5520,CC(C)C[C@@H]1NC(=O)[C@H]2CCCN2C(=O)[C@H](CC(C)C)N(C)C(=O)[C@H](CC(C)C)NC(=O)[C@@H](C)NC(=O)[C@@H]2CCCN2C(=O)[C@H](Cc2ccccc2)NC1=O,-6.11
5519,CC(C)C[C@H]1C(=O)N2CCC[C@@H]2C(=O)N[C@H](CC(C)C)C(=O)N[C@@H](Cc2ccccc2)C(=O)N2CCC[C@H]2C(=O)N[C@H](C)C(=O)N[C@H](CC(C)C)C(=O)N1C,-5.64
5518,CC(C)C[C@@H]1NC(=O)[C@@H](CC(C)C)NC(=O)[C@@H](C)NC(=O)[C@@H]2CCCN2C(=O)[C@H](Cc2ccccc2)NC(=O)[C@@H](CC(C)C)NC(=O)[C@H]2CCCN2C1=O,-6.07
5514,CC(C)C[C@H]1C(=O)N[C@@H](Cc2ccccc2)C(=O)N2CCC[C@H]2C(=O)N[C@@H](C)C(=O)N(Cc2ccccc2)CC(=O)N(Cc2ccccc2)CC(=O)N2CCC[C@H]2C(=O)N1C,-6.02
5513,CC(C)C[C@H]1C(=O)N(Cc2ccccc2)CC(=O)N2CCC[C@H]2C(=O)N(Cc2ccccc2)CC(=O)N[C@@H](Cc2ccccc2)C(=O)N2CCC[C@H]2C(=O)N[C@@H](C)C(=O)N1C,-6.5
5512,CC(C)C[C@H]1C(=O)N[C@@H](Cc2ccccc2)CC(=O)N2CCC[C@H]2C(=O)N(C)[C@@H](CC(C)C)C(=O)N[C@@H](Cc2ccccc2)C(=O)N2CCC[C@H]2C(=O)N[C@@H](C)C(=O)N1C,-5.78
5509,CC(C)C[C@H]1C(=O)N[C@@H](Cc2ccccc2)C(=O)N2CCC[C@H]2C(=O)N[C@@H](C)C(=O)N(C)[C@H](CC(C)C)C(=O)N[C@@H](Cc2ccccc2)CC(=O)N2CCC[C@H]2C(=O)N1C,-5.65
5508,CC(C)C[C@H]1C(=O)N[C@@H](Cc2ccccc2)CC(=O)N2CCC[C@H]2C(=O)N(C)[C@H](CC(C)C)C(=O)N[C@@H](Cc2ccccc2)C(=O)N2CCC[C@H]2C(=O)N[C@@H](C)C(=O)N1C,-6.2
5507,CC(C)C[C@@H]1NC(=O)[C@H](C)NC(=O)[C@@H]2CCCN2C(=O)[C@H](Cc2ccccc2)NC(=O)CN(Cc2ccccc2)C(=O)[C@@H]2CCCN2C(=O)CN(Cc2ccccc2)C1=O,-6.18
5506,CC(C)C[C@H]1C(=O)N(Cc2ccccc2)CC(=O)N2CCC[C@H]2C(=O)N(C)[C@@H](CC(C)C)C(=O)N[C@@H](Cc2ccccc2)C(=O)N2CCC[C@H]2C(=O)N[C@@H](C)C(=O)N1C,-5.68
5505,CC(C)C[C@H]1C(=O)N(C)[C@@H](CC(C)C)C(=O)N2CCC[C@H]2C(=O)N(Cc2ccccc2)CC(=O)N[C@@H](Cc2ccccc2)C(=O)N2CCC[C@H]2C(=O)N[C@@H](C)C(=O)N1C,-5.16
5504,CC(C)C[C@@H]1NC(=O)[C@H](C)NC(=O)[C@@H]2CCCN2C(=O)[C@H](Cc2ccccc2)NC(=O)[C@H](CC(C)C)N(C)C(=O)[C@@H]2CCCN2C(=O)C[C@H](Cc2ccccc2)NC1=O,-5.86
5502,CC(C)C[C@H]1C(=O)N2CCC[C@H]2C(=O)N(Cc2ccccc2)CC(=O)N[C@@H](Cc2ccccc2)C(=O)N2CCC[C@H]2C(=O)N[C@@H](C)C(=O)N(C)[C@H](CC(C)C)C(=O)N1C,-5.75
5501,CC(C)C[C@H]1C(=O)N[C@@H](Cc2ccccc2)C(=O)N2CCC[C@H]2C(=O)N[C@@H](C)C(=O)N(C)[C@H](CC(C)C)C(=O)N(Cc2ccccc2)CC(=O)N2CCC[C@H]2C(=O)N1C,-5.8
5500,CC(C)C[C@H]1C(=O)N(C)[C@H](CC(C)C)C(=O)N2CCC[C@H]2C(=O)N(Cc2ccccc2)CC(=O)N[C@@H](Cc2ccccc2)C(=O)N2CCC[C@H]2C(=O)N[C@@H](C)C(=O)N1C,-5.61
5499,CC(C)C[C@H]1C(=O)N(Cc2ccccc2)CC(=O)N2CCC[C@H]2C(=O)N(C)[C@H](CC(C)C)C(=O)N[C@@H](Cc2ccccc2)C(=O)N2CCC[C@H]2C(=O)N[C@@H](C)C(=O)N1C,-5.77
5498,CC(C)C[C@@H]1NC(=O)[C@@H]2CCCN2C(=O)C[C@H](Cc2ccccc2)NC(=O)[C@@H](CC(C)C)N(C)C(=O)[C@H](C)NC(=O)[C@@H]2CCCN2C(=O)[C@H](Cc2ccccc2)NC1=O,-6.31
5497,CC(C)C[C@H]1C(=O)N[C@@H](Cc2ccccc2)C(=O)N2CCC[C@H]2C(=O)N[C@@H](C)C(=O)N[C@H](CC(C)C)C(=O)N[C@@H](Cc2ccccc2)CC(=O)N2CCC[C@H]2C(=O)N1C,-6.17
5496,CC(C)C[C@H]1C(=O)N[C@@H](Cc2ccccc2)CC(=O)N2CCC[C@H]2C(=O)N[C@H](CC(C)C)C(=O)N[C@@H](Cc2ccccc2)C(=O)N2CCC[C@H]2C(=O)N[C@@H](C)C(=O)N1C,-6.42
5495,CC(C)C[C@@H]1C(=O)N(Cc2ccccc2)CC(=O)N2CCC[C@H]2C(=O)N(C)[C@H](CC(C)C)C(=O)N[C@@H](Cc2ccccc2)C(=O)N2CCC[C@H]2C(=O)N[C@@H](C)C(=O)N1C,-5.8
5494,CC(C)C[C@@H]1NC(=O)[C@H](C)NC(=O)[C@@H]2CCCN2C(=O)[C@H](Cc2ccccc2)NC(=O)[C@H](CC(C)C)N(C)C(=O)[C@@H]2CCCN2C(=O)CN(Cc2ccccc2)C1=O,-6.13
5493,CC(C)C[C@@H]1NC(=O)[C@H](C)NC(=O)[C@@H]2CCCN2C(=O)[C@H](Cc2ccccc2)NC(=O)[C@H](CC(C)C)NC(=O)[C@@H]2CCCN2C(=O)C[C@H](Cc2ccccc2)NC1=O,-6.49
5492,CC(C)C[C@H]1C(=O)N[C@H](CC(C)C)C(=O)N2CCC[C@H]2C(=O)N(Cc2ccccc2)CC(=O)N[C@@H](Cc2ccccc2)C(=O)N2CCC[C@H]2C(=O)N[C@@H](C)C(=O)N1C,-5.26
5491,CC(C)C[C@H]1C(=O)N2CCC[C@H]2C(=O)N(Cc2ccccc2)CC(=O)N[C@@H](Cc2ccccc2)C(=O)N2CCC[C@H]2C(=O)N[C@@H](C)C(=O)N[C@H](CC(C)C)C(=O)N1C,-5.75
5490,CC(C)C[C@@H]1NC(=O)[C@@H](CC(C)C)N(C)C(=O)[C@H](C)NC(=O)[C@@H]2CCCN2C(=O)[C@H](Cc2ccccc2)NC(=O)CN(Cc2ccccc2)C(=O)[C@@H]2CCCN2C1=O,-5.69
5489,CC(C)C[C@@H]1NC(=O)[C@H](C)NC(=O)[C@@H]2CCCN2C(=O)[C@H](Cc2ccccc2)NC(=O)CN(Cc2ccccc2)C(=O)[C@@H]2CCCN2C(=O)[C@@H](CC(C)C)N(C)C1=O,-5.95
5488,CC(C)C[C@H]1C(=O)N[C@@H](Cc2ccccc2)C(=O)N2CCC[C@H]2C(=O)N[C@@H](C)C(=O)N[C@H](CC(C)C)C(=O)N(Cc2ccccc2)CC(=O)N2CCC[C@H]2C(=O)N1C,-5.53
5487,CC(C)C[C@@H]1NC(=O)[C@@H]2CCCN2C(=O)CN(Cc2ccccc2)C(=O)[C@@H](CC(C)C)N(C)C(=O)[C@H](C)NC(=O)[C@@H]2CCCN2C(=O)[C@H](Cc2ccccc2)NC1=O,-6.05
5486,CC(C)C[C@@H]1NC(=O)[C@H](C)NC(=O)[C@@H]2CCCN2C(=O)[C@H](Cc2ccccc2)NC(=O)[C@@H](CC(C)C)N(C)C(=O)[C@@H]2CCCN2C(=O)CN(Cc2ccccc2)C1=O,-5.94
5485,CC(C)C[C@@H]1NC(=O)[C@@H]2CCCN2C(=O)C[C@H](Cc2ccccc2)NC(=O)[C@@H](CC(C)C)NC(=O)[C@H](C)NC(=O)[C@@H]2CCCN2C(=O)[C@H](Cc2ccccc2)NC1=O,-6.22
5484,CC(C)C[C@H]1C(=O)N[C@@H](Cc2ccccc2)C(=O)N2CCC[C@H]2C(=O)N[C@@H](C)C(=O)N(Cc2ccccc2)CC(=O)N[C@H](CC(C)C)C(=O)N2CCC[C@H]2C(=O)N1C,-6.27
5483,CC(C)C[C@H]1C(=O)N(Cc2ccccc2)CC(=O)N2CCC[C@H]2C(=O)N[C@H](CC(C)C)C(=O)N[C@@H](Cc2ccccc2)C(=O)N2CCC[C@H]2C(=O)N[C@@H](C)C(=O)N1C,-5.98
5482,CC(C)C[C@H]1C(=O)N[C@@H](Cc2ccccc2)C(=O)N2CCC[C@H]2C(=O)N[C@@H](C)C(=O)N(C)[C@H](CC(C)C)C(=O)N(C)[C@@H](CC(C)C)C(=O)N2CCC[C@H]2C(=O)N1C,-5.51
5481,CC(C)C[C@H]1C(=O)N(C)[C@H](CC(C)C)C(=O)N2CCC[C@H]2C(=O)N(C)[C@@H](CC(C)C)C(=O)N[C@@H](Cc2ccccc2)C(=O)N2CCC[C@H]2C(=O)N[C@@H](C)C(=O)N1C,-5.02
5480,CC(C)C[C@H]1NC(=O)[C@@H]2CCCN2C(=O)CN(Cc2ccccc2)C(=O)[C@@H](CC(C)C)N(C)C(=O)[C@H](C)NC(=O)[C@@H]2CCCN2C(=O)[C@H](Cc2ccccc2)NC1=O,-5.9
5479,CC(C)C[C@H]1NC(=O)[C@@H](CC(C)C)N(C)C(=O)[C@H](C)NC(=O)[C@@H]2CCCN2C(=O)[C@H](Cc2ccccc2)NC(=O)CN(Cc2ccccc2)C(=O)[C@@H]2CCCN2C1=O,-6.03
5478,CC(C)C[C@H]1NC(=O)[C@H](C)NC(=O)[C@@H]2CCCN2C(=O)[C@H](Cc2ccccc2)NC(=O)[C@@H](CC(C)C)N(C)C(=O)[C@@H]2CCCN2C(=O)CN(Cc2ccccc2)C1=O,-5.9
5477,CC(C)C[C@H]1C(=O)N2CCC[C@H]2C(=O)N(C)[C@H](CC(C)C)C(=O)N[C@@H](Cc2ccccc2)C(=O)N2CCC[C@H]2C(=O)N[C@@H](C)C(=O)N(C)[C@H](CC(C)C)C(=O)N1C,-5.62
5476,CC(C)C[C@H]1C(=O)N[C@@H](Cc2ccccc2)C(=O)N2CCC[C@H]2C(=O)N[C@@H](C)C(=O)N(C)[C@H](CC(C)C)C(=O)N(C)[C@H](CC(C)C)C(=O)N2CCC[C@H]2C(=O)N1C,-5.64
5475,CC(C)C[C@H]1C(=O)N(C)[C@H](CC(C)C)C(=O)N2CCC[C@H]2C(=O)N(C)[C@H](CC(C)C)C(=O)N[C@@H](Cc2ccccc2)C(=O)N2CCC[C@H]2C(=O)N[C@@H](C)C(=O)N1C,-5.36
5474,CC(C)C[C@@H]1C(=O)N(C)[C@H](CC(C)C)C(=O)N2CCC[C@H]2C(=O)N(C)[C@H](CC(C)C)C(=O)N[C@@H](Cc2ccccc2)C(=O)N2CCC[C@H]2C(=O)N[C@@H](C)C(=O)N1C,-5.2
5473,CC(C)C[C@@H]1NC(=O)[C@H](C)NC(=O)[C@@H]2CCCN2C(=O)[C@H](Cc2ccccc2)NC(=O)CN(Cc2ccccc2)C(=O)[C@@H]2CCCN2C(=O)[C@H](CC(C)C)NC1=O,-5.6
5472,CC(C)C[C@@H]1NC(=O)[C@@H]2CCCN2C(=O)[C@H](CC(C)C)NC(=O)CN(Cc2ccccc2)C(=O)[C@H](C)NC(=O)[C@@H]2CCCN2C(=O)[C@H](Cc2ccccc2)NC1=O,-6.27
5471,CC(C)C[C@@H]1NC(=O)[C@H](CC(C)C)N(C)C(=O)[C@H](C)NC(=O)[C@@H]2CCCN2C(=O)[C@H](Cc2ccccc2)NC(=O)[C@H](CC(C)C)N(C)C(=O)[C@@H]2CCCN2C1=O,-5.61
5470,CC(C)C[C@@H]1NC(=O)[C@@H](CC(C)C)NC(=O)[C@H](C)NC(=O)[C@@H]2CCCN2C(=O)[C@H](Cc2ccccc2)NC(=O)CN(Cc2ccccc2)C(=O)[C@@H]2CCCN2C1=O,-5.58
5469,CC(C)C[C@@H]1NC(=O)[C@@H]2CCCN2C(=O)CN(Cc2ccccc2)C(=O)[C@@H](CC(C)C)NC(=O)[C@H](C)NC(=O)[C@@H]2CCCN2C(=O)[C@H](Cc2ccccc2)NC1=O,-6.28
5468,CC(C)C[C@@H]1NC(=O)[C@H](C)NC(=O)[C@@H]2CCCN2C(=O)[C@H](Cc2ccccc2)NC(=O)CN(Cc2ccccc2)C(=O)[C@@H]2CCCN2C(=O)[C@@H](CC(C)C)NC1=O,-6.11
5467,CC(C)C[C@@H]1NC(=O)[C@H](C)NC(=O)[C@@H]2CCCN2C(=O)[C@H](Cc2ccccc2)NC(=O)[C@@H](CC(C)C)NC(=O)[C@@H]2CCCN2C(=O)CN(Cc2ccccc2)C1=O,-6.4
5466,CC(C)C[C@H]1C(=O)N[C@@H](Cc2ccccc2)C(=O)N2CCC[C@H]2C(=O)N[C@@H](C)C(=O)N[C@H](CC(C)C)C(=O)N(C)[C@@H](CC(C)C)C(=O)N2CCC[C@H]2C(=O)N1C,-5.51
5465,CC(C)C[C@@H]1NC(=O)[C@H](CC(C)C)N(C)C(=O)[C@H](C)NC(=O)[C@@H]2CCCN2C(=O)[C@H](Cc2ccccc2)NC(=O)[C@@H](CC(C)C)N(C)C(=O)[C@@H]2CCCN2C1=O,-5.68
5464,CC(C)C[C@@H]1NC(=O)[C@@H]2CCCN2C(=O)[C@H](CC(C)C)N(C)C(=O)[C@@H](CC(C)C)N(C)C(=O)[C@H](C)NC(=O)[C@@H]2CCCN2C(=O)[C@H](Cc2ccccc2)NC1=O,-5.75
5463,CC(C)C[C@@H]1NC(=O)[C@@H]2CCCN2C(=O)[C@@H](CC(C)C)N(C)C(=O)[C@H](CC(C)C)N(C)C(=O)[C@H](C)NC(=O)[C@@H]2CCCN2C(=O)[C@H](Cc2ccccc2)NC1=O,-6.09
5462,CC(C)C[C@H]1C(=O)N[C@H](CC(C)C)C(=O)N2CCC[C@H]2C(=O)N(C)[C@@H](CC(C)C)C(=O)N[C@@H](Cc2ccccc2)C(=O)N2CCC[C@H]2C(=O)N[C@@H](C)C(=O)N1C,-5.58
5461,CC(C)C[C@@H]1NC(=O)[C@H](C)NC(=O)[C@@H]2CCCN2C(=O)[C@H](Cc2ccccc2)NC(=O)[C@H](CC(C)C)N(C)C(=O)[C@@H]2CCCN2C(=O)[C@@H](CC(C)C)N(C)C1=O,-6.74
5460,CC(C)C[C@H]1NC(=O)[C@H](C)NC(=O)[C@@H]2CCCN2C(=O)[C@H](Cc2ccccc2)NC(=O)CN(Cc2ccccc2)C(=O)[C@@H]2CCCN2C(=O)[C@@H](CC(C)C)NC1=O,-5.66
5459,CC(C)C[C@H]1NC(=O)[C@@H]2CCCN2C(=O)CN(Cc2ccccc2)C(=O)[C@@H](CC(C)C)NC(=O)[C@H](C)NC(=O)[C@@H]2CCCN2C(=O)[C@H](Cc2ccccc2)NC1=O,-5.95
5458,CC(C)C[C@H]1C(=O)N2CCC[C@H]2C(=O)N(C)[C@H](CC(C)C)C(=O)N[C@@H](Cc2ccccc2)C(=O)N2CCC[C@H]2C(=O)N[C@@H](C)C(=O)N[C@H](CC(C)C)C(=O)N1C,-5.6
5457,CC(C)C[C@@H]1NC(=O)[C@@H](CC(C)C)N(C)C(=O)[C@H](C)NC(=O)[C@@H]2CCCN2C(=O)[C@H](Cc2ccccc2)NC(=O)[C@@H](CC(C)C)N(C)C(=O)[C@@H]2CCCN2C1=O,-5.63
5456,CC(C)C[C@H]1C(=O)N[C@H](CC(C)C)C(=O)N2CCC[C@H]2C(=O)N(C)[C@H](CC(C)C)C(=O)N[C@@H](Cc2ccccc2)C(=O)N2CCC[C@H]2C(=O)N[C@@H](C)C(=O)N1C,-5.06
5455,CC(C)C[C@H]1C(=O)N2CCC[C@H]2C(=O)N[C@H](CC(C)C)C(=O)N[C@@H](Cc2ccccc2)C(=O)N2CCC[C@H]2C(=O)N[C@@H](C)C(=O)N(C)[C@H](CC(C)C)C(=O)N1C,-5.77
5454,CC(C)C[C@@H]1NC(=O)[C@@H]2CCCN2C(=O)[C@@H](CC(C)C)N(C)C(=O)[C@@H](CC(C)C)N(C)C(=O)[C@H](C)NC(=O)[C@@H]2CCCN2C(=O)[C@H](Cc2ccccc2)NC1=O,-5.73
5453,CC(C)C[C@@H]1NC(=O)[C@H](C)NC(=O)[C@@H]2CCCN2C(=O)[C@H](Cc2ccccc2)NC(=O)[C@@H](CC(C)C)N(C)C(=O)[C@@H]2CCCN2C(=O)[C@@H](CC(C)C)N(C)C1=O,-5.74
5452,CC(C)C[C@H]1C(=O)N[C@@H](Cc2ccccc2)C(=O)N2CCC[C@H]2C(=O)N[C@@H](C)C(=O)N(C)[C@H](CC(C)C)C(=O)N[C@H](CC(C)C)C(=O)N2CCC[C@H]2C(=O)N1C,-5.88
5451,CC(C)C[C@H]1NC(=O)[C@@H]2CCCN2C(=O)[C@@H](CC(C)C)N(C)C(=O)[C@@H](CC(C)C)N(C)C(=O)[C@H](C)NC(=O)[C@@H]2CCCN2C(=O)[C@H](Cc2ccccc2)NC1=O,-5.7
5450,CC(C)C[C@H]1NC(=O)[C@@H](CC(C)C)N(C)C(=O)[C@H](C)NC(=O)[C@@H]2CCCN2C(=O)[C@H](Cc2ccccc2)NC(=O)[C@@H](CC(C)C)N(C)C(=O)[C@@H]2CCCN2C1=O,-5.64
5449,CC(C)C[C@@H]1NC(=O)[C@H](C)NC(=O)[C@@H]2CCCN2C(=O)[C@H](Cc2ccccc2)NC(=O)[C@H](CC(C)C)N(C)C(=O)[C@@H]2CCCN2C(=O)[C@H](CC(C)C)NC1=O,-5.54
5448,CC(C)C[C@@H]1NC(=O)[C@H](C)NC(=O)[C@@H]2CCCN2C(=O)[C@H](Cc2ccccc2)NC(=O)[C@@H](CC(C)C)N(C)C(=O)[C@@H]2CCCN2C(=O)[C@H](CC(C)C)NC1=O,-5.45
5447,CC(C)C[C@@H]1NC(=O)[C@H](CC(C)C)N(C)C(=O)[C@H](C)NC(=O)[C@@H]2CCCN2C(=O)[C@H](Cc2ccccc2)NC(=O)[C@@H](CC(C)C)NC(=O)[C@@H]2CCCN2C1=O,-6.14
5446,CC(C)C[C@@H]1NC(=O)[C@@H]2CCCN2C(=O)[C@H](CC(C)C)N(C)C(=O)[C@@H](CC(C)C)NC(=O)[C@H](C)NC(=O)[C@@H]2CCCN2C(=O)[C@H](Cc2ccccc2)NC1=O,-5.83
5445,CC(C)C[C@@H]1NC(=O)[C@H](C)NC(=O)[C@@H]2CCCN2C(=O)[C@H](Cc2ccccc2)NC(=O)[C@H](CC(C)C)N(C)C(=O)[C@@H]2CCCN2C(=O)[C@@H](CC(C)C)NC1=O,-6.26
5443,CC(C)C[C@@H]1NC(=O)[C@H](C)NC(=O)[C@@H]2CCCN2C(=O)[C@H](Cc2ccccc2)NC(=O)[C@@H](CC(C)C)N(C)C(=O)[C@@H]2CCCN2C(=O)[C@@H](CC(C)C)NC1=O,-5.83
5442,CC(C)C[C@@H]1NC(=O)[C@@H](CC(C)C)NC(=O)[C@H](C)NC(=O)[C@@H]2CCCN2C(=O)[C@H](Cc2ccccc2)NC(=O)[C@@H](CC(C)C)N(C)C(=O)[C@@H]2CCCN2C1=O,-5.65
5441,CC(C)C[C@H]1C(=O)N2CCC[C@H]2C(=O)N[C@H](CC(C)C)C(=O)N[C@@H](Cc2ccccc2)C(=O)N2CCC[C@H]2C(=O)N[C@@H](C)C(=O)N[C@H](CC(C)C)C(=O)N1C,-5.81
5440,CC(C)C[C@@H]1NC(=O)[C@@H](CC(C)C)N(C)C(=O)[C@H](C)NC(=O)[C@@H]2CCCN2C(=O)[C@H](Cc2ccccc2)NC(=O)[C@@H](CC(C)C)NC(=O)[C@@H]2CCCN2C1=O,-5.92
5439,CC(C)C[C@@H]1NC(=O)[C@@H]2CCCN2C(=O)[C@@H](CC(C)C)NC(=O)[C@@H](CC(C)C)N(C)C(=O)[C@H](C)NC(=O)[C@@H]2CCCN2C(=O)[C@H](Cc2ccccc2)NC1=O,-5.92
5438,CC(C)C[C@@H]1NC(=O)[C@H](C)NC(=O)[C@@H]2CCCN2C(=O)[C@H](Cc2ccccc2)NC(=O)[C@@H](CC(C)C)NC(=O)[C@@H]2CCCN2C(=O)[C@@H](CC(C)C)N(C)C1=O,-5.92
5437,CC(C)C[C@H]1C(=O)N[C@H](CC(C)C)C(=O)N2CCC[C@H]2C(=O)N[C@H](CC(C)C)C(=O)N[C@@H](Cc2ccccc2)C(=O)N2CCC[C@H]2C(=O)N[C@@H](C)C(=O)N1C,-5.86
5436,CC(C)C[C@H]1C(=O)N[C@@H](Cc2ccccc2)C(=O)N2CCC[C@H]2C(=O)N[C@@H](C)C(=O)N[C@H](CC(C)C)C(=O)N[C@H](CC(C)C)C(=O)N2CCC[C@H]2C(=O)N1C,-6.86
5435,CC(C)C[C@H]1NC(=O)[C@H](C)NC(=O)[C@@H]2CCCN2C(=O)[C@H](Cc2ccccc2)NC(=O)[C@@H](CC(C)C)N(C)C(=O)[C@@H]2CCCN2C(=O)[C@@H](CC(C)C)NC1=O,-5.29
5434,CC(C)C[C@H]1NC(=O)[C@@H]2CCCN2C(=O)[C@@H](CC(C)C)NC(=O)[C@@H](CC(C)C)N(C)C(=O)[C@H](C)NC(=O)[C@@H]2CCCN2C(=O)[C@H](Cc2ccccc2)NC1=O,-6.18
5433,CC(C)C[C@@H]1NC(=O)[C@H](C)NC(=O)[C@@H]2CCCN2C(=O)[C@H](Cc2ccccc2)NC(=O)[C@H](CC(C)C)NC(=O)[C@@H]2CCCN2C(=O)[C@H](CC(C)C)NC1=O,-7.26
5432,CC(C)C[C@@H]1NC(=O)[C@H](C)NC(=O)[C@@H]2CCCN2C(=O)[C@H](Cc2ccccc2)NC(=O)[C@@H](CC(C)C)NC(=O)[C@@H]2CCCN2C(=O)[C@H](CC(C)C)NC1=O,-6.18
5431,CC(C)C[C@@H]1NC(=O)[C@H](C)NC(=O)[C@@H]2CCCN2C(=O)[C@H](Cc2ccccc2)NC(=O)[C@H](CC(C)C)NC(=O)[C@@H]2CCCN2C(=O)[C@@H](CC(C)C)NC1=O,-6.08
5430,CC(C)C[C@@H]1NC(=O)[C@@H](CC(C)C)NC(=O)[C@H](C)NC(=O)[C@@H]2CCCN2C(=O)[C@H](Cc2ccccc2)NC(=O)[C@@H](CC(C)C)NC(=O)[C@@H]2CCCN2C1=O,-6.18
5429,CC(C)C[C@@H]1NC(=O)[C@H](C)NC(=O)[C@@H]2CCCN2C(=O)[C@H](Cc2ccccc2)NC(=O)[C@@H](CC(C)C)NC(=O)[C@@H]2CCCN2C(=O)[C@@H](CC(C)C)NC1=O,-6.15
5427,CC(C)C[C@H]1NC(=O)[C@H](C)NC(=O)[C@@H]2CCCN2C(=O)[C@H](Cc2ccccc2)NC(=O)[C@@H](CC(C)C)NC(=O)[C@@H]2CCCN2C(=O)[C@@H](CC(C)C)NC1=O,-7.08
5422,CC(C)C[C@H]1C(=O)N[C@@H](Cc2ccccc2)CC(=O)N2CCC[C@@H]2C(=O)N(C)[C@@H](CC(C)C)C(=O)N[C@@H](Cc2ccccc2)C(=O)N2CCC[C@H]2C(=O)N[C@@H](Cc2ccccc2)CC(=O)N1C,-5.56
5420,CC(C)C[C@H]1C(=O)N[C@@H](Cc2ccccc2)CC(=O)N2CCC[C@@H]2C(=O)N(C)[C@H](CC(C)C)C(=O)N[C@@H](Cc2ccccc2)C(=O)N2CCC[C@H]2C(=O)N[C@@H](Cc2ccccc2)CC(=O)N1C,-5.73
5419,CC(C)C[C@@H]1C(=O)N[C@@H](Cc2ccccc2)CC(=O)N2CCC[C@@H]2C(=O)N(C)[C@H](CC(C)C)C(=O)N[C@@H](Cc2ccccc2)C(=O)N2CCC[C@H]2C(=O)N[C@@H](Cc2ccccc2)CC(=O)N1C,-5.69
5415,CC(C)C[C@@H]1NC(=O)[C@H]2CCCN2C(=O)C[C@H](Cc2ccccc2)NC(=O)[C@H](CC(C)C)N(C)C(=O)C[C@H](Cc2ccccc2)NC(=O)[C@@H]2CCCN2C(=O)[C@H](Cc2ccccc2)NC1=O,-5.49
5410,CC(C)C[C@H]1C(=O)N[C@@H](Cc2ccccc2)C(=O)N2CCC[C@H]2C(=O)N[C@@H](Cc2ccccc2)CC(=O)N[C@H](CC(C)C)C(=O)N[C@@H](Cc2ccccc2)CC(=O)N2CCC[C@@H]2C(=O)N1C,-5.71
5409,CC(C)C[C@H]1NC(=O)C[C@H](Cc2ccccc2)NC(=O)[C@@H]2CCCN2C(=O)[C@H](Cc2ccccc2)NC(=O)[C@@H](CC(C)C)N(C)C(=O)[C@H]2CCCN2C(=O)C[C@H](Cc2ccccc2)NC1=O,-5.61
5408,CC(C)C[C@H]1NC(=O)[C@H]2CCCN2C(=O)C[C@H](Cc2ccccc2)NC(=O)[C@@H](CC(C)C)N(C)C(=O)C[C@H](Cc2ccccc2)NC(=O)[C@@H]2CCCN2C(=O)[C@H](Cc2ccccc2)NC1=O,-5.69
5405,CC(C)C[C@H]1C(=O)N(C)[C@@H](CC(C)C)C(=O)N2CCC[C@@H]2C(=O)N(C)[C@@H](CC(C)C)C(=O)N[C@@H](Cc2ccccc2)C(=O)N2CCC[C@H]2C(=O)N[C@@H](Cc2ccccc2)CC(=O)N1C,-5.5
5397,CC(C)C[C@@H]1NC(=O)[C@H]2CCCN2C(=O)C[C@H](Cc2ccccc2)NC(=O)[C@@H](CC(C)C)NC(=O)C[C@H](Cc2ccccc2)NC(=O)[C@@H]2CCCN2C(=O)[C@H](Cc2ccccc2)NC1=O,-5.57
5395,CC(C)C[C@H]1C(=O)N(C)[C@@H](CC(C)C)C(=O)N2CCC[C@@H]2C(=O)N(C)[C@H](CC(C)C)C(=O)N[C@@H](Cc2ccccc2)C(=O)N2CCC[C@H]2C(=O)N[C@@H](Cc2ccccc2)CC(=O)N1C,-5.21
5390,CC(C)C[C@H]1NC(=O)C[C@H](Cc2ccccc2)NC(=O)[C@@H]2CCCN2C(=O)[C@H](Cc2ccccc2)NC(=O)[C@@H](CC(C)C)NC(=O)[C@H]2CCCN2C(=O)C[C@H](Cc2ccccc2)NC1=O,-5.71
5389,CC(C)C[C@H]1C(=O)N(C)[C@H](CC(C)C)C(=O)N2CCC[C@@H]2C(=O)N(C)[C@H](CC(C)C)C(=O)N[C@@H](Cc2ccccc2)C(=O)N2CCC[C@H]2C(=O)N[C@@H](Cc2ccccc2)CC(=O)N1C,-5.62
5388,CC(C)C[C@H]1C(=O)N2CCC[C@@H]2C(=O)N(C)[C@H](CC(C)C)C(=O)N[C@@H](Cc2ccccc2)C(=O)N2CCC[C@H]2C(=O)N[C@@H](Cc2ccccc2)CC(=O)N(C)[C@H](CC(C)C)C(=O)N1C,-5.48
5387,CC(C)C[C@@H]1C(=O)N(C)[C@H](CC(C)C)C(=O)N2CCC[C@@H]2C(=O)N(C)[C@H](CC(C)C)C(=O)N[C@@H](Cc2ccccc2)C(=O)N2CCC[C@H]2C(=O)N[C@@H](Cc2ccccc2)CC(=O)N1C,-5.26
5385,CC(C)C[C@@H]1NC(=O)[C@H](CC(C)C)N(C)C(=O)C[C@H](Cc2ccccc2)NC(=O)[C@@H]2CCCN2C(=O)[C@H](Cc2ccccc2)NC(=O)[C@H](CC(C)C)N(C)C(=O)[C@H]2CCCN2C1=O,-5.37
5384,CC(C)C[C@@H]1NC(=O)C[C@H](Cc2ccccc2)NC(=O)[C@@H]2CCCN2C(=O)[C@H](Cc2ccccc2)NC(=O)[C@H](CC(C)C)N(C)C(=O)[C@H]2CCCN2C(=O)[C@H](CC(C)C)N(C)C1=O,-5.33
5380,CC(C)C[C@@H]1NC(=O)[C@@H](CC(C)C)N(C)C(=O)C[C@H](Cc2ccccc2)NC(=O)[C@@H]2CCCN2C(=O)[C@H](Cc2ccccc2)NC(=O)[C@H](CC(C)C)N(C)C(=O)[C@H]2CCCN2C1=O,-5.37
5379,CC(C)C[C@@H]1NC(=O)C[C@H](Cc2ccccc2)NC(=O)[C@@H]2CCCN2C(=O)[C@H](Cc2ccccc2)NC(=O)[C@H](CC(C)C)N(C)C(=O)[C@H]2CCCN2C(=O)[C@@H](CC(C)C)N(C)C1=O,-5.2
5378,CC(C)C[C@@H]1NC(=O)[C@H](CC(C)C)N(C)C(=O)C[C@H](Cc2ccccc2)NC(=O)[C@@H]2CCCN2C(=O)[C@H](Cc2ccccc2)NC(=O)[C@@H](CC(C)C)N(C)C(=O)[C@H]2CCCN2C1=O,-5.56
5377,CC(C)C[C@@H]1NC(=O)C[C@H](Cc2ccccc2)NC(=O)[C@@H]2CCCN2C(=O)[C@H](Cc2ccccc2)NC(=O)[C@@H](CC(C)C)N(C)C(=O)[C@H]2CCCN2C(=O)[C@H](CC(C)C)N(C)C1=O,-5.42
5375,CC(C)C[C@H]1C(=O)N[C@@H](Cc2ccccc2)C(=O)N2CCC[C@H]2C(=O)N[C@@H](Cc2ccccc2)CC(=O)N(C)[C@H](CC(C)C)C(=O)N[C@H](CC(C)C)C(=O)N2CCC[C@@H]2C(=O)N1C,-5.45
5374,CC(C)C[C@@H]1NC(=O)[C@@H](CC(C)C)N(C)C(=O)C[C@H](Cc2ccccc2)NC(=O)[C@@H]2CCCN2C(=O)[C@H](Cc2ccccc2)NC(=O)[C@@H](CC(C)C)N(C)C(=O)[C@H]2CCCN2C1=O,-5.75
5373,CC(C)C[C@H]1C(=O)N2CCC[C@@H]2C(=O)N[C@H](CC(C)C)C(=O)N[C@@H](Cc2ccccc2)C(=O)N2CCC[C@H]2C(=O)N[C@@H](Cc2ccccc2)CC(=O)N(C)[C@H](CC(C)C)C(=O)N1C,-5.65
5372,CC(C)C[C@H]1C(=O)N[C@H](CC(C)C)C(=O)N2CCC[C@@H]2C(=O)N(C)[C@H](CC(C)C)C(=O)N[C@@H](Cc2ccccc2)C(=O)N2CCC[C@H]2C(=O)N[C@@H](Cc2ccccc2)CC(=O)N1C,-5.41
5370,CC(C)C[C@@H]1NC(=O)C[C@H](Cc2ccccc2)NC(=O)[C@@H]2CCCN2C(=O)[C@H](Cc2ccccc2)NC(=O)[C@@H](CC(C)C)N(C)C(=O)[C@H]2CCCN2C(=O)[C@@H](CC(C)C)N(C)C1=O,-5.47
5369,CC(C)C[C@H]1NC(=O)[C@@H](CC(C)C)N(C)C(=O)C[C@H](Cc2ccccc2)NC(=O)[C@@H]2CCCN2C(=O)[C@H](Cc2ccccc2)NC(=O)[C@@H](CC(C)C)N(C)C(=O)[C@H]2CCCN2C1=O,-5.32
5367,CC(C)C[C@@H]1NC(=O)C[C@H](Cc2ccccc2)NC(=O)[C@@H]2CCCN2C(=O)[C@H](Cc2ccccc2)NC(=O)[C@H](CC(C)C)N(C)C(=O)[C@H]2CCCN2C(=O)[C@H](CC(C)C)NC1=O,-5.33
5366,CC(C)C[C@@H]1NC(=O)[C@H](CC(C)C)N(C)C(=O)C[C@H](Cc2ccccc2)NC(=O)[C@@H]2CCCN2C(=O)[C@H](Cc2ccccc2)NC(=O)[C@@H](CC(C)C)NC(=O)[C@H]2CCCN2C1=O,-5.46
5365,CC(C)C[C@@H]1NC(=O)[C@H]2CCCN2C(=O)[C@H](CC(C)C)N(C)C(=O)[C@@H](CC(C)C)NC(=O)C[C@H](Cc2ccccc2)NC(=O)[C@@H]2CCCN2C(=O)[C@H](Cc2ccccc2)NC1=O,-5.39
5364,CC(C)C[C@@H]1NC(=O)[C@@H](CC(C)C)NC(=O)C[C@H](Cc2ccccc2)NC(=O)[C@@H]2CCCN2C(=O)[C@H](Cc2ccccc2)NC(=O)[C@H](CC(C)C)N(C)C(=O)[C@H]2CCCN2C1=O,-5.56
5363,CC(C)C[C@@H]1NC(=O)C[C@H](Cc2ccccc2)NC(=O)[C@@H]2CCCN2C(=O)[C@H](Cc2ccccc2)NC(=O)[C@H](CC(C)C)N(C)C(=O)[C@H]2CCCN2C(=O)[C@@H](CC(C)C)NC1=O,-5.39
5362,CC(C)C[C@@H]1NC(=O)[C@@H](CC(C)C)N(C)C(=O)C[C@H](Cc2ccccc2)NC(=O)[C@@H]2CCCN2C(=O)[C@H](Cc2ccccc2)NC(=O)[C@@H](CC(C)C)NC(=O)[C@H]2CCCN2C1=O,-5.57
5361,CC(C)C[C@H]1C(=O)N2CCC[C@@H]2C(=O)N[C@H](CC(C)C)C(=O)N[C@@H](Cc2ccccc2)C(=O)N2CCC[C@H]2C(=O)N[C@@H](Cc2ccccc2)CC(=O)N[C@H](CC(C)C)C(=O)N1C,-5.58
5360,CC(C)C[C@@H]1NC(=O)[C@H]2CCCN2C(=O)[C@@H](CC(C)C)NC(=O)[C@@H](CC(C)C)N(C)C(=O)C[C@H](Cc2ccccc2)NC(=O)[C@@H]2CCCN2C(=O)[C@H](Cc2ccccc2)NC1=O,-5.57
5359,CC(C)C[C@@H]1NC(=O)C[C@H](Cc2ccccc2)NC(=O)[C@@H]2CCCN2C(=O)[C@H](Cc2ccccc2)NC(=O)[C@@H](CC(C)C)N(C)C(=O)[C@H]2CCCN2C(=O)[C@@H](CC(C)C)NC1=O,-5.12
5358,CC(C)C[C@@H]1NC(=O)C[C@H](Cc2ccccc2)NC(=O)[C@@H]2CCCN2C(=O)[C@H](Cc2ccccc2)NC(=O)[C@@H](CC(C)C)NC(=O)[C@H]2CCCN2C(=O)[C@@H](CC(C)C)N(C)C1=O,-5.49
5357,CC(C)C[C@@H]1NC(=O)[C@@H](CC(C)C)NC(=O)C[C@H](Cc2ccccc2)NC(=O)[C@@H]2CCCN2C(=O)[C@H](Cc2ccccc2)NC(=O)[C@@H](CC(C)C)N(C)C(=O)[C@H]2CCCN2C1=O,-5.43
5355,CC(C)C[C@H]1NC(=O)C[C@H](Cc2ccccc2)NC(=O)[C@@H]2CCCN2C(=O)[C@H](Cc2ccccc2)NC(=O)[C@@H](CC(C)C)N(C)C(=O)[C@H]2CCCN2C(=O)[C@@H](CC(C)C)NC1=O,-5.47
5354,CC(C)C[C@@H]1NC(=O)[C@H]2CCCN2C(=O)[C@H](CC(C)C)NC(=O)[C@@H](CC(C)C)NC(=O)C[C@H](Cc2ccccc2)NC(=O)[C@@H]2CCCN2C(=O)[C@H](Cc2ccccc2)NC1=O,-5.33
5353,CC(C)C[C@@H]1NC(=O)[C@@H](CC(C)C)NC(=O)C[C@H](Cc2ccccc2)NC(=O)[C@@H]2CCCN2C(=O)[C@H](Cc2ccccc2)NC(=O)[C@@H](CC(C)C)NC(=O)[C@H]2CCCN2C1=O,-5.5
5352,CC(C)C[C@@H]1NC(=O)[C@H]2CCCN2C(=O)[C@@H](CC(C)C)NC(=O)[C@@H](CC(C)C)NC(=O)C[C@H](Cc2ccccc2)NC(=O)[C@@H]2CCCN2C(=O)[C@H](Cc2ccccc2)NC1=O,-5.76
5350,CCCN1CC(=O)N(Cc2ccccc2)CC(=O)N(Cc2ccccc2)CC(=O)N2CCC[C@H]2C(=O)N(Cc2ccccc2)CC(=O)N[C@@H](Cc2ccccc2)C(=O)N2CCC[C@H]2C1=O,-5.78
5343,CCCN1CC(=O)N(C)[C@@H](CC(C)C)C(=O)N[C@@H](Cc2ccccc2)CC(=O)N2CCC[C@H]2C(=O)N(C)[C@@H](CC(C)C)C(=O)N[C@@H](Cc2ccccc2)C(=O)N2CCC[C@H]2C1=O,-5.2
5342,CCCN1CC(=O)N(Cc2ccccc2)CC(=O)N(Cc2ccccc2)CC(=O)N2CCC[C@H]2C(=O)N(C)[C@H](CC(C)C)C(=O)N[C@@H](Cc2ccccc2)C(=O)N2CCC[C@H]2C1=O,-6.16
5340,CCCN1CC(=O)N(C)[C@H](CC(C)C)C(=O)N[C@@H](Cc2ccccc2)CC(=O)N2CCC[C@H]2C(=O)N(C)[C@@H](CC(C)C)C(=O)N[C@@H](Cc2ccccc2)C(=O)N2CCC[C@H]2C1=O,-5.33
5339,CCCN1CC(=O)N(C)[C@@H](CC(C)C)C(=O)N[C@@H](Cc2ccccc2)CC(=O)N2CCC[C@H]2C(=O)N(C)[C@H](CC(C)C)C(=O)N[C@@H](Cc2ccccc2)C(=O)N2CCC[C@H]2C1=O,-5.67
5338,CCCN1CC(=O)N(C)[C@H](CC(C)C)C(=O)N[C@@H](Cc2ccccc2)CC(=O)N2CCC[C@H]2C(=O)N(C)[C@H](CC(C)C)C(=O)N[C@@H](Cc2ccccc2)C(=O)N2CCC[C@H]2C1=O,-5.61
5337,CCCN1CC(=O)N(C)[C@@H](CC(C)C)C(=O)N(C)[C@@H](CC(C)C)C(=O)N2CCC[C@H]2C(=O)N(Cc2ccccc2)CC(=O)N[C@@H](Cc2ccccc2)C(=O)N2CCC[C@H]2C1=O,-5.39
5336,CCCN1CC(=O)N[C@@H](CC(C)C)C(=O)N[C@@H](Cc2ccccc2)CC(=O)N2CCC[C@H]2C(=O)N(C)[C@@H](CC(C)C)C(=O)N[C@@H](Cc2ccccc2)C(=O)N2CCC[C@H]2C1=O,-5.76
5335,CCCN1CC(=O)N(Cc2ccccc2)CC(=O)N(C)[C@@H](CC(C)C)C(=O)N2CCC[C@H]2C(=O)N(C)[C@@H](CC(C)C)C(=O)N[C@@H](Cc2ccccc2)C(=O)N2CCC[C@H]2C1=O,-5.21
5334,CCCN1CC(=O)N(C)[C@@H](CC(C)C)C(=O)N(Cc2ccccc2)CC(=O)N2CCC[C@H]2C(=O)N(C)[C@@H](CC(C)C)C(=O)N[C@@H](Cc2ccccc2)C(=O)N2CCC[C@H]2C1=O,-5.31
5333,CCCN1CC(=O)N(C)[C@@H](CC(C)C)C(=O)N[C@@H](Cc2ccccc2)CC(=O)N2CCC[C@H]2C(=O)N[C@@H](CC(C)C)C(=O)N[C@@H](Cc2ccccc2)C(=O)N2CCC[C@H]2C1=O,-5.71
5332,CCCN1CC(=O)N[C@H](CC(C)C)C(=O)N(Cc2ccccc2)CC(=O)N2CCC[C@H]2C(=O)N(Cc2ccccc2)CC(=O)N[C@@H](Cc2ccccc2)C(=O)N2CCC[C@H]2C1=O,-5.81
5331,CCCN1CC(=O)N(Cc2ccccc2)CC(=O)N(Cc2ccccc2)CC(=O)N2CCC[C@H]2C(=O)N[C@H](CC(C)C)C(=O)N[C@@H](Cc2ccccc2)C(=O)N2CCC[C@H]2C1=O,-6.15
5330,CCCN1CC(=O)N(C)[C@H](CC(C)C)C(=O)N(C)[C@@H](CC(C)C)C(=O)N2CCC[C@H]2C(=O)N(Cc2ccccc2)CC(=O)N[C@@H](Cc2ccccc2)C(=O)N2CCC[C@H]2C1=O,-5.39
5329,CCCN1CC(=O)N(C)[C@H](CC(C)C)C(=O)N(Cc2ccccc2)CC(=O)N2CCC[C@H]2C(=O)N(C)[C@@H](CC(C)C)C(=O)N[C@@H](Cc2ccccc2)C(=O)N2CCC[C@H]2C1=O,-5.3
5328,CCCN1CC(=O)N[C@H](CC(C)C)C(=O)N[C@@H](Cc2ccccc2)CC(=O)N2CCC[C@H]2C(=O)N(C)[C@@H](CC(C)C)C(=O)N[C@@H](Cc2ccccc2)C(=O)N2CCC[C@H]2C1=O,-5.5
5327,CCCN1CC(=O)N(C)[C@H](CC(C)C)C(=O)N[C@@H](Cc2ccccc2)CC(=O)N2CCC[C@H]2C(=O)N[C@@H](CC(C)C)C(=O)N[C@@H](Cc2ccccc2)C(=O)N2CCC[C@H]2C1=O,-5.73
5326,CCCN1CC(=O)N(C)[C@H](CC(C)C)C(=O)N(Cc2ccccc2)CC(=O)N2CCC[C@H]2C(=O)N(C)[C@H](CC(C)C)C(=O)N[C@@H](Cc2ccccc2)C(=O)N2CCC[C@H]2C1=O,-5.61
5325,CCCN1CC(=O)N[C@H](CC(C)C)C(=O)N[C@@H](Cc2ccccc2)CC(=O)N2CCC[C@H]2C(=O)N(C)[C@H](CC(C)C)C(=O)N[C@@H](Cc2ccccc2)C(=O)N2CCC[C@H]2C1=O,-5.77
5324,CCCN1CC(=O)N(C)[C@H](CC(C)C)C(=O)N[C@@H](Cc2ccccc2)CC(=O)N2CCC[C@H]2C(=O)N[C@H](CC(C)C)C(=O)N[C@@H](Cc2ccccc2)C(=O)N2CCC[C@H]2C1=O,-5.4
5323,CCCN1CC(=O)N(Cc2ccccc2)CC(=O)N[C@@H](CC(C)C)C(=O)N2CCC[C@H]2C(=O)N(C)[C@@H](CC(C)C)C(=O)N[C@@H](Cc2ccccc2)C(=O)N2CCC[C@H]2C1=O,-5.37
5322,CCCN1CC(=O)N[C@@H](CC(C)C)C(=O)N(Cc2ccccc2)CC(=O)N2CCC[C@H]2C(=O)N(C)[C@@H](CC(C)C)C(=O)N[C@@H](Cc2ccccc2)C(=O)N2CCC[C@H]2C1=O,-5.42
5321,CCCN1CC(=O)N(Cc2ccccc2)CC(=O)N(C)[C@@H](CC(C)C)C(=O)N2CCC[C@H]2C(=O)N[C@@H](CC(C)C)C(=O)N[C@@H](Cc2ccccc2)C(=O)N2CCC[C@H]2C1=O,-5.69
5320,CCCN1CC(=O)N[C@@H](CC(C)C)C(=O)N(C)[C@H](CC(C)C)C(=O)N2CCC[C@H]2C(=O)N(Cc2ccccc2)CC(=O)N[C@@H](Cc2ccccc2)C(=O)N2CCC[C@H]2C1=O,-5.83
5319,CCCN1CC(=O)N[C@H](CC(C)C)C(=O)N(C)[C@@H](CC(C)C)C(=O)N2CCC[C@H]2C(=O)N(Cc2ccccc2)CC(=O)N[C@@H](Cc2ccccc2)C(=O)N2CCC[C@H]2C1=O,-5.49
5318,CCCN1CC(=O)N(C)[C@@H](CC(C)C)C(=O)N[C@H](CC(C)C)C(=O)N2CCC[C@H]2C(=O)N(Cc2ccccc2)CC(=O)N[C@@H](Cc2ccccc2)C(=O)N2CCC[C@H]2C1=O,-5.3
5317,CCCN1CC(=O)N[C@@H](CC(C)C)C(=O)N(Cc2ccccc2)CC(=O)N2CCC[C@H]2C(=O)N(C)[C@H](CC(C)C)C(=O)N[C@@H](Cc2ccccc2)C(=O)N2CCC[C@H]2C1=O,-5.41
5316,CCCN1CC(=O)N(Cc2ccccc2)CC(=O)N[C@H](CC(C)C)C(=O)N2CCC[C@H]2C(=O)N(C)[C@@H](CC(C)C)C(=O)N[C@@H](Cc2ccccc2)C(=O)N2CCC[C@H]2C1=O,-5.4
5315,CCCN1CC(=O)N(C)[C@H](CC(C)C)C(=O)N(Cc2ccccc2)CC(=O)N2CCC[C@H]2C(=O)N[C@@H](CC(C)C)C(=O)N[C@@H](Cc2ccccc2)C(=O)N2CCC[C@H]2C1=O,-5.9
5314,CCCN1CC(=O)N(Cc2ccccc2)CC(=O)N(C)[C@H](CC(C)C)C(=O)N2CCC[C@H]2C(=O)N[C@@H](CC(C)C)C(=O)N[C@@H](Cc2ccccc2)C(=O)N2CCC[C@H]2C1=O,-5.99
5313,CCCN1CC(=O)N[C@H](CC(C)C)C(=O)N[C@@H](Cc2ccccc2)CC(=O)N2CCC[C@H]2C(=O)N[C@@H](CC(C)C)C(=O)N[C@@H](Cc2ccccc2)C(=O)N2CCC[C@H]2C1=O,-6.22
5312,CCCN1CC(=O)N(C)[C@@H](CC(C)C)C(=O)N(C)[C@H](CC(C)C)C(=O)N2CCC[C@H]2C(=O)N(C)[C@@H](CC(C)C)C(=O)N[C@@H](Cc2ccccc2)C(=O)N2CCC[C@H]2C1=O,-5.04
5311,CCCN1CC(=O)N(C)[C@H](CC(C)C)C(=O)N(C)[C@@H](CC(C)C)C(=O)N2CCC[C@H]2C(=O)N(C)[C@@H](CC(C)C)C(=O)N[C@@H](Cc2ccccc2)C(=O)N2CCC[C@H]2C1=O,-5.08
5310,CCCN1CC(=O)N(C)[C@H](CC(C)C)C(=O)N[C@H](CC(C)C)C(=O)N2CCC[C@H]2C(=O)N(Cc2ccccc2)CC(=O)N[C@@H](Cc2ccccc2)C(=O)N2CCC[C@H]2C1=O,-5.21
5309,CCCN1CC(=O)N[C@H](CC(C)C)C(=O)N(Cc2ccccc2)CC(=O)N2CCC[C@H]2C(=O)N(C)[C@H](CC(C)C)C(=O)N[C@@H](Cc2ccccc2)C(=O)N2CCC[C@H]2C1=O,-5.87
5308,CCCN1CC(=O)N[C@H](CC(C)C)C(=O)N[C@@H](Cc2ccccc2)CC(=O)N2CCC[C@H]2C(=O)N[C@H](CC(C)C)C(=O)N[C@@H](Cc2ccccc2)C(=O)N2CCC[C@H]2C1=O,-6.1
5307,CCCN1CC(=O)N(C)[C@@H](CC(C)C)C(=O)N(C)[C@H](CC(C)C)C(=O)N2CCC[C@H]2C(=O)N(C)[C@H](CC(C)C)C(=O)N[C@@H](Cc2ccccc2)C(=O)N2CCC[C@H]2C1=O,-4.89
5306,CCCN1CC(=O)N(C)[C@H](CC(C)C)C(=O)N(C)[C@@H](CC(C)C)C(=O)N2CCC[C@H]2C(=O)N(C)[C@H](CC(C)C)C(=O)N[C@@H](Cc2ccccc2)C(=O)N2CCC[C@H]2C1=O,-5.41
5305,CCCN1CC(=O)N(C)[C@H](CC(C)C)C(=O)N(C)[C@H](CC(C)C)C(=O)N2CCC[C@H]2C(=O)N(C)[C@H](CC(C)C)C(=O)N[C@@H](Cc2ccccc2)C(=O)N2CCC[C@H]2C1=O,-5.42
5304,CCCN1CC(=O)N[C@@H](CC(C)C)C(=O)N[C@@H](CC(C)C)C(=O)N2CCC[C@H]2C(=O)N(Cc2ccccc2)CC(=O)N[C@@H](Cc2ccccc2)C(=O)N2CCC[C@H]2C1=O,-5.65
5303,CCCN1CC(=O)N(C)[C@@H](CC(C)C)C(=O)N[C@@H](CC(C)C)C(=O)N2CCC[C@H]2C(=O)N(C)[C@@H](CC(C)C)C(=O)N[C@@H](Cc2ccccc2)C(=O)N2CCC[C@H]2C1=O,-5.1
5302,CCCN1CC(=O)N[C@H](CC(C)C)C(=O)N[C@@H](CC(C)C)C(=O)N2CCC[C@H]2C(=O)N(Cc2ccccc2)CC(=O)N[C@@H](Cc2ccccc2)C(=O)N2CCC[C@H]2C1=O,-5.85
5301,CCCN1CC(=O)N[C@@H](CC(C)C)C(=O)N(Cc2ccccc2)CC(=O)N2CCC[C@H]2C(=O)N[C@H](CC(C)C)C(=O)N[C@@H](Cc2ccccc2)C(=O)N2CCC[C@H]2C1=O,-5.95
5300,CCCN1CC(=O)N[C@H](CC(C)C)C(=O)N(Cc2ccccc2)CC(=O)N2CCC[C@H]2C(=O)N[C@@H](CC(C)C)C(=O)N[C@@H](Cc2ccccc2)C(=O)N2CCC[C@H]2C1=O,-6.01
5298,CCCN1CC(=O)N(C)[C@@H](CC(C)C)C(=O)N[C@@H](CC(C)C)C(=O)N2CCC[C@H]2C(=O)N(C)[C@H](CC(C)C)C(=O)N[C@@H](Cc2ccccc2)C(=O)N2CCC[C@H]2C1=O,-5.17
5297,CCCN1CC(=O)N(C)[C@H](CC(C)C)C(=O)N[C@@H](CC(C)C)C(=O)N2CCC[C@H]2C(=O)N(C)[C@@H](CC(C)C)C(=O)N[C@@H](Cc2ccccc2)C(=O)N2CCC[C@H]2C1=O,-5.14
5296,CCCN1CC(=O)N[C@H](CC(C)C)C(=O)N(C)[C@@H](CC(C)C)C(=O)N2CCC[C@H]2C(=O)N(C)[C@@H](CC(C)C)C(=O)N[C@@H](Cc2ccccc2)C(=O)N2CCC[C@H]2C1=O,-5.2
5295,CCCN1CC(=O)N(C)[C@@H](CC(C)C)C(=O)N(C)[C@H](CC(C)C)C(=O)N2CCC[C@H]2C(=O)N[C@@H](CC(C)C)C(=O)N[C@@H](Cc2ccccc2)C(=O)N2CCC[C@H]2C1=O,-5.69
5294,CCCN1CC(=O)N(C)[C@H](CC(C)C)C(=O)N(C)[C@@H](CC(C)C)C(=O)N2CCC[C@H]2C(=O)N[C@@H](CC(C)C)C(=O)N[C@@H](Cc2ccccc2)C(=O)N2CCC[C@H]2C1=O,-6.22
5293,CCCN1CC(=O)N[C@@H](CC(C)C)C(=O)N(C)[C@@H](CC(C)C)C(=O)N2CCC[C@H]2C(=O)N(C)[C@H](CC(C)C)C(=O)N[C@@H](Cc2ccccc2)C(=O)N2CCC[C@H]2C1=O,-5.74
5292,CCCN1CC(=O)N[C@H](CC(C)C)C(=O)N[C@H](CC(C)C)C(=O)N2CCC[C@H]2C(=O)N(Cc2ccccc2)CC(=O)N[C@@H](Cc2ccccc2)C(=O)N2CCC[C@H]2C1=O,-5.76
5291,CCCN1CC(=O)N[C@H](CC(C)C)C(=O)N(Cc2ccccc2)CC(=O)N2CCC[C@H]2C(=O)N[C@H](CC(C)C)C(=O)N[C@@H](Cc2ccccc2)C(=O)N2CCC[C@H]2C1=O,-6.29
5290,CCCN1CC(=O)N[C@@H](CC(C)C)C(=O)N(C)[C@H](CC(C)C)C(=O)N2CCC[C@H]2C(=O)N(C)[C@H](CC(C)C)C(=O)N[C@@H](Cc2ccccc2)C(=O)N2CCC[C@H]2C1=O,-4.91
5289,CCCN1CC(=O)N(C)[C@H](CC(C)C)C(=O)N[C@@H](CC(C)C)C(=O)N2CCC[C@H]2C(=O)N(C)[C@H](CC(C)C)C(=O)N[C@@H](Cc2ccccc2)C(=O)N2CCC[C@H]2C1=O,-5.3
5288,CCCN1CC(=O)N(C)[C@H](CC(C)C)C(=O)N[C@H](CC(C)C)C(=O)N2CCC[C@H]2C(=O)N(C)[C@@H](CC(C)C)C(=O)N[C@@H](Cc2ccccc2)C(=O)N2CCC[C@H]2C1=O,-4.96
5287,CCCN1CC(=O)N[C@H](CC(C)C)C(=O)N(C)[C@@H](CC(C)C)C(=O)N2CCC[C@H]2C(=O)N(C)[C@H](CC(C)C)C(=O)N[C@@H](Cc2ccccc2)C(=O)N2CCC[C@H]2C1=O,-5.53
5286,CCCN1CC(=O)N(C)[C@@H](CC(C)C)C(=O)N(C)[C@H](CC(C)C)C(=O)N2CCC[C@H]2C(=O)N[C@H](CC(C)C)C(=O)N[C@@H](Cc2ccccc2)C(=O)N2CCC[C@H]2C1=O,-4.98
5284,CCCN1CC(=O)N(C)[C@H](CC(C)C)C(=O)N(C)[C@@H](CC(C)C)C(=O)N2CCC[C@H]2C(=O)N[C@H](CC(C)C)C(=O)N[C@@H](Cc2ccccc2)C(=O)N2CCC[C@H]2C1=O,-6.11
5283,CCCN1CC(=O)N(C)[C@H](CC(C)C)C(=O)N[C@H](CC(C)C)C(=O)N2CCC[C@H]2C(=O)N(C)[C@H](CC(C)C)C(=O)N[C@@H](Cc2ccccc2)C(=O)N2CCC[C@H]2C1=O,-5.04
5282,CCCN1CC(=O)N(C)[C@H](CC(C)C)C(=O)N(C)[C@H](CC(C)C)C(=O)N2CCC[C@H]2C(=O)N[C@H](CC(C)C)C(=O)N[C@@H](Cc2ccccc2)C(=O)N2CCC[C@H]2C1=O,-5.59
5281,CCCN1CC(=O)N[C@H](CC(C)C)C(=O)N(C)[C@H](CC(C)C)C(=O)N2CCC[C@H]2C(=O)N(C)[C@H](CC(C)C)C(=O)N[C@@H](Cc2ccccc2)C(=O)N2CCC[C@H]2C1=O,-5.23
5280,CCCN1CC(=O)N[C@@H](CC(C)C)C(=O)N[C@@H](CC(C)C)C(=O)N2CCC[C@H]2C(=O)N(C)[C@@H](CC(C)C)C(=O)N[C@@H](Cc2ccccc2)C(=O)N2CCC[C@H]2C1=O,-5.78
5279,CCCN1CC(=O)N(C)[C@@H](CC(C)C)C(=O)N[C@@H](CC(C)C)C(=O)N2CCC[C@H]2C(=O)N[C@@H](CC(C)C)C(=O)N[C@@H](Cc2ccccc2)C(=O)N2CCC[C@H]2C1=O,-5.72
5278,CCCN1CC(=O)N[C@@H](CC(C)C)C(=O)N(C)[C@@H](CC(C)C)C(=O)N2CCC[C@H]2C(=O)N[C@@H](CC(C)C)C(=O)N[C@@H](Cc2ccccc2)C(=O)N2CCC[C@H]2C1=O,-5.77
5277,CCCN1CC(=O)N[C@@H](CC(C)C)C(=O)N[C@H](CC(C)C)C(=O)N2CCC[C@H]2C(=O)N(C)[C@@H](CC(C)C)C(=O)N[C@@H](Cc2ccccc2)C(=O)N2CCC[C@H]2C1=O,-5.24
5276,CCCN1CC(=O)N[C@@H](CC(C)C)C(=O)N(C)[C@H](CC(C)C)C(=O)N2CCC[C@H]2C(=O)N[C@@H](CC(C)C)C(=O)N[C@@H](Cc2ccccc2)C(=O)N2CCC[C@H]2C1=O,-5.88
5275,CCCN1CC(=O)N(C)[C@@H](CC(C)C)C(=O)N[C@@H](CC(C)C)C(=O)N2CCC[C@H]2C(=O)N[C@H](CC(C)C)C(=O)N[C@@H](Cc2ccccc2)C(=O)N2CCC[C@H]2C1=O,-5.62
5274,CCCN1CC(=O)N[C@H](CC(C)C)C(=O)N[C@@H](CC(C)C)C(=O)N2CCC[C@H]2C(=O)N(C)[C@@H](CC(C)C)C(=O)N[C@@H](Cc2ccccc2)C(=O)N2CCC[C@H]2C1=O,-5.52
5273,CCCN1CC(=O)N(C)[C@@H](CC(C)C)C(=O)N[C@H](CC(C)C)C(=O)N2CCC[C@H]2C(=O)N[C@@H](CC(C)C)C(=O)N[C@@H](Cc2ccccc2)C(=O)N2CCC[C@H]2C1=O,-6.05
5272,CCCN1CC(=O)N[C@H](CC(C)C)C(=O)N(C)[C@@H](CC(C)C)C(=O)N2CCC[C@H]2C(=O)N[C@@H](CC(C)C)C(=O)N[C@@H](Cc2ccccc2)C(=O)N2CCC[C@H]2C1=O,-6.07
5271,CCCN1CC(=O)N[C@@H](CC(C)C)C(=O)N(C)[C@@H](CC(C)C)C(=O)N2CCC[C@H]2C(=O)N[C@H](CC(C)C)C(=O)N[C@@H](Cc2ccccc2)C(=O)N2CCC[C@H]2C1=O,-6.14
5270,CCCN1CC(=O)N[C@@H](CC(C)C)C(=O)N[C@H](CC(C)C)C(=O)N2CCC[C@H]2C(=O)N(C)[C@H](CC(C)C)C(=O)N[C@@H](Cc2ccccc2)C(=O)N2CCC[C@H]2C1=O,-5.32
5269,CCCN1CC(=O)N[C@H](CC(C)C)C(=O)N[C@@H](CC(C)C)C(=O)N2CCC[C@H]2C(=O)N(C)[C@H](CC(C)C)C(=O)N[C@@H](Cc2ccccc2)C(=O)N2CCC[C@H]2C1=O,-5.79
5268,CCCN1CC(=O)N[C@H](CC(C)C)C(=O)N(C)[C@H](CC(C)C)C(=O)N2CCC[C@H]2C(=O)N[C@@H](CC(C)C)C(=O)N[C@@H](Cc2ccccc2)C(=O)N2CCC[C@H]2C1=O,-5.58
5267,CCCN1CC(=O)N(C)[C@@H](CC(C)C)C(=O)N[C@H](CC(C)C)C(=O)N2CCC[C@H]2C(=O)N[C@H](CC(C)C)C(=O)N[C@@H](Cc2ccccc2)C(=O)N2CCC[C@H]2C1=O,-5.89
5266,CCCN1CC(=O)N[C@H](CC(C)C)C(=O)N[C@H](CC(C)C)C(=O)N2CCC[C@H]2C(=O)N(C)[C@H](CC(C)C)C(=O)N[C@@H](Cc2ccccc2)C(=O)N2CCC[C@H]2C1=O,-5.51
5265,CCCN1CC(=O)N(C)[C@H](CC(C)C)C(=O)N[C@H](CC(C)C)C(=O)N2CCC[C@H]2C(=O)N[C@H](CC(C)C)C(=O)N[C@@H](Cc2ccccc2)C(=O)N2CCC[C@H]2C1=O,-5.84
5264,CCCN1CC(=O)N[C@@H](CC(C)C)C(=O)N[C@@H](CC(C)C)C(=O)N2CCC[C@H]2C(=O)N[C@@H](CC(C)C)C(=O)N[C@@H](Cc2ccccc2)C(=O)N2CCC[C@H]2C1=O,-5.99
5263,CCCN1CC(=O)N[C@H](CC(C)C)C(=O)N[C@@H](CC(C)C)C(=O)N2CCC[C@H]2C(=O)N[C@@H](CC(C)C)C(=O)N[C@@H](Cc2ccccc2)C(=O)N2CCC[C@H]2C1=O,-6.4
5262,CCCN1CC(=O)N[C@@H](CC(C)C)C(=O)N[C@H](CC(C)C)C(=O)N2CCC[C@H]2C(=O)N[C@H](CC(C)C)C(=O)N[C@@H](Cc2ccccc2)C(=O)N2CCC[C@H]2C1=O,-5.89
5260,CCCN1CC(=O)N[C@H](CC(C)C)C(=O)N[C@H](CC(C)C)C(=O)N2CCC[C@H]2C(=O)N[C@H](CC(C)C)C(=O)N[C@@H](Cc2ccccc2)C(=O)N2CCC[C@H]2C1=O,-5.88
5254,CC(C)C[C@H]1C(=O)N[C@@H](Cc2ccccc2)CC(=O)N2CCC[C@H]2C(=O)N(C)[C@@H](CC(C)C)C(=O)N[C@@H](Cc2ccccc2)C(=O)N2CCC[C@H]2C(=O)N[C@@H](Cc2ccccc2)CC(=O)N1C,-5.58
5251,CC(C)C[C@H]1C(=O)N[C@@H](Cc2ccccc2)CC(=O)N2CCC[C@H]2C(=O)N(C)[C@H](CC(C)C)C(=O)N[C@@H](Cc2ccccc2)C(=O)N2CCC[C@H]2C(=O)N[C@@H](Cc2ccccc2)CC(=O)N1C,-5.97
5248,CC(C)C[C@@H]1NC(=O)C[C@H](Cc2ccccc2)NC(=O)[C@@H]2CCCN2C(=O)[C@H](Cc2ccccc2)NC(=O)[C@H](CC(C)C)N(C)C(=O)[C@@H]2CCCN2C(=O)C[C@H](Cc2ccccc2)NC1=O,-5.52
5247,CC(C)C[C@@H]1NC(=O)[C@@H]2CCCN2C(=O)C[C@H](Cc2ccccc2)NC(=O)[C@H](CC(C)C)N(C)C(=O)C[C@H](Cc2ccccc2)NC(=O)[C@@H]2CCCN2C(=O)[C@H](Cc2ccccc2)NC1=O,-5.69
5244,CC(C)C[C@@H]1NC(=O)[C@@H]2CCCN2C(=O)C[C@H](Cc2ccccc2)NC(=O)[C@@H](CC(C)C)N(C)C(=O)C[C@H](Cc2ccccc2)NC(=O)[C@@H]2CCCN2C(=O)[C@H](Cc2ccccc2)NC1=O,-5.37
5243,CC(C)C[C@H]1C(=O)N[C@@H](Cc2ccccc2)C(=O)N2CCC[C@H]2C(=O)N[C@@H](Cc2ccccc2)CC(=O)N[C@H](CC(C)C)C(=O)N[C@@H](Cc2ccccc2)CC(=O)N2CCC[C@H]2C(=O)N1C,-5.75
5242,CC(C)C[C@H]1NC(=O)C[C@H](Cc2ccccc2)NC(=O)[C@@H]2CCCN2C(=O)[C@H](Cc2ccccc2)NC(=O)[C@@H](CC(C)C)N(C)C(=O)[C@@H]2CCCN2C(=O)C[C@H](Cc2ccccc2)NC1=O,-6.53
5241,CC(C)C[C@H]1NC(=O)[C@@H]2CCCN2C(=O)C[C@H](Cc2ccccc2)NC(=O)[C@@H](CC(C)C)N(C)C(=O)C[C@H](Cc2ccccc2)NC(=O)[C@@H]2CCCN2C(=O)[C@H](Cc2ccccc2)NC1=O,-5.68
5236,CC(C)C[C@@H]1NC(=O)C[C@H](Cc2ccccc2)NC(=O)[C@@H]2CCCN2C(=O)[C@H](Cc2ccccc2)NC(=O)[C@H](CC(C)C)NC(=O)[C@@H]2CCCN2C(=O)C[C@H](Cc2ccccc2)NC1=O,-5.82
5235,CC(C)C[C@H]1C(=O)N(C)[C@@H](CC(C)C)C(=O)N2CCC[C@H]2C(=O)N(C)[C@@H](CC(C)C)C(=O)N[C@@H](Cc2ccccc2)C(=O)N2CCC[C@H]2C(=O)N[C@@H](Cc2ccccc2)CC(=O)N1C,-5.42
5229,CC(C)C[C@@H]1NC(=O)[C@@H]2CCCN2C(=O)C[C@H](Cc2ccccc2)NC(=O)[C@@H](CC(C)C)NC(=O)C[C@H](Cc2ccccc2)NC(=O)[C@@H]2CCCN2C(=O)[C@H](Cc2ccccc2)NC1=O,-5.77
5228,CC(C)C[C@@H]1NC(=O)C[C@H](Cc2ccccc2)NC(=O)[C@@H]2CCCN2C(=O)[C@H](Cc2ccccc2)NC(=O)[C@@H](CC(C)C)NC(=O)[C@@H]2CCCN2C(=O)C[C@H](Cc2ccccc2)NC1=O,-5.9
5227,CC(C)C[C@H]1C(=O)N(C)[C@@H](CC(C)C)C(=O)N2CCC[C@H]2C(=O)N(C)[C@H](CC(C)C)C(=O)N[C@@H](Cc2ccccc2)C(=O)N2CCC[C@H]2C(=O)N[C@@H](Cc2ccccc2)CC(=O)N1C,-5.56
5223,CC(C)C[C@H]1NC(=O)C[C@H](Cc2ccccc2)NC(=O)[C@@H]2CCCN2C(=O)[C@H](Cc2ccccc2)NC(=O)[C@@H](CC(C)C)NC(=O)[C@@H]2CCCN2C(=O)C[C@H](Cc2ccccc2)NC1=O,-5.75
5222,CC(C)C[C@H]1C(=O)N(C)[C@H](CC(C)C)C(=O)N2CCC[C@H]2C(=O)N(C)[C@H](CC(C)C)C(=O)N[C@@H](Cc2ccccc2)C(=O)N2CCC[C@H]2C(=O)N[C@@H](Cc2ccccc2)CC(=O)N1C,-5.25
5219,CC(C)C[C@@H]1NC(=O)[C@H](CC(C)C)N(C)C(=O)C[C@H](Cc2ccccc2)NC(=O)[C@@H]2CCCN2C(=O)[C@H](Cc2ccccc2)NC(=O)[C@H](CC(C)C)N(C)C(=O)[C@@H]2CCCN2C1=O,-5.74
5218,CC(C)C[C@@H]1NC(=O)C[C@H](Cc2ccccc2)NC(=O)[C@@H]2CCCN2C(=O)[C@H](Cc2ccccc2)NC(=O)[C@H](CC(C)C)N(C)C(=O)[C@@H]2CCCN2C(=O)[C@H](CC(C)C)N(C)C1=O,-5.28
5212,CC(C)C[C@H]1C(=O)N[C@@H](Cc2ccccc2)C(=O)N2CCC[C@H]2C(=O)N[C@@H](Cc2ccccc2)CC(=O)N[C@H](CC(C)C)C(=O)N(C)[C@@H](CC(C)C)C(=O)N2CCC[C@H]2C(=O)N1C,-5.84
5211,CC(C)C[C@@H]1NC(=O)[C@H](CC(C)C)N(C)C(=O)C[C@H](Cc2ccccc2)NC(=O)[C@@H]2CCCN2C(=O)[C@H](Cc2ccccc2)NC(=O)[C@@H](CC(C)C)N(C)C(=O)[C@@H]2CCCN2C1=O,-5.7
5210,CC(C)C[C@@H]1NC(=O)C[C@H](Cc2ccccc2)NC(=O)[C@@H]2CCCN2C(=O)[C@H](Cc2ccccc2)NC(=O)[C@H](CC(C)C)N(C)C(=O)[C@@H]2CCCN2C(=O)[C@@H](CC(C)C)N(C)C1=O,-5.17
5209,CC(C)C[C@@H]1NC(=O)C[C@H](Cc2ccccc2)NC(=O)[C@@H]2CCCN2C(=O)[C@H](Cc2ccccc2)NC(=O)[C@@H](CC(C)C)N(C)C(=O)[C@@H]2CCCN2C(=O)[C@H](CC(C)C)N(C)C1=O,-5.37
5205,CC(C)C[C@@H]1NC(=O)C[C@H](Cc2ccccc2)NC(=O)[C@@H]2CCCN2C(=O)[C@H](Cc2ccccc2)NC(=O)[C@@H](CC(C)C)N(C)C(=O)[C@@H]2CCCN2C(=O)[C@@H](CC(C)C)N(C)C1=O,-5.45
5204,CC(C)C[C@H]1C(=O)N[C@H](CC(C)C)C(=O)N2CCC[C@H]2C(=O)N(C)[C@H](CC(C)C)C(=O)N[C@@H](Cc2ccccc2)C(=O)N2CCC[C@H]2C(=O)N[C@@H](Cc2ccccc2)CC(=O)N1C,-5.5
5203,CC(C)C[C@H]1C(=O)N[C@@H](Cc2ccccc2)C(=O)N2CCC[C@H]2C(=O)N[C@@H](Cc2ccccc2)CC(=O)N(C)[C@H](CC(C)C)C(=O)N[C@H](CC(C)C)C(=O)N2CCC[C@H]2C(=O)N1C,-5.53
5201,CC(C)C[C@@H]1NC(=O)[C@@H](CC(C)C)N(C)C(=O)C[C@H](Cc2ccccc2)NC(=O)[C@@H]2CCCN2C(=O)[C@H](Cc2ccccc2)NC(=O)[C@@H](CC(C)C)N(C)C(=O)[C@@H]2CCCN2C1=O,-5.3
5200,CC(C)C[C@H]1NC(=O)[C@@H]2CCCN2C(=O)[C@@H](CC(C)C)N(C)C(=O)[C@@H](CC(C)C)N(C)C(=O)C[C@H](Cc2ccccc2)NC(=O)[C@@H]2CCCN2C(=O)[C@H](Cc2ccccc2)NC1=O,-5.31
5198,CC(C)C[C@@H]1NC(=O)C[C@H](Cc2ccccc2)NC(=O)[C@@H]2CCCN2C(=O)[C@H](Cc2ccccc2)NC(=O)[C@H](CC(C)C)N(C)C(=O)[C@@H]2CCCN2C(=O)[C@H](CC(C)C)NC1=O,-5.57
5197,CC(C)C[C@@H]1NC(=O)[C@@H]2CCCN2C(=O)[C@H](CC(C)C)N(C)C(=O)[C@H](CC(C)C)NC(=O)C[C@H](Cc2ccccc2)NC(=O)[C@@H]2CCCN2C(=O)[C@H](Cc2ccccc2)NC1=O,-6.3
5196,CC(C)C[C@@H]1NC(=O)[C@@H]2CCCN2C(=O)[C@H](CC(C)C)NC(=O)[C@@H](CC(C)C)N(C)C(=O)C[C@H](Cc2ccccc2)NC(=O)[C@@H]2CCCN2C(=O)[C@H](Cc2ccccc2)NC1=O,-5.8
5195,CC(C)C[C@@H]1NC(=O)[C@@H]2CCCN2C(=O)[C@@H](CC(C)C)N(C)C(=O)[C@H](CC(C)C)NC(=O)C[C@H](Cc2ccccc2)NC(=O)[C@@H]2CCCN2C(=O)[C@H](Cc2ccccc2)NC1=O,-5.33
5194,CC(C)C[C@@H]1NC(=O)[C@@H](CC(C)C)NC(=O)C[C@H](Cc2ccccc2)NC(=O)[C@@H]2CCCN2C(=O)[C@H](Cc2ccccc2)NC(=O)[C@H](CC(C)C)N(C)C(=O)[C@@H]2CCCN2C1=O,-5.65
5193,CC(C)C[C@@H]1NC(=O)C[C@H](Cc2ccccc2)NC(=O)[C@@H]2CCCN2C(=O)[C@H](Cc2ccccc2)NC(=O)[C@H](CC(C)C)N(C)C(=O)[C@@H]2CCCN2C(=O)[C@@H](CC(C)C)NC1=O,-5.39
5192,CC(C)C[C@@H]1NC(=O)C[C@H](Cc2ccccc2)NC(=O)[C@@H]2CCCN2C(=O)[C@H](Cc2ccccc2)NC(=O)[C@@H](CC(C)C)N(C)C(=O)[C@@H]2CCCN2C(=O)[C@H](CC(C)C)NC1=O,-5.65
5191,CC(C)C[C@@H]1NC(=O)C[C@H](Cc2ccccc2)NC(=O)[C@@H]2CCCN2C(=O)[C@H](Cc2ccccc2)NC(=O)[C@@H](CC(C)C)NC(=O)[C@@H]2CCCN2C(=O)[C@H](CC(C)C)N(C)C1=O,-5.51
5189,CC(C)C[C@H]1C(=O)N2CCC[C@H]2C(=O)N[C@H](CC(C)C)C(=O)N[C@@H](Cc2ccccc2)C(=O)N2CCC[C@H]2C(=O)N[C@@H](Cc2ccccc2)CC(=O)N[C@H](CC(C)C)C(=O)N1C,-5.87
5188,CC(C)C[C@@H]1NC(=O)[C@@H]2CCCN2C(=O)[C@@H](CC(C)C)NC(=O)[C@@H](CC(C)C)N(C)C(=O)C[C@H](Cc2ccccc2)NC(=O)[C@@H]2CCCN2C(=O)[C@H](Cc2ccccc2)NC1=O,-5.65
5187,CC(C)C[C@@H]1NC(=O)C[C@H](Cc2ccccc2)NC(=O)[C@@H]2CCCN2C(=O)[C@H](Cc2ccccc2)NC(=O)[C@@H](CC(C)C)N(C)C(=O)[C@@H]2CCCN2C(=O)[C@@H](CC(C)C)NC1=O,-5.53
5186,CC(C)C[C@@H]1NC(=O)C[C@H](Cc2ccccc2)NC(=O)[C@@H]2CCCN2C(=O)[C@H](Cc2ccccc2)NC(=O)[C@@H](CC(C)C)NC(=O)[C@@H]2CCCN2C(=O)[C@@H](CC(C)C)N(C)C1=O,-5.74
5185,CC(C)C[C@@H]1NC(=O)[C@@H](CC(C)C)N(C)C(=O)C[C@H](Cc2ccccc2)NC(=O)[C@@H]2CCCN2C(=O)[C@H](Cc2ccccc2)NC(=O)[C@@H](CC(C)C)NC(=O)[C@@H]2CCCN2C1=O,-5.62
5184,CC(C)C[C@H]1C(=O)N[C@@H](Cc2ccccc2)C(=O)N2CCC[C@H]2C(=O)N[C@@H](Cc2ccccc2)CC(=O)N[C@H](CC(C)C)C(=O)N[C@H](CC(C)C)C(=O)N2CCC[C@H]2C(=O)N1C,-5.91
5183,CC(C)C[C@H]1NC(=O)[C@@H]2CCCN2C(=O)[C@@H](CC(C)C)NC(=O)[C@@H](CC(C)C)N(C)C(=O)C[C@H](Cc2ccccc2)NC(=O)[C@@H]2CCCN2C(=O)[C@H](Cc2ccccc2)NC1=O,-5.49
5181,CC(C)C[C@H]1NC(=O)C[C@H](Cc2ccccc2)NC(=O)[C@@H]2CCCN2C(=O)[C@H](Cc2ccccc2)NC(=O)[C@@H](CC(C)C)N(C)C(=O)[C@@H]2CCCN2C(=O)[C@@H](CC(C)C)NC1=O,-5.68
5180,CC(C)C[C@@H]1NC(=O)C[C@H](Cc2ccccc2)NC(=O)[C@@H]2CCCN2C(=O)[C@H](Cc2ccccc2)NC(=O)[C@H](CC(C)C)NC(=O)[C@@H]2CCCN2C(=O)[C@@H](CC(C)C)NC1=O,-6.29
5179,CC(C)C[C@@H]1NC(=O)[C@@H]2CCCN2C(=O)[C@H](CC(C)C)NC(=O)[C@@H](CC(C)C)NC(=O)C[C@H](Cc2ccccc2)NC(=O)[C@@H]2CCCN2C(=O)[C@H](Cc2ccccc2)NC1=O,-5.61
5178,CC(C)C[C@@H]1NC(=O)[C@@H]2CCCN2C(=O)[C@@H](CC(C)C)NC(=O)[C@@H](CC(C)C)NC(=O)C[C@H](Cc2ccccc2)NC(=O)[C@@H]2CCCN2C(=O)[C@H](Cc2ccccc2)NC1=O,-5.17
5177,CC(C)C[C@@H]1NC(=O)[C@@H](CC(C)C)NC(=O)C[C@H](Cc2ccccc2)NC(=O)[C@@H]2CCCN2C(=O)[C@H](Cc2ccccc2)NC(=O)[C@@H](CC(C)C)NC(=O)[C@@H]2CCCN2C1=O,-5.81
5176,CC(C)C[C@@H]1NC(=O)C[C@H](Cc2ccccc2)NC(=O)[C@@H]2CCCN2C(=O)[C@H](Cc2ccccc2)NC(=O)[C@@H](CC(C)C)NC(=O)[C@@H]2CCCN2C(=O)[C@@H](CC(C)C)NC1=O,-5.75
5175,CC(C)C[C@H]1NC(=O)C[C@H](Cc2ccccc2)NC(=O)[C@@H]2CCCN2C(=O)[C@H](Cc2ccccc2)NC(=O)[C@@H](CC(C)C)NC(=O)[C@@H]2CCCN2C(=O)[C@@H](CC(C)C)NC1=O,-5.78
5172,CCCN1CC(=O)N(C)[C@@H](CC(C)C)C(=O)N[C@@H](Cc2ccccc2)CC(=O)N2CCC[C@@H]2C(=O)N(C)[C@@H](CC(C)C)C(=O)N[C@@H](Cc2ccccc2)C(=O)N2CCC[C@@H]2C1=O,-5.5
5170,CCCN1CC(=O)N(Cc2ccccc2)CC(=O)N(Cc2ccccc2)CC(=O)N2CCC[C@@H]2C(=O)N(C)[C@H](CC(C)C)C(=O)N[C@@H](Cc2ccccc2)C(=O)N2CCC[C@@H]2C1=O,-5.87
5169,CCCN1CC(=O)N(C)[C@H](CC(C)C)C(=O)N[C@@H](Cc2ccccc2)CC(=O)N2CCC[C@@H]2C(=O)N(C)[C@@H](CC(C)C)C(=O)N[C@@H](Cc2ccccc2)C(=O)N2CCC[C@@H]2C1=O,-5.17
5168,CCCN1CC(=O)N(C)[C@H](CC(C)C)C(=O)N[C@@H](Cc2ccccc2)CC(=O)N2CCC[C@@H]2C(=O)N(C)[C@H](CC(C)C)C(=O)N[C@@H](Cc2ccccc2)C(=O)N2CCC[C@@H]2C1=O,-5.29
5166,CCCN1CC(=O)N[C@@H](CC(C)C)C(=O)N[C@@H](Cc2ccccc2)CC(=O)N2CCC[C@@H]2C(=O)N(C)[C@@H](CC(C)C)C(=O)N[C@@H](Cc2ccccc2)C(=O)N2CCC[C@@H]2C1=O,-5.64
5163,CCCN1CC(=O)N(Cc2ccccc2)CC(=O)N(Cc2ccccc2)CC(=O)N2CCC[C@@H]2C(=O)N[C@H](CC(C)C)C(=O)N[C@@H](Cc2ccccc2)C(=O)N2CCC[C@@H]2C1=O,-5.96
5162,CCCN1CC(=O)N[C@H](CC(C)C)C(=O)N(Cc2ccccc2)CC(=O)N2CCC[C@@H]2C(=O)N(Cc2ccccc2)CC(=O)N[C@@H](Cc2ccccc2)C(=O)N2CCC[C@@H]2C1=O,-5.85
5161,CCCN1CC(=O)N[C@@H](CC(C)C)C(=O)N[C@@H](Cc2ccccc2)CC(=O)N2CCC[C@@H]2C(=O)N(C)[C@H](CC(C)C)C(=O)N[C@@H](Cc2ccccc2)C(=O)N2CCC[C@@H]2C1=O,-5.87
5158,CCCN1CC(=O)N(C)[C@H](CC(C)C)C(=O)N(Cc2ccccc2)CC(=O)N2CCC[C@@H]2C(=O)N(C)[C@@H](CC(C)C)C(=O)N[C@@H](Cc2ccccc2)C(=O)N2CCC[C@@H]2C1=O,-5.67
5156,CCCN1CC(=O)N(Cc2ccccc2)CC(=O)N(C)[C@H](CC(C)C)C(=O)N2CCC[C@@H]2C(=O)N(C)[C@@H](CC(C)C)C(=O)N[C@@H](Cc2ccccc2)C(=O)N2CCC[C@@H]2C1=O,-5.73
5155,CCCN1CC(=O)N(C)[C@H](CC(C)C)C(=O)N(Cc2ccccc2)CC(=O)N2CCC[C@@H]2C(=O)N(C)[C@H](CC(C)C)C(=O)N[C@@H](Cc2ccccc2)C(=O)N2CCC[C@@H]2C1=O,-5.03
5153,CCCN1CC(=O)N[C@H](CC(C)C)C(=O)N[C@@H](Cc2ccccc2)CC(=O)N2CCC[C@@H]2C(=O)N(C)[C@H](CC(C)C)C(=O)N[C@@H](Cc2ccccc2)C(=O)N2CCC[C@@H]2C1=O,-5.48
5152,CCCN1CC(=O)N(C)[C@H](CC(C)C)C(=O)N[C@@H](Cc2ccccc2)CC(=O)N2CCC[C@@H]2C(=O)N[C@H](CC(C)C)C(=O)N[C@@H](Cc2ccccc2)C(=O)N2CCC[C@@H]2C1=O,-5.8
5151,CCCN1CC(=O)N(Cc2ccccc2)CC(=O)N(C)[C@H](CC(C)C)C(=O)N2CCC[C@@H]2C(=O)N(C)[C@H](CC(C)C)C(=O)N[C@@H](Cc2ccccc2)C(=O)N2CCC[C@@H]2C1=O,-5.91
5149,CCCN1CC(=O)N(Cc2ccccc2)CC(=O)N[C@@H](CC(C)C)C(=O)N2CCC[C@@H]2C(=O)N(C)[C@@H](CC(C)C)C(=O)N[C@@H](Cc2ccccc2)C(=O)N2CCC[C@@H]2C1=O,-5.02
5147,CCCN1CC(=O)N(Cc2ccccc2)CC(=O)N(C)[C@@H](CC(C)C)C(=O)N2CCC[C@@H]2C(=O)N[C@@H](CC(C)C)C(=O)N[C@@H](Cc2ccccc2)C(=O)N2CCC[C@@H]2C1=O,-5.27
5146,CCCN1CC(=O)N(C)[C@@H](CC(C)C)C(=O)N(Cc2ccccc2)CC(=O)N2CCC[C@@H]2C(=O)N[C@@H](CC(C)C)C(=O)N[C@@H](Cc2ccccc2)C(=O)N2CCC[C@@H]2C1=O,-5.81
5145,CCCN1CC(=O)N[C@@H](CC(C)C)C(=O)N[C@@H](Cc2ccccc2)CC(=O)N2CCC[C@@H]2C(=O)N[C@@H](CC(C)C)C(=O)N[C@@H](Cc2ccccc2)C(=O)N2CCC[C@@H]2C1=O,-6.24
5144,CCCN1CC(=O)N(C)[C@@H](CC(C)C)C(=O)N(C)[C@@H](CC(C)C)C(=O)N2CCC[C@@H]2C(=O)N(C)[C@@H](CC(C)C)C(=O)N[C@@H](Cc2ccccc2)C(=O)N2CCC[C@@H]2C1=O,-4.87
5142,CCCN1CC(=O)N(Cc2ccccc2)CC(=O)N[C@@H](CC(C)C)C(=O)N2CCC[C@@H]2C(=O)N(C)[C@H](CC(C)C)C(=O)N[C@@H](Cc2ccccc2)C(=O)N2CCC[C@@H]2C1=O,-5.23
5140,CCCN1CC(=O)N[C@H](CC(C)C)C(=O)N(C)[C@@H](CC(C)C)C(=O)N2CCC[C@@H]2C(=O)N(Cc2ccccc2)CC(=O)N[C@@H](Cc2ccccc2)C(=O)N2CCC[C@@H]2C1=O,-5.68
5139,CCCN1CC(=O)N[C@H](CC(C)C)C(=O)N[C@@H](Cc2ccccc2)CC(=O)N2CCC[C@@H]2C(=O)N[C@@H](CC(C)C)C(=O)N[C@@H](Cc2ccccc2)C(=O)N2CCC[C@@H]2C1=O,-6.59
5137,CCCN1CC(=O)N(C)[C@@H](CC(C)C)C(=O)N(C)[C@H](CC(C)C)C(=O)N2CCC[C@@H]2C(=O)N(C)[C@@H](CC(C)C)C(=O)N[C@@H](Cc2ccccc2)C(=O)N2CCC[C@@H]2C1=O,-5.11
5136,CCCN1CC(=O)N(C)[C@H](CC(C)C)C(=O)N(Cc2ccccc2)CC(=O)N2CCC[C@@H]2C(=O)N[C@H](CC(C)C)C(=O)N[C@@H](Cc2ccccc2)C(=O)N2CCC[C@@H]2C1=O,-5.43
5135,CCCN1CC(=O)N[C@H](CC(C)C)C(=O)N(Cc2ccccc2)CC(=O)N2CCC[C@@H]2C(=O)N(C)[C@H](CC(C)C)C(=O)N[C@@H](Cc2ccccc2)C(=O)N2CCC[C@@H]2C1=O,-5.41
5134,CCCN1CC(=O)N(C)[C@H](CC(C)C)C(=O)N[C@H](CC(C)C)C(=O)N2CCC[C@@H]2C(=O)N(Cc2ccccc2)CC(=O)N[C@@H](Cc2ccccc2)C(=O)N2CCC[C@@H]2C1=O,-5.39
5133,CCCN1CC(=O)N[C@H](CC(C)C)C(=O)N(C)[C@H](CC(C)C)C(=O)N2CCC[C@@H]2C(=O)N(Cc2ccccc2)CC(=O)N[C@@H](Cc2ccccc2)C(=O)N2CCC[C@@H]2C1=O,-5.19
5132,CCCN1CC(=O)N(Cc2ccccc2)CC(=O)N[C@H](CC(C)C)C(=O)N2CCC[C@@H]2C(=O)N(C)[C@H](CC(C)C)C(=O)N[C@@H](Cc2ccccc2)C(=O)N2CCC[C@@H]2C1=O,-5.66
5131,CCCN1CC(=O)N[C@H](CC(C)C)C(=O)N[C@@H](Cc2ccccc2)CC(=O)N2CCC[C@@H]2C(=O)N[C@H](CC(C)C)C(=O)N[C@@H](Cc2ccccc2)C(=O)N2CCC[C@@H]2C1=O,-5.76
5130,CCCN1CC(=O)N(C)[C@H](CC(C)C)C(=O)N(C)[C@@H](CC(C)C)C(=O)N2CCC[C@@H]2C(=O)N(C)[C@H](CC(C)C)C(=O)N[C@@H](Cc2ccccc2)C(=O)N2CCC[C@@H]2C1=O,-4.91
5129,CCCN1CC(=O)N(C)[C@H](CC(C)C)C(=O)N(C)[C@H](CC(C)C)C(=O)N2CCC[C@@H]2C(=O)N(C)[C@@H](CC(C)C)C(=O)N[C@@H](Cc2ccccc2)C(=O)N2CCC[C@@H]2C1=O,-4.84
5128,CCCN1CC(=O)N(C)[C@@H](CC(C)C)C(=O)N(C)[C@H](CC(C)C)C(=O)N2CCC[C@@H]2C(=O)N(C)[C@H](CC(C)C)C(=O)N[C@@H](Cc2ccccc2)C(=O)N2CCC[C@@H]2C1=O,-5.29
5127,CCCN1CC(=O)N(C)[C@H](CC(C)C)C(=O)N(C)[C@H](CC(C)C)C(=O)N2CCC[C@@H]2C(=O)N(C)[C@H](CC(C)C)C(=O)N[C@@H](Cc2ccccc2)C(=O)N2CCC[C@@H]2C1=O,-5.38
5126,CCCN1CC(=O)N[C@@H](CC(C)C)C(=O)N[C@@H](CC(C)C)C(=O)N2CCC[C@@H]2C(=O)N(Cc2ccccc2)CC(=O)N[C@@H](Cc2ccccc2)C(=O)N2CCC[C@@H]2C1=O,-5.75
5124,CCCN1CC(=O)N(C)[C@@H](CC(C)C)C(=O)N[C@@H](CC(C)C)C(=O)N2CCC[C@@H]2C(=O)N(C)[C@@H](CC(C)C)C(=O)N[C@@H](Cc2ccccc2)C(=O)N2CCC[C@@H]2C1=O,-4.93
5123,CCCN1CC(=O)N(C)[C@@H](CC(C)C)C(=O)N(C)[C@@H](CC(C)C)C(=O)N2CCC[C@@H]2C(=O)N[C@@H](CC(C)C)C(=O)N[C@@H](Cc2ccccc2)C(=O)N2CCC[C@@H]2C1=O,-5.58
5122,CCCN1CC(=O)N[C@H](CC(C)C)C(=O)N[C@@H](CC(C)C)C(=O)N2CCC[C@@H]2C(=O)N(Cc2ccccc2)CC(=O)N[C@@H](Cc2ccccc2)C(=O)N2CCC[C@@H]2C1=O,-5.74
5119,CCCN1CC(=O)N(Cc2ccccc2)CC(=O)N[C@@H](CC(C)C)C(=O)N2CCC[C@@H]2C(=O)N[C@H](CC(C)C)C(=O)N[C@@H](Cc2ccccc2)C(=O)N2CCC[C@@H]2C1=O,-5.82
5118,CCCN1CC(=O)N[C@@H](CC(C)C)C(=O)N(C)[C@H](CC(C)C)C(=O)N2CCC[C@@H]2C(=O)N(C)[C@@H](CC(C)C)C(=O)N[C@@H](Cc2ccccc2)C(=O)N2CCC[C@@H]2C1=O,-5.72
5116,CCCN1CC(=O)N[C@H](CC(C)C)C(=O)N(C)[C@@H](CC(C)C)C(=O)N2CCC[C@@H]2C(=O)N(C)[C@@H](CC(C)C)C(=O)N[C@@H](Cc2ccccc2)C(=O)N2CCC[C@@H]2C1=O,-5.18
5115,CCCN1CC(=O)N(C)[C@@H](CC(C)C)C(=O)N[C@@H](CC(C)C)C(=O)N2CCC[C@@H]2C(=O)N(C)[C@H](CC(C)C)C(=O)N[C@@H](Cc2ccccc2)C(=O)N2CCC[C@@H]2C1=O,-5.19
5114,CCCN1CC(=O)N(C)[C@@H](CC(C)C)C(=O)N[C@H](CC(C)C)C(=O)N2CCC[C@@H]2C(=O)N(C)[C@@H](CC(C)C)C(=O)N[C@@H](Cc2ccccc2)C(=O)N2CCC[C@@H]2C1=O,-5.16
5113,CCCN1CC(=O)N(C)[C@@H](CC(C)C)C(=O)N(C)[C@H](CC(C)C)C(=O)N2CCC[C@@H]2C(=O)N[C@@H](CC(C)C)C(=O)N[C@@H](Cc2ccccc2)C(=O)N2CCC[C@@H]2C1=O,-5.9
5112,CCCN1CC(=O)N[C@H](CC(C)C)C(=O)N[C@H](CC(C)C)C(=O)N2CCC[C@@H]2C(=O)N(Cc2ccccc2)CC(=O)N[C@@H](Cc2ccccc2)C(=O)N2CCC[C@@H]2C1=O,-5.5
5111,CCCN1CC(=O)N[C@H](CC(C)C)C(=O)N(Cc2ccccc2)CC(=O)N2CCC[C@@H]2C(=O)N[C@H](CC(C)C)C(=O)N[C@@H](Cc2ccccc2)C(=O)N2CCC[C@@H]2C1=O,-5.6
5110,CCCN1CC(=O)N[C@@H](CC(C)C)C(=O)N(C)[C@H](CC(C)C)C(=O)N2CCC[C@@H]2C(=O)N(C)[C@H](CC(C)C)C(=O)N[C@@H](Cc2ccccc2)C(=O)N2CCC[C@@H]2C1=O,-5.5
5109,CCCN1CC(=O)N(C)[C@H](CC(C)C)C(=O)N(C)[C@H](CC(C)C)C(=O)N2CCC[C@@H]2C(=O)N[C@@H](CC(C)C)C(=O)N[C@@H](Cc2ccccc2)C(=O)N2CCC[C@@H]2C1=O,-5.56
5108,CCCN1CC(=O)N[C@H](CC(C)C)C(=O)N(C)[C@H](CC(C)C)C(=O)N2CCC[C@@H]2C(=O)N(C)[C@@H](CC(C)C)C(=O)N[C@@H](Cc2ccccc2)C(=O)N2CCC[C@@H]2C1=O,-5.11
5107,CCCN1CC(=O)N(C)[C@@H](CC(C)C)C(=O)N[C@H](CC(C)C)C(=O)N2CCC[C@@H]2C(=O)N(C)[C@H](CC(C)C)C(=O)N[C@@H](Cc2ccccc2)C(=O)N2CCC[C@@H]2C1=O,-5.32
5106,CCCN1CC(=O)N(C)[C@H](CC(C)C)C(=O)N(C)[C@H](CC(C)C)C(=O)N2CCC[C@@H]2C(=O)N[C@H](CC(C)C)C(=O)N[C@@H](Cc2ccccc2)C(=O)N2CCC[C@@H]2C1=O,-4.89
5104,CCCN1CC(=O)N[C@H](CC(C)C)C(=O)N(C)[C@H](CC(C)C)C(=O)N2CCC[C@@H]2C(=O)N(C)[C@H](CC(C)C)C(=O)N[C@@H](Cc2ccccc2)C(=O)N2CCC[C@@H]2C1=O,-5.26
5101,CCCN1CC(=O)N(C)[C@@H](CC(C)C)C(=O)N[C@@H](CC(C)C)C(=O)N2CCC[C@@H]2C(=O)N[C@@H](CC(C)C)C(=O)N[C@@H](Cc2ccccc2)C(=O)N2CCC[C@@H]2C1=O,-5.81
5100,CCCN1CC(=O)N[C@@H](CC(C)C)C(=O)N[C@@H](CC(C)C)C(=O)N2CCC[C@@H]2C(=O)N(C)[C@H](CC(C)C)C(=O)N[C@@H](Cc2ccccc2)C(=O)N2CCC[C@@H]2C1=O,-5.18
5099,CCCN1CC(=O)N[C@@H](CC(C)C)C(=O)N[C@H](CC(C)C)C(=O)N2CCC[C@@H]2C(=O)N(C)[C@@H](CC(C)C)C(=O)N[C@@H](Cc2ccccc2)C(=O)N2CCC[C@@H]2C1=O,-5.34
5098,CCCN1CC(=O)N[C@@H](CC(C)C)C(=O)N(C)[C@H](CC(C)C)C(=O)N2CCC[C@@H]2C(=O)N[C@@H](CC(C)C)C(=O)N[C@@H](Cc2ccccc2)C(=O)N2CCC[C@@H]2C1=O,-5.73
5096,CCCN1CC(=O)N[C@H](CC(C)C)C(=O)N(C)[C@@H](CC(C)C)C(=O)N2CCC[C@@H]2C(=O)N[C@@H](CC(C)C)C(=O)N[C@@H](Cc2ccccc2)C(=O)N2CCC[C@@H]2C1=O,-5.82
5094,CCCN1CC(=O)N(C)[C@@H](CC(C)C)C(=O)N[C@H](CC(C)C)C(=O)N2CCC[C@@H]2C(=O)N[C@@H](CC(C)C)C(=O)N[C@@H](Cc2ccccc2)C(=O)N2CCC[C@@H]2C1=O,-5.85
5093,CCCN1CC(=O)N[C@H](CC(C)C)C(=O)N[C@@H](CC(C)C)C(=O)N2CCC[C@@H]2C(=O)N(C)[C@H](CC(C)C)C(=O)N[C@@H](Cc2ccccc2)C(=O)N2CCC[C@@H]2C1=O,-5.17
5092,CCCN1CC(=O)N[C@@H](CC(C)C)C(=O)N(C)[C@H](CC(C)C)C(=O)N2CCC[C@@H]2C(=O)N[C@H](CC(C)C)C(=O)N[C@@H](Cc2ccccc2)C(=O)N2CCC[C@@H]2C1=O,-5.33
5091,CCCN1CC(=O)N[C@H](CC(C)C)C(=O)N(C)[C@@H](CC(C)C)C(=O)N2CCC[C@@H]2C(=O)N[C@H](CC(C)C)C(=O)N[C@@H](Cc2ccccc2)C(=O)N2CCC[C@@H]2C1=O,-5.65
5089,CCCN1CC(=O)N(C)[C@H](CC(C)C)C(=O)N[C@H](CC(C)C)C(=O)N2CCC[C@@H]2C(=O)N[C@H](CC(C)C)C(=O)N[C@@H](Cc2ccccc2)C(=O)N2CCC[C@@H]2C1=O,-5.65
5088,CCCN1CC(=O)N[C@H](CC(C)C)C(=O)N[C@H](CC(C)C)C(=O)N2CCC[C@@H]2C(=O)N(C)[C@H](CC(C)C)C(=O)N[C@@H](Cc2ccccc2)C(=O)N2CCC[C@@H]2C1=O,-5.56
5087,CCCN1CC(=O)N[C@H](CC(C)C)C(=O)N(C)[C@H](CC(C)C)C(=O)N2CCC[C@@H]2C(=O)N[C@H](CC(C)C)C(=O)N[C@@H](Cc2ccccc2)C(=O)N2CCC[C@@H]2C1=O,-5.34
5086,CCCN1CC(=O)N[C@@H](CC(C)C)C(=O)N[C@@H](CC(C)C)C(=O)N2CCC[C@@H]2C(=O)N[C@@H](CC(C)C)C(=O)N[C@@H](Cc2ccccc2)C(=O)N2CCC[C@@H]2C1=O,-5.74
5085,CCCN1CC(=O)N[C@@H](CC(C)C)C(=O)N[C@H](CC(C)C)C(=O)N2CCC[C@@H]2C(=O)N[C@@H](CC(C)C)C(=O)N[C@@H](Cc2ccccc2)C(=O)N2CCC[C@@H]2C1=O,-5.83
5084,CCCN1CC(=O)N[C@H](CC(C)C)C(=O)N[C@@H](CC(C)C)C(=O)N2CCC[C@@H]2C(=O)N[C@@H](CC(C)C)C(=O)N[C@@H](Cc2ccccc2)C(=O)N2CCC[C@@H]2C1=O,-6.11
5082,CCCN1CC(=O)N[C@H](CC(C)C)C(=O)N[C@@H](CC(C)C)C(=O)N2CCC[C@@H]2C(=O)N[C@H](CC(C)C)C(=O)N[C@@H](Cc2ccccc2)C(=O)N2CCC[C@@H]2C1=O,-5.64
5081,CCCN1CC(=O)N[C@H](CC(C)C)C(=O)N[C@H](CC(C)C)C(=O)N2CCC[C@@H]2C(=O)N[C@@H](CC(C)C)C(=O)N[C@@H](Cc2ccccc2)C(=O)N2CCC[C@@H]2C1=O,-6.13
5073,CC(C)C[C@H]1C(=O)N[C@@H](Cc2ccccc2)CC(=O)N2CCC[C@@H]2C(=O)N(C)[C@H](CC(C)C)C(=O)N[C@@H](Cc2ccccc2)C(=O)N2CCC[C@@H]2C(=O)N[C@@H](Cc2ccccc2)CC(=O)N1C,-5.55
5072,CC(C)C[C@H]1C(=O)N[C@@H](Cc2ccccc2)C(=O)N2CCC[C@@H]2C(=O)N[C@@H](Cc2ccccc2)CC(=O)N(C)[C@H](CC(C)C)C(=O)N[C@@H](Cc2ccccc2)CC(=O)N2CCC[C@@H]2C(=O)N1C,-5.42
5071,CC(C)C[C@@H]1C(=O)N[C@@H](Cc2ccccc2)CC(=O)N2CCC[C@@H]2C(=O)N(C)[C@H](CC(C)C)C(=O)N[C@@H](Cc2ccccc2)C(=O)N2CCC[C@@H]2C(=O)N[C@@H](Cc2ccccc2)CC(=O)N1C,-5.6
5064,CC(C)C[C@@H]1NC(=O)C[C@H](Cc2ccccc2)NC(=O)[C@H]2CCCN2C(=O)[C@H](Cc2ccccc2)NC(=O)[C@@H](CC(C)C)N(C)C(=O)[C@H]2CCCN2C(=O)C[C@H](Cc2ccccc2)NC1=O,-5.88
5062,CC(C)C[C@H]1NC(=O)[C@H]2CCCN2C(=O)C[C@H](Cc2ccccc2)NC(=O)[C@@H](CC(C)C)N(C)C(=O)C[C@H](Cc2ccccc2)NC(=O)[C@H]2CCCN2C(=O)[C@H](Cc2ccccc2)NC1=O,-5.86
5061,CC(C)C[C@H]1NC(=O)C[C@H](Cc2ccccc2)NC(=O)[C@H]2CCCN2C(=O)[C@H](Cc2ccccc2)NC(=O)[C@@H](CC(C)C)N(C)C(=O)[C@H]2CCCN2C(=O)C[C@H](Cc2ccccc2)NC1=O,-5.86
5057,CC(C)C[C@@H]1NC(=O)C[C@H](Cc2ccccc2)NC(=O)[C@H]2CCCN2C(=O)[C@H](Cc2ccccc2)NC(=O)[C@H](CC(C)C)NC(=O)[C@H]2CCCN2C(=O)C[C@H](Cc2ccccc2)NC1=O,-6.14
5056,CC(C)C[C@H]1C(=O)N(C)[C@@H](CC(C)C)C(=O)N2CCC[C@@H]2C(=O)N(C)[C@@H](CC(C)C)C(=O)N[C@@H](Cc2ccccc2)C(=O)N2CCC[C@@H]2C(=O)N[C@@H](Cc2ccccc2)CC(=O)N1C,-5.26
5051,CC(C)C[C@@H]1NC(=O)[C@H]2CCCN2C(=O)C[C@H](Cc2ccccc2)NC(=O)[C@@H](CC(C)C)NC(=O)C[C@H](Cc2ccccc2)NC(=O)[C@H]2CCCN2C(=O)[C@H](Cc2ccccc2)NC1=O,-5.88
5049,CC(C)C[C@H]1C(=O)N(C)[C@@H](CC(C)C)C(=O)N2CCC[C@@H]2C(=O)N(C)[C@H](CC(C)C)C(=O)N[C@@H](Cc2ccccc2)C(=O)N2CCC[C@@H]2C(=O)N[C@@H](Cc2ccccc2)CC(=O)N1C,-5.24
5048,CC(C)C[C@H]1NC(=O)C[C@H](Cc2ccccc2)NC(=O)[C@H]2CCCN2C(=O)[C@H](Cc2ccccc2)NC(=O)[C@@H](CC(C)C)NC(=O)[C@H]2CCCN2C(=O)C[C@H](Cc2ccccc2)NC1=O,-5.87
5045,CC(C)C[C@H]1C(=O)N(C)[C@H](CC(C)C)C(=O)N2CCC[C@@H]2C(=O)N(C)[C@H](CC(C)C)C(=O)N[C@@H](Cc2ccccc2)C(=O)N2CCC[C@@H]2C(=O)N[C@@H](Cc2ccccc2)CC(=O)N1C,-5.46
5044,CC(C)C[C@H]1C(=O)N[C@@H](Cc2ccccc2)C(=O)N2CCC[C@@H]2C(=O)N[C@@H](Cc2ccccc2)CC(=O)N(C)[C@H](CC(C)C)C(=O)N(C)[C@H](CC(C)C)C(=O)N2CCC[C@@H]2C(=O)N1C,-5.16
5043,CC(C)C[C@@H]1C(=O)N(C)[C@H](CC(C)C)C(=O)N2CCC[C@@H]2C(=O)N(C)[C@H](CC(C)C)C(=O)N[C@@H](Cc2ccccc2)C(=O)N2CCC[C@@H]2C(=O)N[C@@H](Cc2ccccc2)CC(=O)N1C,-5.47
5040,CC(C)C[C@@H]1NC(=O)[C@H](CC(C)C)N(C)C(=O)C[C@H](Cc2ccccc2)NC(=O)[C@H]2CCCN2C(=O)[C@H](Cc2ccccc2)NC(=O)[C@H](CC(C)C)N(C)C(=O)[C@H]2CCCN2C1=O,-5.37
5033,CC(C)C[C@H]1C(=O)N2CCC[C@@H]2C(=O)N(C)[C@@H](CC(C)C)C(=O)N[C@@H](Cc2ccccc2)C(=O)N2CCC[C@@H]2C(=O)N[C@@H](Cc2ccccc2)CC(=O)N[C@H](CC(C)C)C(=O)N1C,-5.51
5032,CC(C)C[C@@H]1NC(=O)[C@H](CC(C)C)N(C)C(=O)C[C@H](Cc2ccccc2)NC(=O)[C@H]2CCCN2C(=O)[C@H](Cc2ccccc2)NC(=O)[C@@H](CC(C)C)N(C)C(=O)[C@H]2CCCN2C1=O,-5.6
5031,CC(C)C[C@@H]1NC(=O)C[C@H](Cc2ccccc2)NC(=O)[C@H]2CCCN2C(=O)[C@H](Cc2ccccc2)NC(=O)[C@@H](CC(C)C)N(C)C(=O)[C@H]2CCCN2C(=O)[C@H](CC(C)C)N(C)C1=O,-5.78
5027,CC(C)C[C@H]1C(=O)N2CCC[C@@H]2C(=O)N(C)[C@H](CC(C)C)C(=O)N[C@@H](Cc2ccccc2)C(=O)N2CCC[C@@H]2C(=O)N[C@@H](Cc2ccccc2)CC(=O)N[C@H](CC(C)C)C(=O)N1C,-5.26
5026,CC(C)C[C@@H]1NC(=O)C[C@H](Cc2ccccc2)NC(=O)[C@H]2CCCN2C(=O)[C@H](Cc2ccccc2)NC(=O)[C@@H](CC(C)C)N(C)C(=O)[C@H]2CCCN2C(=O)[C@@H](CC(C)C)N(C)C1=O,-5.39
5025,CC(C)C[C@H]1C(=O)N[C@H](CC(C)C)C(=O)N2CCC[C@@H]2C(=O)N(C)[C@H](CC(C)C)C(=O)N[C@@H](Cc2ccccc2)C(=O)N2CCC[C@@H]2C(=O)N[C@@H](Cc2ccccc2)CC(=O)N1C,-5.37
5023,CC(C)C[C@H]1NC(=O)[C@@H](CC(C)C)N(C)C(=O)C[C@H](Cc2ccccc2)NC(=O)[C@H]2CCCN2C(=O)[C@H](Cc2ccccc2)NC(=O)[C@@H](CC(C)C)N(C)C(=O)[C@H]2CCCN2C1=O,-5.33
5022,CC(C)C[C@@H]1NC(=O)C[C@H](Cc2ccccc2)NC(=O)[C@H]2CCCN2C(=O)[C@H](Cc2ccccc2)NC(=O)[C@H](CC(C)C)N(C)C(=O)[C@H]2CCCN2C(=O)[C@H](CC(C)C)NC1=O,-5.31
5021,CC(C)C[C@@H]1NC(=O)[C@H]2CCCN2C(=O)[C@H](CC(C)C)NC(=O)[C@H](CC(C)C)N(C)C(=O)C[C@H](Cc2ccccc2)NC(=O)[C@H]2CCCN2C(=O)[C@H](Cc2ccccc2)NC1=O,-5.6
5020,CC(C)C[C@@H]1NC(=O)[C@H]2CCCN2C(=O)[C@H](CC(C)C)N(C)C(=O)[C@H](CC(C)C)NC(=O)C[C@H](Cc2ccccc2)NC(=O)[C@H]2CCCN2C(=O)[C@H](Cc2ccccc2)NC1=O,-5.86
5019,CC(C)C[C@@H]1NC(=O)[C@@H](CC(C)C)NC(=O)C[C@H](Cc2ccccc2)NC(=O)[C@H]2CCCN2C(=O)[C@H](Cc2ccccc2)NC(=O)[C@H](CC(C)C)N(C)C(=O)[C@H]2CCCN2C1=O,-5.37
5018,CC(C)C[C@@H]1NC(=O)[C@H](CC(C)C)N(C)C(=O)C[C@H](Cc2ccccc2)NC(=O)[C@H]2CCCN2C(=O)[C@H](Cc2ccccc2)NC(=O)[C@@H](CC(C)C)NC(=O)[C@H]2CCCN2C1=O,-5.26
5017,CC(C)C[C@@H]1NC(=O)[C@H]2CCCN2C(=O)[C@H](CC(C)C)N(C)C(=O)[C@@H](CC(C)C)NC(=O)C[C@H](Cc2ccccc2)NC(=O)[C@H]2CCCN2C(=O)[C@H](Cc2ccccc2)NC1=O,-5.69
5016,CC(C)C[C@@H]1NC(=O)[C@H]2CCCN2C(=O)[C@@H](CC(C)C)N(C)C(=O)[C@H](CC(C)C)NC(=O)C[C@H](Cc2ccccc2)NC(=O)[C@H]2CCCN2C(=O)[C@H](Cc2ccccc2)NC1=O,-6.0
5015,CC(C)C[C@@H]1NC(=O)C[C@H](Cc2ccccc2)NC(=O)[C@H]2CCCN2C(=O)[C@H](Cc2ccccc2)NC(=O)[C@H](CC(C)C)N(C)C(=O)[C@H]2CCCN2C(=O)[C@@H](CC(C)C)NC1=O,-6.31
5014,CC(C)C[C@@H]1NC(=O)C[C@H](Cc2ccccc2)NC(=O)[C@H]2CCCN2C(=O)[C@H](Cc2ccccc2)NC(=O)[C@@H](CC(C)C)NC(=O)[C@H]2CCCN2C(=O)[C@H](CC(C)C)N(C)C1=O,-5.95
5013,CC(C)C[C@H]1C(=O)N2CCC[C@@H]2C(=O)N[C@H](CC(C)C)C(=O)N[C@@H](Cc2ccccc2)C(=O)N2CCC[C@@H]2C(=O)N[C@@H](Cc2ccccc2)CC(=O)N[C@H](CC(C)C)C(=O)N1C,-5.69
5012,CC(C)C[C@@H]1NC(=O)[C@@H](CC(C)C)N(C)C(=O)C[C@H](Cc2ccccc2)NC(=O)[C@H]2CCCN2C(=O)[C@H](Cc2ccccc2)NC(=O)[C@@H](CC(C)C)NC(=O)[C@H]2CCCN2C1=O,-5.78
5011,CC(C)C[C@@H]1NC(=O)[C@@H](CC(C)C)NC(=O)C[C@H](Cc2ccccc2)NC(=O)[C@H]2CCCN2C(=O)[C@H](Cc2ccccc2)NC(=O)[C@@H](CC(C)C)N(C)C(=O)[C@H]2CCCN2C1=O,-5.33
5010,CC(C)C[C@@H]1NC(=O)C[C@H](Cc2ccccc2)NC(=O)[C@H]2CCCN2C(=O)[C@H](Cc2ccccc2)NC(=O)[C@@H](CC(C)C)NC(=O)[C@H]2CCCN2C(=O)[C@@H](CC(C)C)N(C)C1=O,-5.54
5009,CC(C)C[C@H]1C(=O)N[C@@H](Cc2ccccc2)C(=O)N2CCC[C@@H]2C(=O)N[C@@H](Cc2ccccc2)CC(=O)N[C@H](CC(C)C)C(=O)N[C@H](CC(C)C)C(=O)N2CCC[C@@H]2C(=O)N1C,-6.01
5007,CC(C)C[C@@H]1NC(=O)[C@H]2CCCN2C(=O)[C@@H](CC(C)C)NC(=O)[C@@H](CC(C)C)N(C)C(=O)C[C@H](Cc2ccccc2)NC(=O)[C@H]2CCCN2C(=O)[C@H](Cc2ccccc2)NC1=O,-5.99
5006,CC(C)C[C@@H]1NC(=O)C[C@H](Cc2ccccc2)NC(=O)[C@H]2CCCN2C(=O)[C@H](Cc2ccccc2)NC(=O)[C@@H](CC(C)C)N(C)C(=O)[C@H]2CCCN2C(=O)[C@@H](CC(C)C)NC1=O,-6.24
5005,CC(C)C[C@H]1NC(=O)[C@H]2CCCN2C(=O)[C@@H](CC(C)C)NC(=O)[C@@H](CC(C)C)N(C)C(=O)C[C@H](Cc2ccccc2)NC(=O)[C@H]2CCCN2C(=O)[C@H](Cc2ccccc2)NC1=O,-5.67
5004,CC(C)C[C@H]1NC(=O)C[C@H](Cc2ccccc2)NC(=O)[C@H]2CCCN2C(=O)[C@H](Cc2ccccc2)NC(=O)[C@@H](CC(C)C)N(C)C(=O)[C@H]2CCCN2C(=O)[C@@H](CC(C)C)NC1=O,-5.9
5002,CC(C)C[C@@H]1NC(=O)C[C@H](Cc2ccccc2)NC(=O)[C@H]2CCCN2C(=O)[C@H](Cc2ccccc2)NC(=O)[C@H](CC(C)C)NC(=O)[C@H]2CCCN2C(=O)[C@H](CC(C)C)NC1=O,-5.74
5001,CC(C)C[C@@H]1NC(=O)[C@H]2CCCN2C(=O)[C@H](CC(C)C)NC(=O)[C@@H](CC(C)C)NC(=O)C[C@H](Cc2ccccc2)NC(=O)[C@H]2CCCN2C(=O)[C@H](Cc2ccccc2)NC1=O,-5.77
5000,CC(C)C[C@@H]1NC(=O)C[C@H](Cc2ccccc2)NC(=O)[C@H]2CCCN2C(=O)[C@H](Cc2ccccc2)NC(=O)[C@H](CC(C)C)NC(=O)[C@H]2CCCN2C(=O)[C@@H](CC(C)C)NC1=O,-6.55
4999,CC(C)C[C@@H]1NC(=O)C[C@H](Cc2ccccc2)NC(=O)[C@H]2CCCN2C(=O)[C@H](Cc2ccccc2)NC(=O)[C@@H](CC(C)C)NC(=O)[C@H]2CCCN2C(=O)[C@@H](CC(C)C)NC1=O,-5.96
4998,CC(C)C[C@@H]1NC(=O)[C@H]2CCCN2C(=O)[C@@H](CC(C)C)NC(=O)[C@@H](CC(C)C)NC(=O)C[C@H](Cc2ccccc2)NC(=O)[C@H]2CCCN2C(=O)[C@H](Cc2ccccc2)NC1=O,-6.27
4997,CC(C)C[C@H]1NC(=O)C[C@H](Cc2ccccc2)NC(=O)[C@H]2CCCN2C(=O)[C@H](Cc2ccccc2)NC(=O)[C@@H](CC(C)C)NC(=O)[C@H]2CCCN2C(=O)[C@@H](CC(C)C)NC1=O,-5.85
4991,CC(C)C[C@H]1C(=O)N[C@@H](Cc2ccccc2)CC(=O)N2CCC[C@H]2C(=O)N(C)[C@@H](CC(C)C)C(=O)N[C@@H](Cc2ccccc2)C(=O)N2CCC[C@@H]2C(=O)N[C@@H](Cc2ccccc2)CC(=O)N1C,-5.23
4987,CC(C)C[C@H]1C(=O)N[C@@H](Cc2ccccc2)C(=O)N2CCC[C@@H]2C(=O)N[C@@H](Cc2ccccc2)CC(=O)N(C)[C@H](CC(C)C)C(=O)N[C@@H](Cc2ccccc2)CC(=O)N2CCC[C@H]2C(=O)N1C,-5.45
4986,CC(C)C[C@@H]1C(=O)N[C@@H](Cc2ccccc2)CC(=O)N2CCC[C@H]2C(=O)N(C)[C@H](CC(C)C)C(=O)N[C@@H](Cc2ccccc2)C(=O)N2CCC[C@@H]2C(=O)N[C@@H](Cc2ccccc2)CC(=O)N1C,-5.34
4981,CC(C)C[C@@H]1NC(=O)C[C@H](Cc2ccccc2)NC(=O)[C@H]2CCCN2C(=O)[C@H](Cc2ccccc2)NC(=O)[C@H](CC(C)C)N(C)C(=O)[C@@H]2CCCN2C(=O)C[C@H](Cc2ccccc2)NC1=O,-5.83
4980,CC(C)C[C@@H]1NC(=O)[C@@H]2CCCN2C(=O)C[C@H](Cc2ccccc2)NC(=O)[C@H](CC(C)C)N(C)C(=O)C[C@H](Cc2ccccc2)NC(=O)[C@H]2CCCN2C(=O)[C@H](Cc2ccccc2)NC1=O,-5.81
4976,CC(C)C[C@@H]1NC(=O)[C@@H]2CCCN2C(=O)C[C@H](Cc2ccccc2)NC(=O)[C@@H](CC(C)C)N(C)C(=O)C[C@H](Cc2ccccc2)NC(=O)[C@H]2CCCN2C(=O)[C@H](Cc2ccccc2)NC1=O,-5.94
4975,CC(C)C[C@H]1C(=O)N[C@@H](Cc2ccccc2)C(=O)N2CCC[C@@H]2C(=O)N[C@@H](Cc2ccccc2)CC(=O)N[C@H](CC(C)C)C(=O)N[C@@H](Cc2ccccc2)CC(=O)N2CCC[C@H]2C(=O)N1C,-5.63
4974,CC(C)C[C@H]1NC(=O)C[C@H](Cc2ccccc2)NC(=O)[C@H]2CCCN2C(=O)[C@H](Cc2ccccc2)NC(=O)[C@@H](CC(C)C)N(C)C(=O)[C@@H]2CCCN2C(=O)C[C@H](Cc2ccccc2)NC1=O,-5.74
4969,CC(C)C[C@@H]1NC(=O)C[C@H](Cc2ccccc2)NC(=O)[C@H]2CCCN2C(=O)[C@H](Cc2ccccc2)NC(=O)[C@H](CC(C)C)NC(=O)[C@@H]2CCCN2C(=O)C[C@H](Cc2ccccc2)NC1=O,-5.91
4968,CC(C)C[C@H]1C(=O)N(C)[C@@H](CC(C)C)C(=O)N2CCC[C@H]2C(=O)N(C)[C@@H](CC(C)C)C(=O)N[C@@H](Cc2ccccc2)C(=O)N2CCC[C@@H]2C(=O)N[C@@H](Cc2ccccc2)CC(=O)N1C,-5.28
4960,CC(C)C[C@@H]1NC(=O)C[C@H](Cc2ccccc2)NC(=O)[C@H]2CCCN2C(=O)[C@H](Cc2ccccc2)NC(=O)[C@@H](CC(C)C)NC(=O)[C@@H]2CCCN2C(=O)C[C@H](Cc2ccccc2)NC1=O,-5.9
4958,CC(C)C[C@@H]1NC(=O)[C@@H]2CCCN2C(=O)C[C@H](Cc2ccccc2)NC(=O)[C@@H](CC(C)C)NC(=O)C[C@H](Cc2ccccc2)NC(=O)[C@H]2CCCN2C(=O)[C@H](Cc2ccccc2)NC1=O,-5.9
4957,CC(C)C[C@H]1C(=O)N(C)[C@@H](CC(C)C)C(=O)N2CCC[C@H]2C(=O)N(C)[C@H](CC(C)C)C(=O)N[C@@H](Cc2ccccc2)C(=O)N2CCC[C@@H]2C(=O)N[C@@H](Cc2ccccc2)CC(=O)N1C,-5.2
4953,CC(C)C[C@H]1NC(=O)C[C@H](Cc2ccccc2)NC(=O)[C@H]2CCCN2C(=O)[C@H](Cc2ccccc2)NC(=O)[C@@H](CC(C)C)NC(=O)[C@@H]2CCCN2C(=O)C[C@H](Cc2ccccc2)NC1=O,-5.83
4952,CC(C)C[C@H]1C(=O)N2CCC[C@H]2C(=O)N(C)[C@H](CC(C)C)C(=O)N[C@@H](Cc2ccccc2)C(=O)N2CCC[C@@H]2C(=O)N[C@@H](Cc2ccccc2)CC(=O)N(C)[C@H](CC(C)C)C(=O)N1C,-5.38
4951,CC(C)C[C@H]1C(=O)N(C)[C@H](CC(C)C)C(=O)N2CCC[C@H]2C(=O)N(C)[C@H](CC(C)C)C(=O)N[C@@H](Cc2ccccc2)C(=O)N2CCC[C@@H]2C(=O)N[C@@H](Cc2ccccc2)CC(=O)N1C,-5.52
4950,CC(C)C[C@H]1C(=O)N[C@@H](Cc2ccccc2)C(=O)N2CCC[C@@H]2C(=O)N[C@@H](Cc2ccccc2)CC(=O)N(C)[C@H](CC(C)C)C(=O)N(C)[C@H](CC(C)C)C(=O)N2CCC[C@H]2C(=O)N1C,-5.23
4949,CC(C)C[C@@H]1C(=O)N(C)[C@H](CC(C)C)C(=O)N2CCC[C@H]2C(=O)N(C)[C@H](CC(C)C)C(=O)N[C@@H](Cc2ccccc2)C(=O)N2CCC[C@@H]2C(=O)N[C@@H](Cc2ccccc2)CC(=O)N1C,-5.17
4946,CC(C)C[C@@H]1NC(=O)C[C@H](Cc2ccccc2)NC(=O)[C@H]2CCCN2C(=O)[C@H](Cc2ccccc2)NC(=O)[C@H](CC(C)C)N(C)C(=O)[C@@H]2CCCN2C(=O)[C@H](CC(C)C)N(C)C1=O,-5.25
4945,CC(C)C[C@@H]1NC(=O)[C@H](CC(C)C)N(C)C(=O)C[C@H](Cc2ccccc2)NC(=O)[C@H]2CCCN2C(=O)[C@H](Cc2ccccc2)NC(=O)[C@H](CC(C)C)N(C)C(=O)[C@@H]2CCCN2C1=O,-5.17
4939,CC(C)C[C@@H]1NC(=O)[C@@H](CC(C)C)N(C)C(=O)C[C@H](Cc2ccccc2)NC(=O)[C@H]2CCCN2C(=O)[C@H](Cc2ccccc2)NC(=O)[C@H](CC(C)C)N(C)C(=O)[C@@H]2CCCN2C1=O,-5.52
4938,CC(C)C[C@H]1C(=O)N[C@@H](Cc2ccccc2)C(=O)N2CCC[C@@H]2C(=O)N[C@@H](Cc2ccccc2)CC(=O)N[C@H](CC(C)C)C(=O)N(C)[C@@H](CC(C)C)C(=O)N2CCC[C@H]2C(=O)N1C,-5.31
4937,CC(C)C[C@@H]1NC(=O)[C@H](CC(C)C)N(C)C(=O)C[C@H](Cc2ccccc2)NC(=O)[C@H]2CCCN2C(=O)[C@H](Cc2ccccc2)NC(=O)[C@@H](CC(C)C)N(C)C(=O)[C@@H]2CCCN2C1=O,-5.64
4936,CC(C)C[C@@H]1NC(=O)C[C@H](Cc2ccccc2)NC(=O)[C@H]2CCCN2C(=O)[C@H](Cc2ccccc2)NC(=O)[C@H](CC(C)C)N(C)C(=O)[C@@H]2CCCN2C(=O)[C@@H](CC(C)C)N(C)C1=O,-5.42
4932,CC(C)C[C@@H]1NC(=O)[C@@H](CC(C)C)N(C)C(=O)C[C@H](Cc2ccccc2)NC(=O)[C@H]2CCCN2C(=O)[C@H](Cc2ccccc2)NC(=O)[C@@H](CC(C)C)N(C)C(=O)[C@@H]2CCCN2C1=O,-5.31
4931,CC(C)C[C@H]1C(=O)N[C@H](CC(C)C)C(=O)N2CCC[C@H]2C(=O)N(C)[C@H](CC(C)C)C(=O)N[C@@H](Cc2ccccc2)C(=O)N2CCC[C@@H]2C(=O)N[C@@H](Cc2ccccc2)CC(=O)N1C,-5.32
4930,CC(C)C[C@@H]1NC(=O)C[C@H](Cc2ccccc2)NC(=O)[C@H]2CCCN2C(=O)[C@H](Cc2ccccc2)NC(=O)[C@@H](CC(C)C)N(C)C(=O)[C@@H]2CCCN2C(=O)[C@@H](CC(C)C)N(C)C1=O,-5.42
4928,CC(C)C[C@H]1C(=O)N[C@@H](Cc2ccccc2)C(=O)N2CCC[C@@H]2C(=O)N[C@@H](Cc2ccccc2)CC(=O)N(C)[C@H](CC(C)C)C(=O)N[C@H](CC(C)C)C(=O)N2CCC[C@H]2C(=O)N1C,-5.44
4927,CC(C)C[C@H]1NC(=O)[C@@H](CC(C)C)N(C)C(=O)C[C@H](Cc2ccccc2)NC(=O)[C@H]2CCCN2C(=O)[C@H](Cc2ccccc2)NC(=O)[C@@H](CC(C)C)N(C)C(=O)[C@@H]2CCCN2C1=O,-5.11
4925,CC(C)C[C@@H]1NC(=O)[C@@H]2CCCN2C(=O)[C@H](CC(C)C)NC(=O)[C@H](CC(C)C)N(C)C(=O)C[C@H](Cc2ccccc2)NC(=O)[C@H]2CCCN2C(=O)[C@H](Cc2ccccc2)NC1=O,-5.45
4924,CC(C)C[C@@H]1NC(=O)[C@@H]2CCCN2C(=O)[C@H](CC(C)C)N(C)C(=O)[C@H](CC(C)C)NC(=O)C[C@H](Cc2ccccc2)NC(=O)[C@H]2CCCN2C(=O)[C@H](Cc2ccccc2)NC1=O,-5.45
4923,CC(C)C[C@@H]1NC(=O)C[C@H](Cc2ccccc2)NC(=O)[C@H]2CCCN2C(=O)[C@H](Cc2ccccc2)NC(=O)[C@H](CC(C)C)N(C)C(=O)[C@@H]2CCCN2C(=O)[C@H](CC(C)C)NC1=O,-5.74
4922,CC(C)C[C@@H]1NC(=O)[C@@H]2CCCN2C(=O)[C@H](CC(C)C)NC(=O)[C@@H](CC(C)C)N(C)C(=O)C[C@H](Cc2ccccc2)NC(=O)[C@H]2CCCN2C(=O)[C@H](Cc2ccccc2)NC1=O,-5.51
4921,CC(C)C[C@@H]1NC(=O)[C@H](CC(C)C)N(C)C(=O)C[C@H](Cc2ccccc2)NC(=O)[C@H]2CCCN2C(=O)[C@H](Cc2ccccc2)NC(=O)[C@@H](CC(C)C)NC(=O)[C@@H]2CCCN2C1=O,-5.33
4920,CC(C)C[C@@H]1NC(=O)[C@@H]2CCCN2C(=O)[C@@H](CC(C)C)N(C)C(=O)[C@H](CC(C)C)NC(=O)C[C@H](Cc2ccccc2)NC(=O)[C@H]2CCCN2C(=O)[C@H](Cc2ccccc2)NC1=O,-5.36
4919,CC(C)C[C@@H]1NC(=O)C[C@H](Cc2ccccc2)NC(=O)[C@H]2CCCN2C(=O)[C@H](Cc2ccccc2)NC(=O)[C@H](CC(C)C)N(C)C(=O)[C@@H]2CCCN2C(=O)[C@@H](CC(C)C)NC1=O,-5.79
4918,CC(C)C[C@@H]1NC(=O)C[C@H](Cc2ccccc2)NC(=O)[C@H]2CCCN2C(=O)[C@H](Cc2ccccc2)NC(=O)[C@@H](CC(C)C)NC(=O)[C@@H]2CCCN2C(=O)[C@H](CC(C)C)N(C)C1=O,-5.65
4917,CC(C)C[C@@H]1NC(=O)C[C@H](Cc2ccccc2)NC(=O)[C@H]2CCCN2C(=O)[C@H](Cc2ccccc2)NC(=O)[C@@H](CC(C)C)N(C)C(=O)[C@@H]2CCCN2C(=O)[C@H](CC(C)C)NC1=O,-5.85
4916,CC(C)C[C@@H]1NC(=O)[C@@H]2CCCN2C(=O)[C@H](CC(C)C)N(C)C(=O)[C@@H](CC(C)C)NC(=O)C[C@H](Cc2ccccc2)NC(=O)[C@H]2CCCN2C(=O)[C@H](Cc2ccccc2)NC1=O,-5.54
4915,CC(C)C[C@@H]1NC(=O)[C@@H]2CCCN2C(=O)[C@@H](CC(C)C)NC(=O)[C@@H](CC(C)C)N(C)C(=O)C[C@H](Cc2ccccc2)NC(=O)[C@H]2CCCN2C(=O)[C@H](Cc2ccccc2)NC1=O,-5.71
4914,CC(C)C[C@@H]1NC(=O)[C@@H](CC(C)C)N(C)C(=O)C[C@H](Cc2ccccc2)NC(=O)[C@H]2CCCN2C(=O)[C@H](Cc2ccccc2)NC(=O)[C@@H](CC(C)C)NC(=O)[C@@H]2CCCN2C1=O,-5.36
4913,CC(C)C[C@H]1C(=O)N2CCC[C@H]2C(=O)N[C@H](CC(C)C)C(=O)N[C@@H](Cc2ccccc2)C(=O)N2CCC[C@@H]2C(=O)N[C@@H](Cc2ccccc2)CC(=O)N[C@H](CC(C)C)C(=O)N1C,-5.51
4912,CC(C)C[C@@H]1NC(=O)[C@@H](CC(C)C)NC(=O)C[C@H](Cc2ccccc2)NC(=O)[C@H]2CCCN2C(=O)[C@H](Cc2ccccc2)NC(=O)[C@@H](CC(C)C)N(C)C(=O)[C@@H]2CCCN2C1=O,-5.31
4911,CC(C)C[C@@H]1NC(=O)C[C@H](Cc2ccccc2)NC(=O)[C@H]2CCCN2C(=O)[C@H](Cc2ccccc2)NC(=O)[C@@H](CC(C)C)NC(=O)[C@@H]2CCCN2C(=O)[C@@H](CC(C)C)N(C)C1=O,-5.52
4910,CC(C)C[C@H]1C(=O)N[C@@H](Cc2ccccc2)C(=O)N2CCC[C@@H]2C(=O)N[C@@H](Cc2ccccc2)CC(=O)N[C@H](CC(C)C)C(=O)N[C@H](CC(C)C)C(=O)N2CCC[C@H]2C(=O)N1C,-5.48
4908,CC(C)C[C@H]1NC(=O)[C@@H]2CCCN2C(=O)[C@@H](CC(C)C)NC(=O)[C@@H](CC(C)C)N(C)C(=O)C[C@H](Cc2ccccc2)NC(=O)[C@H]2CCCN2C(=O)[C@H](Cc2ccccc2)NC1=O,-5.5
4907,CC(C)C[C@H]1NC(=O)C[C@H](Cc2ccccc2)NC(=O)[C@H]2CCCN2C(=O)[C@H](Cc2ccccc2)NC(=O)[C@@H](CC(C)C)N(C)C(=O)[C@@H]2CCCN2C(=O)[C@@H](CC(C)C)NC1=O,-5.6
4905,CC(C)C[C@@H]1NC(=O)C[C@H](Cc2ccccc2)NC(=O)[C@H]2CCCN2C(=O)[C@H](Cc2ccccc2)NC(=O)[C@H](CC(C)C)NC(=O)[C@@H]2CCCN2C(=O)[C@H](CC(C)C)NC1=O,-5.71
4904,CC(C)C[C@@H]1NC(=O)C[C@H](Cc2ccccc2)NC(=O)[C@H]2CCCN2C(=O)[C@H](Cc2ccccc2)NC(=O)[C@H](CC(C)C)NC(=O)[C@@H]2CCCN2C(=O)[C@@H](CC(C)C)NC1=O,-5.62
4903,CC(C)C[C@@H]1NC(=O)C[C@H](Cc2ccccc2)NC(=O)[C@H]2CCCN2C(=O)[C@H](Cc2ccccc2)NC(=O)[C@@H](CC(C)C)NC(=O)[C@@H]2CCCN2C(=O)[C@H](CC(C)C)NC1=O,-5.94
4902,CC(C)C[C@@H]1NC(=O)[C@@H]2CCCN2C(=O)[C@H](CC(C)C)NC(=O)[C@@H](CC(C)C)NC(=O)C[C@H](Cc2ccccc2)NC(=O)[C@H]2CCCN2C(=O)[C@H](Cc2ccccc2)NC1=O,-6.23
4901,CC(C)C[C@@H]1NC(=O)C[C@H](Cc2ccccc2)NC(=O)[C@H]2CCCN2C(=O)[C@H](Cc2ccccc2)NC(=O)[C@@H](CC(C)C)NC(=O)[C@@H]2CCCN2C(=O)[C@@H](CC(C)C)NC1=O,-5.77
4900,CC(C)C[C@@H]1NC(=O)[C@@H]2CCCN2C(=O)[C@@H](CC(C)C)NC(=O)[C@@H](CC(C)C)NC(=O)C[C@H](Cc2ccccc2)NC(=O)[C@H]2CCCN2C(=O)[C@H](Cc2ccccc2)NC1=O,-5.79
4899,CC(C)C[C@@H]1NC(=O)[C@@H](CC(C)C)NC(=O)C[C@H](Cc2ccccc2)NC(=O)[C@H]2CCCN2C(=O)[C@H](Cc2ccccc2)NC(=O)[C@@H](CC(C)C)NC(=O)[C@@H]2CCCN2C1=O,-6.03
4898,CC(C)C[C@H]1NC(=O)C[C@H](Cc2ccccc2)NC(=O)[C@H]2CCCN2C(=O)[C@H](Cc2ccccc2)NC(=O)[C@@H](CC(C)C)NC(=O)[C@@H]2CCCN2C(=O)[C@@H](CC(C)C)NC1=O,-5.85
4894,CC(C)C[C@H]1C(=O)N(Cc2ccccc2)CC(=O)N2CCC[C@@H]2C(=O)N(Cc2ccccc2)CC(=O)N[C@@H](Cc2ccccc2)C(=O)N2CCC[C@H]2C(=O)N(C)[C@H](C)C(=O)N1C,-5.5
4892,CC(C)C[C@H]1C(=O)N[C@@H](Cc2ccccc2)CC(=O)N2CCC[C@@H]2C(=O)N(C)[C@@H](CC(C)C)C(=O)N[C@@H](Cc2ccccc2)C(=O)N2CCC[C@H]2C(=O)N(C)[C@H](C)C(=O)N1C,-5.31
4890,CC(C)C[C@@H]1C(=O)N(Cc2ccccc2)CC(=O)N2CCC[C@@H]2C(=O)N(Cc2ccccc2)CC(=O)N[C@@H](Cc2ccccc2)C(=O)N2CCC[C@H]2C(=O)N(C)[C@H](C)C(=O)N1C,-6.26
4889,CC(C)C[C@H]1C(=O)N[C@@H](Cc2ccccc2)CC(=O)N2CCC[C@@H]2C(=O)N(C)[C@H](CC(C)C)C(=O)N[C@@H](Cc2ccccc2)C(=O)N2CCC[C@H]2C(=O)N(C)[C@H](C)C(=O)N1C,-5.76
4888,CC(C)C[C@@H]1C(=O)N[C@@H](Cc2ccccc2)CC(=O)N2CCC[C@@H]2C(=O)N(C)[C@H](CC(C)C)C(=O)N[C@@H](Cc2ccccc2)C(=O)N2CCC[C@H]2C(=O)N(C)[C@H](C)C(=O)N1C,-5.56
4887,CC(C)C[C@@H]1NC(=O)[C@@H](C)N(C)C(=O)[C@@H]2CCCN2C(=O)[C@H](Cc2ccccc2)NC(=O)CN(Cc2ccccc2)C(=O)[C@H]2CCCN2C(=O)CN(Cc2ccccc2)C1=O,-5.91
4886,CC(C)C[C@@H]1NC(=O)[C@H]2CCCN2C(=O)CN(Cc2ccccc2)C(=O)CN(Cc2ccccc2)C(=O)[C@@H](C)N(C)C(=O)[C@@H]2CCCN2C(=O)[C@H](Cc2ccccc2)NC1=O,-7.46
4885,CC(C)C[C@H]1C(=O)N(Cc2ccccc2)CC(=O)N2CCC[C@@H]2C(=O)N(C)[C@@H](CC(C)C)C(=O)N[C@@H](Cc2ccccc2)C(=O)N2CCC[C@H]2C(=O)N(C)[C@H](C)C(=O)N1C,-5.27
4884,CC(C)C[C@@H]1NC(=O)[C@H]2CCCN2C(=O)C[C@H](Cc2ccccc2)NC(=O)[C@H](CC(C)C)N(C)C(=O)[C@@H](C)N(C)C(=O)[C@@H]2CCCN2C(=O)[C@H](Cc2ccccc2)NC1=O,-6.36
4882,CC(C)C[C@H]1C(=O)N2CCC[C@@H]2C(=O)N(C)[C@H](CC(C)C)C(=O)N[C@@H](Cc2ccccc2)C(=O)N2CCC[C@H]2C(=O)N(C)[C@H](C)C(=O)N(Cc2ccccc2)CC(=O)N1C,-5.43
4881,CC(C)C[C@H]1C(=O)N[C@@H](Cc2ccccc2)C(=O)N2CCC[C@H]2C(=O)N(C)[C@H](C)C(=O)N(C)[C@H](CC(C)C)C(=O)N(Cc2ccccc2)CC(=O)N2CCC[C@@H]2C(=O)N1C,-5.25
4880,CC(C)C[C@H]1C(=O)N(Cc2ccccc2)CC(=O)N2CCC[C@@H]2C(=O)N(C)[C@H](CC(C)C)C(=O)N[C@@H](Cc2ccccc2)C(=O)N2CCC[C@H]2C(=O)N(C)[C@H](C)C(=O)N1C,-5.22
4879,CC(C)C[C@H]1C(=O)N[C@@H](Cc2ccccc2)CC(=O)N2CCC[C@@H]2C(=O)N[C@H](CC(C)C)C(=O)N[C@@H](Cc2ccccc2)C(=O)N2CCC[C@H]2C(=O)N(C)[C@H](C)C(=O)N1C,-6.26
4878,CC(C)C[C@@H]1C(=O)N(C)[C@H](CC(C)C)C(=O)N2CCC[C@@H]2C(=O)N(Cc2ccccc2)CC(=O)N[C@@H](Cc2ccccc2)C(=O)N2CCC[C@H]2C(=O)N(C)[C@H](C)C(=O)N1C,-5.61
4877,CC(C)C[C@H]1NC(=O)[C@@H](C)N(C)C(=O)[C@@H]2CCCN2C(=O)[C@H](Cc2ccccc2)NC(=O)[C@@H](CC(C)C)N(C)C(=O)[C@H]2CCCN2C(=O)C[C@H](Cc2ccccc2)NC1=O,-6.18
4876,CC(C)C[C@@H]1C(=O)N2CCC[C@@H]2C(=O)N(C)[C@H](CC(C)C)C(=O)N[C@@H](Cc2ccccc2)C(=O)N2CCC[C@H]2C(=O)N(C)[C@H](C)C(=O)N(Cc2ccccc2)CC(=O)N1C,-5.56
4875,CC(C)C[C@H]1NC(=O)[C@H]2CCCN2C(=O)C[C@H](Cc2ccccc2)NC(=O)[C@@H](CC(C)C)N(C)C(=O)[C@@H](C)N(C)C(=O)[C@@H]2CCCN2C(=O)[C@H](Cc2ccccc2)NC1=O,-6.04
4874,CC(C)C[C@@H]1NC(=O)CN(Cc2ccccc2)C(=O)[C@@H](C)N(C)C(=O)[C@@H]2CCCN2C(=O)[C@H](Cc2ccccc2)NC(=O)[C@H](CC(C)C)N(C)C(=O)[C@H]2CCCN2C1=O,-5.35
4873,CC(C)C[C@@H]1NC(=O)[C@H](CC(C)C)N(C)C(=O)[C@@H](C)N(C)C(=O)[C@@H]2CCCN2C(=O)[C@H](Cc2ccccc2)NC(=O)CN(Cc2ccccc2)C(=O)[C@H]2CCCN2C1=O,-5.4
4872,CC(C)C[C@@H]1NC(=O)[C@@H](C)N(C)C(=O)[C@@H]2CCCN2C(=O)[C@H](Cc2ccccc2)NC(=O)[C@H](CC(C)C)N(C)C(=O)[C@H]2CCCN2C(=O)CN(Cc2ccccc2)C1=O,-5.7
4871,CC(C)C[C@@H]1NC(=O)[C@@H](C)N(C)C(=O)[C@@H]2CCCN2C(=O)[C@H](Cc2ccccc2)NC(=O)CN(Cc2ccccc2)C(=O)[C@H]2CCCN2C(=O)[C@H](CC(C)C)N(C)C1=O,-5.73
4870,CC(C)C[C@@H]1NC(=O)[C@H]2CCCN2C(=O)CN(Cc2ccccc2)C(=O)[C@H](CC(C)C)N(C)C(=O)[C@@H](C)N(C)C(=O)[C@@H]2CCCN2C(=O)[C@H](Cc2ccccc2)NC1=O,-6.53
4869,CC(C)C[C@H]1C(=O)N[C@@H](Cc2ccccc2)C(=O)N2CCC[C@H]2C(=O)N(C)[C@H](C)C(=O)N(Cc2ccccc2)CC(=O)N[C@H](CC(C)C)C(=O)N2CCC[C@@H]2C(=O)N1C,-5.32
4868,CC(C)C[C@H]1C(=O)N2CCC[C@@H]2C(=O)N(Cc2ccccc2)CC(=O)N[C@@H](Cc2ccccc2)C(=O)N2CCC[C@H]2C(=O)N(C)[C@H](C)C(=O)N[C@H](CC(C)C)C(=O)N1C,-5.4
4867,CC(C)C[C@H]1C(=O)N2CCC[C@@H]2C(=O)N[C@H](CC(C)C)C(=O)N[C@@H](Cc2ccccc2)C(=O)N2CCC[C@H]2C(=O)N(C)[C@H](C)C(=O)N(Cc2ccccc2)CC(=O)N1C,-5.42
4866,CC(C)C[C@@H]1NC(=O)[C@@H](C)N(C)C(=O)[C@@H]2CCCN2C(=O)[C@H](Cc2ccccc2)NC(=O)[C@@H](CC(C)C)N(C)C(=O)[C@H]2CCCN2C(=O)CN(Cc2ccccc2)C1=O,-5.76
4865,CC(C)C[C@H]1C(=O)N[C@@H](Cc2ccccc2)C(=O)N2CCC[C@H]2C(=O)N(C)[C@H](C)C(=O)N[C@H](CC(C)C)C(=O)N(Cc2ccccc2)CC(=O)N2CCC[C@@H]2C(=O)N1C,-6.04
4864,CC(C)C[C@@H]1NC(=O)[C@@H](C)N(C)C(=O)[C@@H]2CCCN2C(=O)[C@H](Cc2ccccc2)NC(=O)CN(Cc2ccccc2)C(=O)[C@H]2CCCN2C(=O)[C@@H](CC(C)C)N(C)C1=O,-6.05
4863,CC(C)C[C@@H]1NC(=O)[C@H]2CCCN2C(=O)CN(Cc2ccccc2)C(=O)[C@@H](CC(C)C)N(C)C(=O)[C@@H](C)N(C)C(=O)[C@@H]2CCCN2C(=O)[C@H](Cc2ccccc2)NC1=O,-6.86
4862,CC(C)C[C@H]1C(=O)N2CCC[C@@H]2C(=O)N(C)[C@H](CC(C)C)C(=O)N[C@@H](Cc2ccccc2)C(=O)N2CCC[C@H]2C(=O)N(C)[C@H](C)C(=O)N(C)[C@@H](CC(C)C)C(=O)N1C,-5.63
4861,CC(C)C[C@H]1C(=O)N(C)[C@H](CC(C)C)C(=O)N2CCC[C@@H]2C(=O)N(C)[C@@H](CC(C)C)C(=O)N[C@@H](Cc2ccccc2)C(=O)N2CCC[C@H]2C(=O)N(C)[C@H](C)C(=O)N1C,-5.16
4860,CC(C)C[C@H]1NC(=O)[C@H]2CCCN2C(=O)CN(Cc2ccccc2)C(=O)[C@@H](CC(C)C)N(C)C(=O)[C@@H](C)N(C)C(=O)[C@@H]2CCCN2C(=O)[C@H](Cc2ccccc2)NC1=O,-5.54
4859,CC(C)C[C@H]1NC(=O)[C@@H](CC(C)C)N(C)C(=O)[C@@H](C)N(C)C(=O)[C@@H]2CCCN2C(=O)[C@H](Cc2ccccc2)NC(=O)CN(Cc2ccccc2)C(=O)[C@H]2CCCN2C1=O,-5.41
4858,CC(C)C[C@H]1NC(=O)CN(Cc2ccccc2)C(=O)[C@@H](C)N(C)C(=O)[C@@H]2CCCN2C(=O)[C@H](Cc2ccccc2)NC(=O)[C@@H](CC(C)C)N(C)C(=O)[C@H]2CCCN2C1=O,-5.24
4857,CC(C)C[C@H]1NC(=O)[C@@H](C)N(C)C(=O)[C@@H]2CCCN2C(=O)[C@H](Cc2ccccc2)NC(=O)[C@@H](CC(C)C)N(C)C(=O)[C@H]2CCCN2C(=O)CN(Cc2ccccc2)C1=O,-5.94
4856,CC(C)C[C@H]1C(=O)N[C@@H](Cc2ccccc2)C(=O)N2CCC[C@H]2C(=O)N(C)[C@H](C)C(=O)N(C)[C@H](CC(C)C)C(=O)N(C)[C@H](CC(C)C)C(=O)N2CCC[C@@H]2C(=O)N1C,-5.12
4854,CC(C)C[C@@H]1C(=O)N(C)[C@H](CC(C)C)C(=O)N2CCC[C@@H]2C(=O)N(C)[C@H](CC(C)C)C(=O)N[C@@H](Cc2ccccc2)C(=O)N2CCC[C@H]2C(=O)N(C)[C@H](C)C(=O)N1C,-5.14
4853,CC(C)C[C@@H]1NC(=O)[C@H]2CCCN2C(=O)CN(Cc2ccccc2)C(=O)[C@H](CC(C)C)NC(=O)[C@@H](C)N(C)C(=O)[C@@H]2CCCN2C(=O)[C@H](Cc2ccccc2)NC1=O,-5.73
4852,CC(C)C[C@@H]1NC(=O)[C@@H](C)N(C)C(=O)[C@@H]2CCCN2C(=O)[C@H](Cc2ccccc2)NC(=O)CN(Cc2ccccc2)C(=O)[C@H]2CCCN2C(=O)[C@H](CC(C)C)NC1=O,-5.95
4851,CC(C)C[C@@H]1NC(=O)[C@H](CC(C)C)N(C)C(=O)[C@@H](C)N(C)C(=O)[C@@H]2CCCN2C(=O)[C@H](Cc2ccccc2)NC(=O)[C@H](CC(C)C)N(C)C(=O)[C@H]2CCCN2C1=O,-5.04
4850,CC(C)C[C@@H]1NC(=O)[C@@H](C)N(C)C(=O)[C@@H]2CCCN2C(=O)[C@H](Cc2ccccc2)NC(=O)[C@H](CC(C)C)N(C)C(=O)[C@H]2CCCN2C(=O)[C@H](CC(C)C)N(C)C1=O,-5.13
4849,CC(C)C[C@@H]1NC(=O)[C@H]2CCCN2C(=O)[C@H](CC(C)C)N(C)C(=O)[C@H](CC(C)C)N(C)C(=O)[C@@H](C)N(C)C(=O)[C@@H]2CCCN2C(=O)[C@H](Cc2ccccc2)NC1=O,-6.21
4848,CC(C)C[C@@H]1NC(=O)[C@@H](CC(C)C)NC(=O)[C@@H](C)N(C)C(=O)[C@@H]2CCCN2C(=O)[C@H](Cc2ccccc2)NC(=O)CN(Cc2ccccc2)C(=O)[C@H]2CCCN2C1=O,-5.66
4847,CC(C)C[C@@H]1NC(=O)[C@H]2CCCN2C(=O)CN(Cc2ccccc2)C(=O)[C@@H](CC(C)C)NC(=O)[C@@H](C)N(C)C(=O)[C@@H]2CCCN2C(=O)[C@H](Cc2ccccc2)NC1=O,-5.99
4846,CC(C)C[C@@H]1NC(=O)[C@@H](C)N(C)C(=O)[C@@H]2CCCN2C(=O)[C@H](Cc2ccccc2)NC(=O)CN(Cc2ccccc2)C(=O)[C@H]2CCCN2C(=O)[C@@H](CC(C)C)NC1=O,-6.17
4845,CC(C)C[C@H]1C(=O)N[C@H](CC(C)C)C(=O)N2CCC[C@@H]2C(=O)N(C)[C@@H](CC(C)C)C(=O)N[C@@H](Cc2ccccc2)C(=O)N2CCC[C@H]2C(=O)N(C)[C@H](C)C(=O)N1C,-5.05
4844,CC(C)C[C@H]1C(=O)N2CCC[C@@H]2C(=O)N(C)[C@@H](CC(C)C)C(=O)N[C@@H](Cc2ccccc2)C(=O)N2CCC[C@H]2C(=O)N(C)[C@H](C)C(=O)N[C@H](CC(C)C)C(=O)N1C,-5.14
4842,CC(C)C[C@@H]1NC(=O)[C@H]2CCCN2C(=O)[C@@H](CC(C)C)N(C)C(=O)[C@H](CC(C)C)N(C)C(=O)[C@@H](C)N(C)C(=O)[C@@H]2CCCN2C(=O)[C@H](Cc2ccccc2)NC1=O,-6.67
4841,CC(C)C[C@H]1NC(=O)[C@@H](C)N(C)C(=O)[C@@H]2CCCN2C(=O)[C@H](Cc2ccccc2)NC(=O)CN(Cc2ccccc2)C(=O)[C@H]2CCCN2C(=O)[C@@H](CC(C)C)NC1=O,-5.65
4840,CC(C)C[C@H]1C(=O)N[C@@H](Cc2ccccc2)C(=O)N2CCC[C@H]2C(=O)N(C)[C@H](C)C(=O)N(C)[C@H](CC(C)C)C(=O)N[C@H](CC(C)C)C(=O)N2CCC[C@@H]2C(=O)N1C,-5.11
4839,CC(C)C[C@H]1C(=O)N2CCC[C@@H]2C(=O)N(C)[C@H](CC(C)C)C(=O)N[C@@H](Cc2ccccc2)C(=O)N2CCC[C@H]2C(=O)N(C)[C@H](C)C(=O)N[C@H](CC(C)C)C(=O)N1C,-5.18
4838,CC(C)C[C@H]1C(=O)N[C@H](CC(C)C)C(=O)N2CCC[C@@H]2C(=O)N(C)[C@H](CC(C)C)C(=O)N[C@@H](Cc2ccccc2)C(=O)N2CCC[C@H]2C(=O)N(C)[C@H](C)C(=O)N1C,-5.07
4837,CC(C)C[C@H]1C(=O)N(C)[C@H](CC(C)C)C(=O)N2CCC[C@@H]2C(=O)N[C@H](CC(C)C)C(=O)N[C@@H](Cc2ccccc2)C(=O)N2CCC[C@H]2C(=O)N(C)[C@H](C)C(=O)N1C,-5.21
4836,CC(C)C[C@@H]1NC(=O)[C@H]2CCCN2C(=O)[C@@H](CC(C)C)N(C)C(=O)[C@@H](CC(C)C)N(C)C(=O)[C@@H](C)N(C)C(=O)[C@@H]2CCCN2C(=O)[C@H](Cc2ccccc2)NC1=O,-6.01
4834,CC(C)C[C@H]1NC(=O)[C@@H](CC(C)C)N(C)C(=O)[C@@H](C)N(C)C(=O)[C@@H]2CCCN2C(=O)[C@H](Cc2ccccc2)NC(=O)[C@@H](CC(C)C)N(C)C(=O)[C@H]2CCCN2C1=O,-5.03
4833,CC(C)C[C@@H]1NC(=O)[C@@H](C)N(C)C(=O)[C@@H]2CCCN2C(=O)[C@H](Cc2ccccc2)NC(=O)[C@H](CC(C)C)N(C)C(=O)[C@H]2CCCN2C(=O)[C@H](CC(C)C)NC1=O,-5.73
4832,CC(C)C[C@@H]1NC(=O)[C@H]2CCCN2C(=O)[C@H](CC(C)C)N(C)C(=O)[C@H](CC(C)C)NC(=O)[C@@H](C)N(C)C(=O)[C@@H]2CCCN2C(=O)[C@H](Cc2ccccc2)NC1=O,-5.64
4831,CC(C)C[C@@H]1NC(=O)[C@@H](CC(C)C)NC(=O)[C@@H](C)N(C)C(=O)[C@@H]2CCCN2C(=O)[C@H](Cc2ccccc2)NC(=O)[C@H](CC(C)C)N(C)C(=O)[C@H]2CCCN2C1=O,-5.24
4829,CC(C)C[C@@H]1NC(=O)[C@@H](C)N(C)C(=O)[C@@H]2CCCN2C(=O)[C@H](Cc2ccccc2)NC(=O)[C@H](CC(C)C)N(C)C(=O)[C@H]2CCCN2C(=O)[C@@H](CC(C)C)NC1=O,-5.17
4828,CC(C)C[C@@H]1NC(=O)[C@@H](C)N(C)C(=O)[C@@H]2CCCN2C(=O)[C@H](Cc2ccccc2)NC(=O)[C@@H](CC(C)C)N(C)C(=O)[C@H]2CCCN2C(=O)[C@H](CC(C)C)NC1=O,-5.91
4827,CC(C)C[C@@H]1NC(=O)[C@@H](C)N(C)C(=O)[C@@H]2CCCN2C(=O)[C@H](Cc2ccccc2)NC(=O)[C@@H](CC(C)C)NC(=O)[C@H]2CCCN2C(=O)[C@H](CC(C)C)N(C)C1=O,-5.86
4826,CC(C)C[C@@H]1NC(=O)[C@H]2CCCN2C(=O)[C@H](CC(C)C)N(C)C(=O)[C@@H](CC(C)C)NC(=O)[C@@H](C)N(C)C(=O)[C@@H]2CCCN2C(=O)[C@H](Cc2ccccc2)NC1=O,-6.3
4825,CC(C)C[C@@H]1NC(=O)[C@@H](CC(C)C)NC(=O)[C@@H](C)N(C)C(=O)[C@@H]2CCCN2C(=O)[C@H](Cc2ccccc2)NC(=O)[C@@H](CC(C)C)N(C)C(=O)[C@H]2CCCN2C1=O,-5.41
4824,CC(C)C[C@@H]1NC(=O)[C@@H](C)N(C)C(=O)[C@@H]2CCCN2C(=O)[C@H](Cc2ccccc2)NC(=O)[C@@H](CC(C)C)N(C)C(=O)[C@H]2CCCN2C(=O)[C@@H](CC(C)C)NC1=O,-5.35
4823,CC(C)C[C@@H]1NC(=O)[C@@H](C)N(C)C(=O)[C@@H]2CCCN2C(=O)[C@H](Cc2ccccc2)NC(=O)[C@@H](CC(C)C)NC(=O)[C@H]2CCCN2C(=O)[C@@H](CC(C)C)N(C)C1=O,-5.49
4822,CC(C)C[C@H]1C(=O)N2CCC[C@@H]2C(=O)N[C@H](CC(C)C)C(=O)N[C@@H](Cc2ccccc2)C(=O)N2CCC[C@H]2C(=O)N(C)[C@H](C)C(=O)N[C@H](CC(C)C)C(=O)N1C,-5.68
4821,CC(C)C[C@@H]1NC(=O)[C@H]2CCCN2C(=O)[C@@H](CC(C)C)N(C)C(=O)[C@@H](CC(C)C)NC(=O)[C@@H](C)N(C)C(=O)[C@@H]2CCCN2C(=O)[C@H](Cc2ccccc2)NC1=O,-6.23
4820,CC(C)C[C@H]1NC(=O)[C@@H](C)N(C)C(=O)[C@@H]2CCCN2C(=O)[C@H](Cc2ccccc2)NC(=O)[C@@H](CC(C)C)N(C)C(=O)[C@H]2CCCN2C(=O)[C@@H](CC(C)C)NC1=O,-5.42
4819,CC(C)C[C@H]1NC(=O)[C@H]2CCCN2C(=O)[C@@H](CC(C)C)N(C)C(=O)[C@@H](CC(C)C)NC(=O)[C@@H](C)N(C)C(=O)[C@@H]2CCCN2C(=O)[C@H](Cc2ccccc2)NC1=O,-5.31
4818,CC(C)C[C@H]1NC(=O)[C@H]2CCCN2C(=O)[C@@H](CC(C)C)NC(=O)[C@@H](CC(C)C)N(C)C(=O)[C@@H](C)N(C)C(=O)[C@@H]2CCCN2C(=O)[C@H](Cc2ccccc2)NC1=O,-5.9
4817,CC(C)C[C@@H]1NC(=O)[C@@H](C)N(C)C(=O)[C@@H]2CCCN2C(=O)[C@H](Cc2ccccc2)NC(=O)[C@H](CC(C)C)NC(=O)[C@H]2CCCN2C(=O)[C@H](CC(C)C)NC1=O,-6.31
4816,CC(C)C[C@@H]1NC(=O)[C@@H](C)N(C)C(=O)[C@@H]2CCCN2C(=O)[C@H](Cc2ccccc2)NC(=O)[C@@H](CC(C)C)NC(=O)[C@H]2CCCN2C(=O)[C@H](CC(C)C)NC1=O,-5.88
4815,CC(C)C[C@@H]1NC(=O)[C@@H](CC(C)C)NC(=O)[C@@H](C)N(C)C(=O)[C@@H]2CCCN2C(=O)[C@H](Cc2ccccc2)NC(=O)[C@@H](CC(C)C)NC(=O)[C@H]2CCCN2C1=O,-5.71
4814,CC(C)C[C@@H]1NC(=O)[C@@H](C)N(C)C(=O)[C@@H]2CCCN2C(=O)[C@H](Cc2ccccc2)NC(=O)[C@@H](CC(C)C)NC(=O)[C@H]2CCCN2C(=O)[C@@H](CC(C)C)NC1=O,-6.75
4813,CC(C)C[C@H]1NC(=O)[C@@H](C)N(C)C(=O)[C@@H]2CCCN2C(=O)[C@H](Cc2ccccc2)NC(=O)[C@@H](CC(C)C)NC(=O)[C@H]2CCCN2C(=O)[C@@H](CC(C)C)NC1=O,-6.53
4807,CC(C)C[C@H]1C(=O)N(Cc2ccccc2)CC(=O)N2CCC[C@H]2C(=O)N(Cc2ccccc2)CC(=O)N[C@@H](Cc2ccccc2)C(=O)N2CCC[C@H]2C(=O)N(C)[C@H](C)C(=O)N1C,-5.91
4805,CC(C)C[C@H]1C(=O)N[C@@H](Cc2ccccc2)C(=O)N2CCC[C@H]2C(=O)N(C)[C@H](C)C(=O)N(C)[C@@H](CC(C)C)C(=O)N[C@@H](Cc2ccccc2)CC(=O)N2CCC[C@H]2C(=O)N1C,-5.44
4801,CC(C)C[C@H]1C(=O)N[C@@H](Cc2ccccc2)CC(=O)N2CCC[C@H]2C(=O)N(C)[C@H](CC(C)C)C(=O)N[C@@H](Cc2ccccc2)C(=O)N2CCC[C@H]2C(=O)N(C)[C@H](C)C(=O)N1C,-5.71
4800,CC(C)C[C@@H]1C(=O)N[C@@H](Cc2ccccc2)C(=O)N2CCC[C@H]2C(=O)N(C)[C@H](C)C(=O)N(C)[C@H](CC(C)C)C(=O)N[C@@H](Cc2ccccc2)CC(=O)N2CCC[C@H]2C(=O)N1C,-5.92
4799,CC(C)C[C@@H]1NC(=O)[C@@H]2CCCN2C(=O)CN(Cc2ccccc2)C(=O)CN(Cc2ccccc2)C(=O)[C@@H](C)N(C)C(=O)[C@@H]2CCCN2C(=O)[C@H](Cc2ccccc2)NC1=O,-6.8
4798,CC(C)C[C@H]1C(=O)N2CCC[C@H]2C(=O)N(C)[C@@H](CC(C)C)C(=O)N[C@@H](Cc2ccccc2)C(=O)N2CCC[C@H]2C(=O)N(C)[C@H](C)C(=O)N(Cc2ccccc2)CC(=O)N1C,-5.45
4797,CC(C)C[C@H]1C(=O)N2CCC[C@H]2C(=O)N(Cc2ccccc2)CC(=O)N[C@@H](Cc2ccccc2)C(=O)N2CCC[C@H]2C(=O)N(C)[C@H](C)C(=O)N(C)[C@@H](CC(C)C)C(=O)N1C,-5.55
4796,CC(C)C[C@H]1C(=O)N[C@@H](Cc2ccccc2)C(=O)N2CCC[C@H]2C(=O)N(C)[C@H](C)C(=O)N(C)[C@@H](CC(C)C)C(=O)N(Cc2ccccc2)CC(=O)N2CCC[C@H]2C(=O)N1C,-5.22
4795,CC(C)C[C@@H]1NC(=O)[C@@H]2CCCN2C(=O)C[C@H](Cc2ccccc2)NC(=O)[C@H](CC(C)C)N(C)C(=O)[C@@H](C)N(C)C(=O)[C@@H]2CCCN2C(=O)[C@H](Cc2ccccc2)NC1=O,-6.4
4793,CC(C)C[C@H]1NC(=O)[C@@H](C)N(C)C(=O)[C@@H]2CCCN2C(=O)[C@H](Cc2ccccc2)NC(=O)CN(Cc2ccccc2)C(=O)[C@@H]2CCCN2C(=O)CN(Cc2ccccc2)C1=O,-6.9
4792,CC(C)C[C@H]1C(=O)N2CCC[C@H]2C(=O)N(Cc2ccccc2)CC(=O)N[C@@H](Cc2ccccc2)C(=O)N2CCC[C@H]2C(=O)N(C)[C@H](C)C(=O)N(C)[C@H](CC(C)C)C(=O)N1C,-5.7
4791,CC(C)C[C@H]1C(=O)N(C)[C@H](CC(C)C)C(=O)N2CCC[C@H]2C(=O)N(Cc2ccccc2)CC(=O)N[C@@H](Cc2ccccc2)C(=O)N2CCC[C@H]2C(=O)N(C)[C@H](C)C(=O)N1C,-5.68
4790,CC(C)C[C@H]1C(=O)N(Cc2ccccc2)CC(=O)N2CCC[C@H]2C(=O)N(C)[C@H](CC(C)C)C(=O)N[C@@H](Cc2ccccc2)C(=O)N2CCC[C@H]2C(=O)N(C)[C@H](C)C(=O)N1C,-5.63
4789,CC(C)C[C@H]1C(=O)N[C@@H](Cc2ccccc2)C(=O)N2CCC[C@H]2C(=O)N(C)[C@H](C)C(=O)N[C@H](CC(C)C)C(=O)N[C@@H](Cc2ccccc2)CC(=O)N2CCC[C@H]2C(=O)N1C,-5.78
4788,CC(C)C[C@H]1C(=O)N[C@@H](Cc2ccccc2)CC(=O)N2CCC[C@H]2C(=O)N[C@H](CC(C)C)C(=O)N[C@@H](Cc2ccccc2)C(=O)N2CCC[C@H]2C(=O)N(C)[C@H](C)C(=O)N1C,-6.27
4787,CC(C)C[C@H]1NC(=O)[C@@H](C)N(C)C(=O)[C@@H]2CCCN2C(=O)[C@H](Cc2ccccc2)NC(=O)[C@@H](CC(C)C)N(C)C(=O)[C@@H]2CCCN2C(=O)C[C@H](Cc2ccccc2)NC1=O,-5.94
4785,CC(C)C[C@@H]1NC(=O)[C@@H]2CCCN2C(=O)CN(Cc2ccccc2)C(=O)[C@H](CC(C)C)N(C)C(=O)[C@@H](C)N(C)C(=O)[C@@H]2CCCN2C(=O)[C@H](Cc2ccccc2)NC1=O,-5.67
4784,CC(C)C[C@@H]1NC(=O)[C@H](CC(C)C)N(C)C(=O)[C@@H](C)N(C)C(=O)[C@@H]2CCCN2C(=O)[C@H](Cc2ccccc2)NC(=O)CN(Cc2ccccc2)C(=O)[C@@H]2CCCN2C1=O,-5.66
4783,CC(C)C[C@@H]1NC(=O)[C@@H](C)N(C)C(=O)[C@@H]2CCCN2C(=O)[C@H](Cc2ccccc2)NC(=O)[C@H](CC(C)C)N(C)C(=O)[C@@H]2CCCN2C(=O)CN(Cc2ccccc2)C1=O,-5.77
4782,CC(C)C[C@H]1C(=O)N2CCC[C@H]2C(=O)N(C)[C@@H](CC(C)C)C(=O)N[C@@H](Cc2ccccc2)C(=O)N2CCC[C@H]2C(=O)N(C)[C@H](C)C(=O)N(C)[C@@H](CC(C)C)C(=O)N1C,-5.34
4781,CC(C)C[C@@H]1NC(=O)[C@@H](C)N(C)C(=O)[C@@H]2CCCN2C(=O)[C@H](Cc2ccccc2)NC(=O)CN(Cc2ccccc2)C(=O)[C@@H]2CCCN2C(=O)[C@@H](CC(C)C)N(C)C1=O,-5.89
4780,CC(C)C[C@H]1C(=O)N[C@@H](Cc2ccccc2)C(=O)N2CCC[C@H]2C(=O)N(C)[C@H](C)C(=O)N(Cc2ccccc2)CC(=O)N[C@H](CC(C)C)C(=O)N2CCC[C@H]2C(=O)N1C,-5.2
4779,CC(C)C[C@@H]1NC(=O)[C@@H](CC(C)C)N(C)C(=O)[C@@H](C)N(C)C(=O)[C@@H]2CCCN2C(=O)[C@H](Cc2ccccc2)NC(=O)CN(Cc2ccccc2)C(=O)[C@@H]2CCCN2C1=O,-5.8
4778,CC(C)C[C@@H]1NC(=O)[C@@H](C)N(C)C(=O)[C@@H]2CCCN2C(=O)[C@H](Cc2ccccc2)NC(=O)[C@@H](CC(C)C)N(C)C(=O)[C@@H]2CCCN2C(=O)CN(Cc2ccccc2)C1=O,-5.61
4777,CC(C)C[C@H]1C(=O)N(Cc2ccccc2)CC(=O)N2CCC[C@H]2C(=O)N[C@H](CC(C)C)C(=O)N[C@@H](Cc2ccccc2)C(=O)N2CCC[C@H]2C(=O)N(C)[C@H](C)C(=O)N1C,-6.46
4776,CC(C)C[C@@H]1NC(=O)[C@@H]2CCCN2C(=O)CN(Cc2ccccc2)C(=O)[C@@H](CC(C)C)N(C)C(=O)[C@@H](C)N(C)C(=O)[C@@H]2CCCN2C(=O)[C@H](Cc2ccccc2)NC1=O,-6.71
4775,CC(C)C[C@H]1C(=O)N[C@@H](Cc2ccccc2)C(=O)N2CCC[C@H]2C(=O)N(C)[C@H](C)C(=O)N(C)[C@@H](CC(C)C)C(=O)N(C)[C@H](CC(C)C)C(=O)N2CCC[C@H]2C(=O)N1C,-5.25
4774,CC(C)C[C@H]1C(=O)N[C@@H](Cc2ccccc2)C(=O)N2CCC[C@H]2C(=O)N(C)[C@H](C)C(=O)N(C)[C@H](CC(C)C)C(=O)N(C)[C@@H](CC(C)C)C(=O)N2CCC[C@H]2C(=O)N1C,-5.36
4773,CC(C)C[C@H]1C(=O)N2CCC[C@H]2C(=O)N(C)[C@H](CC(C)C)C(=O)N[C@@H](Cc2ccccc2)C(=O)N2CCC[C@H]2C(=O)N(C)[C@H](C)C(=O)N(C)[C@@H](CC(C)C)C(=O)N1C,-5.41
4772,CC(C)C[C@H]1NC(=O)[C@@H](CC(C)C)N(C)C(=O)[C@@H](C)N(C)C(=O)[C@@H]2CCCN2C(=O)[C@H](Cc2ccccc2)NC(=O)CN(Cc2ccccc2)C(=O)[C@@H]2CCCN2C1=O,-5.45
4771,CC(C)C[C@H]1NC(=O)[C@@H]2CCCN2C(=O)[C@@H](CC(C)C)N(C)C(=O)CN(Cc2ccccc2)C(=O)[C@@H](C)N(C)C(=O)[C@@H]2CCCN2C(=O)[C@H](Cc2ccccc2)NC1=O,-5.55
4770,CC(C)C[C@H]1NC(=O)CN(Cc2ccccc2)C(=O)[C@@H](C)N(C)C(=O)[C@@H]2CCCN2C(=O)[C@H](Cc2ccccc2)NC(=O)[C@@H](CC(C)C)N(C)C(=O)[C@@H]2CCCN2C1=O,-5.4
4769,CC(C)C[C@H]1NC(=O)[C@@H](C)N(C)C(=O)[C@@H]2CCCN2C(=O)[C@H](Cc2ccccc2)NC(=O)CN(Cc2ccccc2)C(=O)[C@@H]2CCCN2C(=O)[C@@H](CC(C)C)N(C)C1=O,-5.36
4768,CC(C)C[C@H]1NC(=O)[C@@H](C)N(C)C(=O)[C@@H]2CCCN2C(=O)[C@H](Cc2ccccc2)NC(=O)[C@@H](CC(C)C)N(C)C(=O)[C@@H]2CCCN2C(=O)CN(Cc2ccccc2)C1=O,-6.02
4767,CC(C)C[C@H]1NC(=O)[C@@H]2CCCN2C(=O)CN(Cc2ccccc2)C(=O)[C@@H](CC(C)C)N(C)C(=O)[C@@H](C)N(C)C(=O)[C@@H]2CCCN2C(=O)[C@H](Cc2ccccc2)NC1=O,-7.21
4766,CC(C)C[C@H]1C(=O)N[C@@H](Cc2ccccc2)C(=O)N2CCC[C@H]2C(=O)N(C)[C@H](C)C(=O)N(C)[C@H](CC(C)C)C(=O)N(C)[C@H](CC(C)C)C(=O)N2CCC[C@H]2C(=O)N1C,-4.99
4765,CC(C)C[C@H]1C(=O)N(C)[C@H](CC(C)C)C(=O)N2CCC[C@H]2C(=O)N(C)[C@H](CC(C)C)C(=O)N[C@@H](Cc2ccccc2)C(=O)N2CCC[C@H]2C(=O)N(C)[C@H](C)C(=O)N1C,-5.46
4764,CC(C)C[C@H]1C(=O)N2CCC[C@H]2C(=O)N(C)[C@H](CC(C)C)C(=O)N[C@@H](Cc2ccccc2)C(=O)N2CCC[C@H]2C(=O)N(C)[C@H](C)C(=O)N(C)[C@H](CC(C)C)C(=O)N1C,-5.83
4763,CC(C)C[C@@H]1C(=O)N[C@@H](Cc2ccccc2)C(=O)N2CCC[C@H]2C(=O)N(C)[C@H](C)C(=O)N(C)[C@H](CC(C)C)C(=O)N(C)[C@H](CC(C)C)C(=O)N2CCC[C@H]2C(=O)N1C,-5.08
4762,CC(C)C[C@@H]1NC(=O)[C@@H]2CCCN2C(=O)CN(Cc2ccccc2)C(=O)[C@H](CC(C)C)NC(=O)[C@@H](C)N(C)C(=O)[C@@H]2CCCN2C(=O)[C@H](Cc2ccccc2)NC1=O,-5.92
4761,CC(C)C[C@@H]1NC(=O)[C@@H](C)N(C)C(=O)[C@@H]2CCCN2C(=O)[C@H](Cc2ccccc2)NC(=O)CN(Cc2ccccc2)C(=O)[C@@H]2CCCN2C(=O)[C@H](CC(C)C)NC1=O,-6.32
4760,CC(C)C[C@@H]1NC(=O)[C@H](CC(C)C)N(C)C(=O)[C@@H](C)N(C)C(=O)[C@@H]2CCCN2C(=O)[C@H](Cc2ccccc2)NC(=O)[C@H](CC(C)C)N(C)C(=O)[C@@H]2CCCN2C1=O,-5.38
4759,CC(C)C[C@@H]1NC(=O)[C@@H](C)N(C)C(=O)[C@@H]2CCCN2C(=O)[C@H](Cc2ccccc2)NC(=O)[C@H](CC(C)C)N(C)C(=O)[C@@H]2CCCN2C(=O)[C@H](CC(C)C)N(C)C1=O,-5.42
4758,CC(C)C[C@@H]1NC(=O)[C@@H](C)N(C)C(=O)[C@@H]2CCCN2C(=O)[C@H](Cc2ccccc2)NC(=O)CN(Cc2ccccc2)C(=O)[C@@H]2CCCN2C(=O)[C@@H](CC(C)C)NC1=O,-6.38
4757,CC(C)C[C@@H]1NC(=O)[C@@H](CC(C)C)NC(=O)[C@@H](C)N(C)C(=O)[C@@H]2CCCN2C(=O)[C@H](Cc2ccccc2)NC(=O)CN(Cc2ccccc2)C(=O)[C@@H]2CCCN2C1=O,-6.16
4756,CC(C)C[C@@H]1NC(=O)[C@@H](C)N(C)C(=O)[C@@H]2CCCN2C(=O)[C@H](Cc2ccccc2)NC(=O)[C@@H](CC(C)C)NC(=O)[C@@H]2CCCN2C(=O)CN(Cc2ccccc2)C1=O,-5.95
4755,CC(C)C[C@@H]1NC(=O)[C@@H]2CCCN2C(=O)CN(Cc2ccccc2)C(=O)[C@@H](CC(C)C)NC(=O)[C@@H](C)N(C)C(=O)[C@@H]2CCCN2C(=O)[C@H](Cc2ccccc2)NC1=O,-6.44
4754,CC(C)C[C@@H]1NC(=O)[C@@H]2CCCN2C(=O)[C@@H](CC(C)C)N(C)C(=O)[C@H](CC(C)C)N(C)C(=O)[C@@H](C)N(C)C(=O)[C@@H]2CCCN2C(=O)[C@H](Cc2ccccc2)NC1=O,-5.88
4753,CC(C)C[C@H]1C(=O)N[C@@H](Cc2ccccc2)C(=O)N2CCC[C@H]2C(=O)N(C)[C@H](C)C(=O)N(C)[C@@H](CC(C)C)C(=O)N[C@H](CC(C)C)C(=O)N2CCC[C@H]2C(=O)N1C,-5.06
4752,CC(C)C[C@H]1C(=O)N[C@@H](Cc2ccccc2)C(=O)N2CCC[C@H]2C(=O)N(C)[C@H](C)C(=O)N[C@H](CC(C)C)C(=O)N(C)[C@@H](CC(C)C)C(=O)N2CCC[C@H]2C(=O)N1C,-5.54
4751,CC(C)C[C@@H]1NC(=O)[C@@H](C)N(C)C(=O)[C@@H]2CCCN2C(=O)[C@H](Cc2ccccc2)NC(=O)[C@H](CC(C)C)N(C)C(=O)[C@@H]2CCCN2C(=O)[C@@H](CC(C)C)N(C)C1=O,-5.68
4750,CC(C)C[C@@H]1NC(=O)[C@@H](C)N(C)C(=O)[C@@H]2CCCN2C(=O)[C@H](Cc2ccccc2)NC(=O)[C@@H](CC(C)C)N(C)C(=O)[C@@H]2CCCN2C(=O)[C@H](CC(C)C)N(C)C1=O,-6.02
4749,CC(C)C[C@H]1NC(=O)[C@@H]2CCCN2C(=O)CN(Cc2ccccc2)C(=O)[C@@H](CC(C)C)NC(=O)[C@@H](C)N(C)C(=O)[C@@H]2CCCN2C(=O)[C@H](Cc2ccccc2)NC1=O,-5.98
4748,CC(C)C[C@H]1NC(=O)[C@@H](C)N(C)C(=O)[C@@H]2CCCN2C(=O)[C@H](Cc2ccccc2)NC(=O)CN(Cc2ccccc2)C(=O)[C@@H]2CCCN2C(=O)[C@@H](CC(C)C)NC1=O,-5.94
4747,CC(C)C[C@H]1C(=O)N2CCC[C@H]2C(=O)N[C@H](CC(C)C)C(=O)N[C@@H](Cc2ccccc2)C(=O)N2CCC[C@H]2C(=O)N(C)[C@H](C)C(=O)N(C)[C@H](CC(C)C)C(=O)N1C,-6.82
4746,CC(C)C[C@@H]1NC(=O)[C@@H](CC(C)C)N(C)C(=O)[C@@H](C)N(C)C(=O)[C@@H]2CCCN2C(=O)[C@H](Cc2ccccc2)NC(=O)[C@@H](CC(C)C)N(C)C(=O)[C@@H]2CCCN2C1=O,-5.27
4745,CC(C)C[C@@H]1NC(=O)[C@@H](C)N(C)C(=O)[C@@H]2CCCN2C(=O)[C@H](Cc2ccccc2)NC(=O)[C@@H](CC(C)C)N(C)C(=O)[C@@H]2CCCN2C(=O)[C@@H](CC(C)C)N(C)C1=O,-5.67
4744,CC(C)C[C@H]1C(=O)N2CCC[C@H]2C(=O)N(C)[C@H](CC(C)C)C(=O)N[C@@H](Cc2ccccc2)C(=O)N2CCC[C@H]2C(=O)N(C)[C@H](C)C(=O)N[C@H](CC(C)C)C(=O)N1C,-5.59
4743,CC(C)C[C@H]1C(=O)N[C@H](CC(C)C)C(=O)N2CCC[C@H]2C(=O)N(C)[C@H](CC(C)C)C(=O)N[C@@H](Cc2ccccc2)C(=O)N2CCC[C@H]2C(=O)N(C)[C@H](C)C(=O)N1C,-5.42
4742,CC(C)C[C@H]1C(=O)N[C@@H](Cc2ccccc2)C(=O)N2CCC[C@H]2C(=O)N(C)[C@H](C)C(=O)N[C@H](CC(C)C)C(=O)N(C)[C@H](CC(C)C)C(=O)N2CCC[C@H]2C(=O)N1C,-5.33
4741,CC(C)C[C@H]1NC(=O)[C@@H](CC(C)C)N(C)C(=O)[C@@H](C)N(C)C(=O)[C@@H]2CCCN2C(=O)[C@H](Cc2ccccc2)NC(=O)[C@@H](CC(C)C)N(C)C(=O)[C@@H]2CCCN2C1=O,-5.13
4740,CC(C)C[C@H]1NC(=O)[C@@H]2CCCN2C(=O)[C@@H](CC(C)C)N(C)C(=O)[C@@H](CC(C)C)N(C)C(=O)[C@@H](C)N(C)C(=O)[C@@H]2CCCN2C(=O)[C@H](Cc2ccccc2)NC1=O,-5.1
4739,CC(C)C[C@H]1NC(=O)[C@@H](C)N(C)C(=O)[C@@H]2CCCN2C(=O)[C@H](Cc2ccccc2)NC(=O)[C@@H](CC(C)C)N(C)C(=O)[C@@H]2CCCN2C(=O)[C@@H](CC(C)C)N(C)C1=O,-5.26
4738,CC(C)C[C@@H]1NC(=O)[C@@H](C)N(C)C(=O)[C@@H]2CCCN2C(=O)[C@H](Cc2ccccc2)NC(=O)[C@H](CC(C)C)N(C)C(=O)[C@@H]2CCCN2C(=O)[C@H](CC(C)C)NC1=O,-5.98
4737,CC(C)C[C@@H]1NC(=O)[C@@H]2CCCN2C(=O)[C@H](CC(C)C)N(C)C(=O)[C@H](CC(C)C)NC(=O)[C@@H](C)N(C)C(=O)[C@@H]2CCCN2C(=O)[C@H](Cc2ccccc2)NC1=O,-6.54
4736,CC(C)C[C@@H]1NC(=O)[C@@H](C)N(C)C(=O)[C@@H]2CCCN2C(=O)[C@H](Cc2ccccc2)NC(=O)[C@H](CC(C)C)N(C)C(=O)[C@@H]2CCCN2C(=O)[C@@H](CC(C)C)NC1=O,-5.32
4735,CC(C)C[C@@H]1NC(=O)[C@@H]2CCCN2C(=O)[C@@H](CC(C)C)N(C)C(=O)[C@H](CC(C)C)NC(=O)[C@@H](C)N(C)C(=O)[C@@H]2CCCN2C(=O)[C@H](Cc2ccccc2)NC1=O,-5.7
4734,CC(C)C[C@@H]1NC(=O)[C@@H]2CCCN2C(=O)[C@@H](CC(C)C)NC(=O)[C@H](CC(C)C)N(C)C(=O)[C@@H](C)N(C)C(=O)[C@@H]2CCCN2C(=O)[C@H](Cc2ccccc2)NC1=O,-6.32
4733,CC(C)C[C@@H]1NC(=O)[C@@H]2CCCN2C(=O)[C@H](CC(C)C)N(C)C(=O)[C@@H](CC(C)C)NC(=O)[C@@H](C)N(C)C(=O)[C@@H]2CCCN2C(=O)[C@H](Cc2ccccc2)NC1=O,-6.86
4732,CC(C)C[C@@H]1NC(=O)[C@@H](C)N(C)C(=O)[C@@H]2CCCN2C(=O)[C@H](Cc2ccccc2)NC(=O)[C@@H](CC(C)C)NC(=O)[C@@H]2CCCN2C(=O)[C@H](CC(C)C)N(C)C1=O,-6.78
4731,CC(C)C[C@@H]1NC(=O)[C@@H](C)N(C)C(=O)[C@@H]2CCCN2C(=O)[C@H](Cc2ccccc2)NC(=O)[C@@H](CC(C)C)N(C)C(=O)[C@@H]2CCCN2C(=O)[C@@H](CC(C)C)NC1=O,-5.43
4730,CC(C)C[C@@H]1NC(=O)[C@@H](C)N(C)C(=O)[C@@H]2CCCN2C(=O)[C@H](Cc2ccccc2)NC(=O)[C@@H](CC(C)C)NC(=O)[C@@H]2CCCN2C(=O)[C@@H](CC(C)C)N(C)C1=O,-6.07
4729,CC(C)C[C@@H]1NC(=O)[C@@H]2CCCN2C(=O)[C@@H](CC(C)C)NC(=O)[C@@H](CC(C)C)N(C)C(=O)[C@@H](C)N(C)C(=O)[C@@H]2CCCN2C(=O)[C@H](Cc2ccccc2)NC1=O,-5.86
4728,CC(C)C[C@@H]1NC(=O)[C@@H](CC(C)C)NC(=O)[C@@H](C)N(C)C(=O)[C@@H]2CCCN2C(=O)[C@H](Cc2ccccc2)NC(=O)[C@@H](CC(C)C)N(C)C(=O)[C@@H]2CCCN2C1=O,-5.79
4727,CC(C)C[C@H]1C(=O)N[C@H](CC(C)C)C(=O)N2CCC[C@H]2C(=O)N[C@H](CC(C)C)C(=O)N[C@@H](Cc2ccccc2)C(=O)N2CCC[C@H]2C(=O)N(C)[C@H](C)C(=O)N1C,-6.43
4726,CC(C)C[C@H]1NC(=O)[C@@H]2CCCN2C(=O)[C@@H](CC(C)C)N(C)C(=O)[C@@H](CC(C)C)NC(=O)[C@@H](C)N(C)C(=O)[C@@H]2CCCN2C(=O)[C@H](Cc2ccccc2)NC1=O,-5.67
4725,CC(C)C[C@H]1NC(=O)[C@@H]2CCCN2C(=O)[C@@H](CC(C)C)NC(=O)[C@@H](CC(C)C)N(C)C(=O)[C@@H](C)N(C)C(=O)[C@@H]2CCCN2C(=O)[C@H](Cc2ccccc2)NC1=O,-5.52
4724,CC(C)C[C@H]1NC(=O)[C@@H](C)N(C)C(=O)[C@@H]2CCCN2C(=O)[C@H](Cc2ccccc2)NC(=O)[C@@H](CC(C)C)N(C)C(=O)[C@@H]2CCCN2C(=O)[C@@H](CC(C)C)NC1=O,-5.67
4723,CC(C)C[C@@H]1NC(=O)[C@@H]2CCCN2C(=O)[C@H](CC(C)C)NC(=O)[C@H](CC(C)C)NC(=O)[C@@H](C)N(C)C(=O)[C@@H]2CCCN2C(=O)[C@H](Cc2ccccc2)NC1=O,-6.52
4722,CC(C)C[C@@H]1NC(=O)[C@@H](C)N(C)C(=O)[C@@H]2CCCN2C(=O)[C@H](Cc2ccccc2)NC(=O)[C@@H](CC(C)C)NC(=O)[C@@H]2CCCN2C(=O)[C@H](CC(C)C)NC1=O,-7.64
4721,CC(C)C[C@@H]1NC(=O)[C@@H]2CCCN2C(=O)[C@H](CC(C)C)NC(=O)[C@@H](CC(C)C)NC(=O)[C@@H](C)N(C)C(=O)[C@@H]2CCCN2C(=O)[C@H](Cc2ccccc2)NC1=O,-4.0
4720,CC(C)C[C@@H]1NC(=O)[C@@H](C)N(C)C(=O)[C@@H]2CCCN2C(=O)[C@H](Cc2ccccc2)NC(=O)[C@@H](CC(C)C)NC(=O)[C@@H]2CCCN2C(=O)[C@@H](CC(C)C)NC1=O,-6.34
4718,CC(C)C[C@H]1NC(=O)[C@@H]2CCCN2C(=O)[C@@H](CC(C)C)NC(=O)[C@@H](CC(C)C)NC(=O)[C@@H](C)N(C)C(=O)[C@@H]2CCCN2C(=O)[C@H](Cc2ccccc2)NC1=O,-6.01
4714,CC(C)C[C@H]1C(=O)N[C@@H](Cc2ccccc2)CC(=O)N2CCC[C@H]2C(=O)N(C)[C@@H](CC(C)C)C(=O)N[C@@H](Cc2ccccc2)C(=O)N2CCC[C@H]2C(=O)N(C)[C@@H](C)C(=O)N1C,-5.23
4713,CC(C)C[C@@H]1C(=O)N(Cc2ccccc2)CC(=O)N2CCC[C@H]2C(=O)N(Cc2ccccc2)CC(=O)N[C@@H](Cc2ccccc2)C(=O)N2CCC[C@H]2C(=O)N(C)[C@@H](C)C(=O)N1C,-5.92
4711,CC(C)C[C@H]1C(=O)N[C@@H](Cc2ccccc2)C(=O)N2CCC[C@H]2C(=O)N(C)[C@@H](C)C(=O)N(C)[C@H](CC(C)C)C(=O)N[C@@H](Cc2ccccc2)CC(=O)N2CCC[C@H]2C(=O)N1C,-5.5
4710,CC(C)C[C@H]1C(=O)N[C@@H](Cc2ccccc2)CC(=O)N2CCC[C@H]2C(=O)N(C)[C@H](CC(C)C)C(=O)N[C@@H](Cc2ccccc2)C(=O)N2CCC[C@H]2C(=O)N(C)[C@@H](C)C(=O)N1C,-5.74
4708,CC(C)C[C@@H]1NC(=O)[C@H](C)N(C)C(=O)[C@@H]2CCCN2C(=O)[C@H](Cc2ccccc2)NC(=O)CN(Cc2ccccc2)C(=O)[C@@H]2CCCN2C(=O)CN(Cc2ccccc2)C1=O,-6.13
4707,CC(C)C[C@H]1C(=O)N(C)[C@@H](CC(C)C)C(=O)N2CCC[C@H]2C(=O)N(Cc2ccccc2)CC(=O)N[C@@H](Cc2ccccc2)C(=O)N2CCC[C@H]2C(=O)N(C)[C@@H](C)C(=O)N1C,-5.05
4706,CC(C)C[C@H]1C(=O)N(Cc2ccccc2)CC(=O)N2CCC[C@H]2C(=O)N(C)[C@@H](CC(C)C)C(=O)N[C@@H](Cc2ccccc2)C(=O)N2CCC[C@H]2C(=O)N(C)[C@@H](C)C(=O)N1C,-5.48
4705,CC(C)C[C@H]1C(=O)N2CCC[C@H]2C(=O)N(C)[C@@H](CC(C)C)C(=O)N[C@@H](Cc2ccccc2)C(=O)N2CCC[C@H]2C(=O)N(C)[C@@H](C)C(=O)N(Cc2ccccc2)CC(=O)N1C,-5.42
4704,CC(C)C[C@H]1NC(=O)[C@H](C)N(C)C(=O)[C@@H]2CCCN2C(=O)[C@H](Cc2ccccc2)NC(=O)CN(Cc2ccccc2)C(=O)[C@@H]2CCCN2C(=O)CN(Cc2ccccc2)C1=O,-6.28
4703,CC(C)C[C@H]1C(=O)N2CCC[C@H]2C(=O)N(C)[C@H](CC(C)C)C(=O)N[C@@H](Cc2ccccc2)C(=O)N2CCC[C@H]2C(=O)N(C)[C@@H](C)C(=O)N(Cc2ccccc2)CC(=O)N1C,-5.74
4702,CC(C)C[C@@H]1NC(=O)[C@H](C)N(C)C(=O)[C@@H]2CCCN2C(=O)[C@H](Cc2ccccc2)NC(=O)[C@@H](CC(C)C)N(C)C(=O)[C@@H]2CCCN2C(=O)C[C@H](Cc2ccccc2)NC1=O,-5.87
4701,CC(C)C[C@H]1C(=O)N2CCC[C@H]2C(=O)N(Cc2ccccc2)CC(=O)N[C@@H](Cc2ccccc2)C(=O)N2CCC[C@H]2C(=O)N(C)[C@@H](C)C(=O)N(C)[C@H](CC(C)C)C(=O)N1C,-5.81
4700,CC(C)C[C@H]1C(=O)N(C)[C@H](CC(C)C)C(=O)N2CCC[C@H]2C(=O)N(Cc2ccccc2)CC(=O)N[C@@H](Cc2ccccc2)C(=O)N2CCC[C@H]2C(=O)N(C)[C@@H](C)C(=O)N1C,-5.48
4699,CC(C)C[C@H]1C(=O)N(Cc2ccccc2)CC(=O)N2CCC[C@H]2C(=O)N(C)[C@H](CC(C)C)C(=O)N[C@@H](Cc2ccccc2)C(=O)N2CCC[C@H]2C(=O)N(C)[C@@H](C)C(=O)N1C,-5.98
4698,CC(C)C[C@H]1C(=O)N[C@@H](Cc2ccccc2)C(=O)N2CCC[C@H]2C(=O)N(C)[C@@H](C)C(=O)N[C@H](CC(C)C)C(=O)N[C@@H](Cc2ccccc2)CC(=O)N2CCC[C@H]2C(=O)N1C,-5.58
4697,CC(C)C[C@H]1C(=O)N[C@@H](Cc2ccccc2)C(=O)N2CCC[C@H]2C(=O)N(C)[C@@H](C)C(=O)N(C)[C@H](CC(C)C)C(=O)N(Cc2ccccc2)CC(=O)N2CCC[C@H]2C(=O)N1C,-5.85
4696,CC(C)C[C@@H]1C(=O)N(Cc2ccccc2)CC(=O)N2CCC[C@H]2C(=O)N(C)[C@H](CC(C)C)C(=O)N[C@@H](Cc2ccccc2)C(=O)N2CCC[C@H]2C(=O)N(C)[C@@H](C)C(=O)N1C,-6.11
4695,CC(C)C[C@@H]1C(=O)N2CCC[C@H]2C(=O)N(C)[C@H](CC(C)C)C(=O)N[C@@H](Cc2ccccc2)C(=O)N2CCC[C@H]2C(=O)N(C)[C@@H](C)C(=O)N(Cc2ccccc2)CC(=O)N1C,-5.59
4693,CC(C)C[C@@H]1NC(=O)[C@H](C)N(C)C(=O)[C@@H]2CCCN2C(=O)[C@H](Cc2ccccc2)NC(=O)[C@H](CC(C)C)NC(=O)[C@@H]2CCCN2C(=O)C[C@H](Cc2ccccc2)NC1=O,-6.22
4692,CC(C)C[C@@H]1NC(=O)[C@H](C)N(C)C(=O)[C@@H]2CCCN2C(=O)[C@H](Cc2ccccc2)NC(=O)CN(Cc2ccccc2)C(=O)[C@@H]2CCCN2C(=O)[C@@H](CC(C)C)N(C)C1=O,-5.66
4691,CC(C)C[C@@H]1NC(=O)CN(Cc2ccccc2)C(=O)[C@H](C)N(C)C(=O)[C@@H]2CCCN2C(=O)[C@H](Cc2ccccc2)NC(=O)[C@@H](CC(C)C)N(C)C(=O)[C@@H]2CCCN2C1=O,-5.64
4690,CC(C)C[C@H]1C(=O)N[C@@H](Cc2ccccc2)C(=O)N2CCC[C@H]2C(=O)N(C)[C@@H](C)C(=O)N(Cc2ccccc2)CC(=O)N[C@H](CC(C)C)C(=O)N2CCC[C@H]2C(=O)N1C,-5.17
4689,CC(C)C[C@@H]1NC(=O)[C@@H](CC(C)C)N(C)C(=O)[C@H](C)N(C)C(=O)[C@@H]2CCCN2C(=O)[C@H](Cc2ccccc2)NC(=O)CN(Cc2ccccc2)C(=O)[C@@H]2CCCN2C1=O,-5.81
4688,CC(C)C[C@H]1C(=O)N2CCC[C@H]2C(=O)N(Cc2ccccc2)CC(=O)N[C@@H](Cc2ccccc2)C(=O)N2CCC[C@H]2C(=O)N(C)[C@@H](C)C(=O)N[C@H](CC(C)C)C(=O)N1C,-5.88
4687,CC(C)C[C@@H]1NC(=O)[C@H](C)N(C)C(=O)[C@@H]2CCCN2C(=O)[C@H](Cc2ccccc2)NC(=O)[C@@H](CC(C)C)NC(=O)[C@@H]2CCCN2C(=O)C[C@H](Cc2ccccc2)NC1=O,-6.2
4686,CC(C)C[C@@H]1NC(=O)[C@H](C)N(C)C(=O)[C@@H]2CCCN2C(=O)[C@H](Cc2ccccc2)NC(=O)[C@@H](CC(C)C)N(C)C(=O)[C@@H]2CCCN2C(=O)CN(Cc2ccccc2)C1=O,-6.04
4685,CC(C)C[C@H]1C(=O)N[C@@H](Cc2ccccc2)C(=O)N2CCC[C@H]2C(=O)N(C)[C@@H](C)C(=O)N[C@H](CC(C)C)C(=O)N(Cc2ccccc2)CC(=O)N2CCC[C@H]2C(=O)N1C,-6.09
4684,CC(C)C[C@H]1C(=O)N[C@H](CC(C)C)C(=O)N2CCC[C@H]2C(=O)N(Cc2ccccc2)CC(=O)N[C@@H](Cc2ccccc2)C(=O)N2CCC[C@H]2C(=O)N(C)[C@@H](C)C(=O)N1C,-5.9
4681,CC(C)C[C@H]1C(=O)N[C@@H](Cc2ccccc2)C(=O)N2CCC[C@H]2C(=O)N(C)[C@@H](C)C(=O)N(C)[C@H](CC(C)C)C(=O)N(C)[C@@H](CC(C)C)C(=O)N2CCC[C@H]2C(=O)N1C,-5.55
4680,CC(C)C[C@H]1C(=O)N(C)[C@H](CC(C)C)C(=O)N2CCC[C@H]2C(=O)N(C)[C@@H](CC(C)C)C(=O)N[C@@H](Cc2ccccc2)C(=O)N2CCC[C@H]2C(=O)N(C)[C@@H](C)C(=O)N1C,-5.4
4679,CC(C)C[C@H]1NC(=O)CN(Cc2ccccc2)C(=O)[C@H](C)N(C)C(=O)[C@@H]2CCCN2C(=O)[C@H](Cc2ccccc2)NC(=O)[C@@H](CC(C)C)N(C)C(=O)[C@@H]2CCCN2C1=O,-5.22
4678,CC(C)C[C@H]1NC(=O)[C@@H](CC(C)C)N(C)C(=O)[C@H](C)N(C)C(=O)[C@@H]2CCCN2C(=O)[C@H](Cc2ccccc2)NC(=O)CN(Cc2ccccc2)C(=O)[C@@H]2CCCN2C1=O,-5.17
4677,CC(C)C[C@H]1NC(=O)[C@@H]2CCCN2C(=O)[C@@H](CC(C)C)N(C)C(=O)CN(Cc2ccccc2)C(=O)[C@H](C)N(C)C(=O)[C@@H]2CCCN2C(=O)[C@H](Cc2ccccc2)NC1=O,-5.52
4676,CC(C)C[C@H]1NC(=O)[C@H](C)N(C)C(=O)[C@@H]2CCCN2C(=O)[C@H](Cc2ccccc2)NC(=O)[C@@H](CC(C)C)N(C)C(=O)[C@@H]2CCCN2C(=O)CN(Cc2ccccc2)C1=O,-6.25
4675,CC(C)C[C@H]1NC(=O)[C@@H]2CCCN2C(=O)CN(Cc2ccccc2)C(=O)[C@@H](CC(C)C)N(C)C(=O)[C@H](C)N(C)C(=O)[C@@H]2CCCN2C(=O)[C@H](Cc2ccccc2)NC1=O,-6.36
4674,CC(C)C[C@H]1NC(=O)[C@H](C)N(C)C(=O)[C@@H]2CCCN2C(=O)[C@H](Cc2ccccc2)NC(=O)[C@@H](CC(C)C)NC(=O)[C@@H]2CCCN2C(=O)C[C@H](Cc2ccccc2)NC1=O,-6.65
4673,CC(C)C[C@H]1C(=O)N2CCC[C@H]2C(=O)N(C)[C@H](CC(C)C)C(=O)N[C@@H](Cc2ccccc2)C(=O)N2CCC[C@H]2C(=O)N(C)[C@@H](C)C(=O)N(C)[C@H](CC(C)C)C(=O)N1C,-5.73
4672,CC(C)C[C@H]1C(=O)N(C)[C@H](CC(C)C)C(=O)N2CCC[C@H]2C(=O)N(C)[C@H](CC(C)C)C(=O)N[C@@H](Cc2ccccc2)C(=O)N2CCC[C@H]2C(=O)N(C)[C@@H](C)C(=O)N1C,-6.14
4671,CC(C)C[C@@H]1C(=O)N(C)[C@H](CC(C)C)C(=O)N2CCC[C@H]2C(=O)N(C)[C@H](CC(C)C)C(=O)N[C@@H](Cc2ccccc2)C(=O)N2CCC[C@H]2C(=O)N(C)[C@@H](C)C(=O)N1C,-5.8
4670,CC(C)C[C@@H]1NC(=O)[C@H](C)N(C)C(=O)[C@@H]2CCCN2C(=O)[C@H](Cc2ccccc2)NC(=O)CN(Cc2ccccc2)C(=O)[C@@H]2CCCN2C(=O)[C@H](CC(C)C)NC1=O,-6.17
4669,CC(C)C[C@@H]1NC(=O)[C@@H]2CCCN2C(=O)CN(Cc2ccccc2)C(=O)[C@H](CC(C)C)NC(=O)[C@H](C)N(C)C(=O)[C@@H]2CCCN2C(=O)[C@H](Cc2ccccc2)NC1=O,-6.28
4668,CC(C)C[C@@H]1NC(=O)[C@H](CC(C)C)N(C)C(=O)[C@H](C)N(C)C(=O)[C@@H]2CCCN2C(=O)[C@H](Cc2ccccc2)NC(=O)[C@H](CC(C)C)N(C)C(=O)[C@@H]2CCCN2C1=O,-5.16
4667,CC(C)C[C@@H]1NC(=O)[C@H](C)N(C)C(=O)[C@@H]2CCCN2C(=O)[C@H](Cc2ccccc2)NC(=O)[C@@H](CC(C)C)NC(=O)[C@@H]2CCCN2C(=O)CN(Cc2ccccc2)C1=O,-6.04
4666,CC(C)C[C@@H]1NC(=O)[C@@H](CC(C)C)NC(=O)[C@H](C)N(C)C(=O)[C@@H]2CCCN2C(=O)[C@H](Cc2ccccc2)NC(=O)CN(Cc2ccccc2)C(=O)[C@@H]2CCCN2C1=O,-6.29
4664,CC(C)C[C@@H]1NC(=O)[C@@H]2CCCN2C(=O)CN(Cc2ccccc2)C(=O)[C@@H](CC(C)C)NC(=O)[C@H](C)N(C)C(=O)[C@@H]2CCCN2C(=O)[C@H](Cc2ccccc2)NC1=O,-6.79
4663,CC(C)C[C@@H]1NC(=O)[C@H](C)N(C)C(=O)[C@@H]2CCCN2C(=O)[C@H](Cc2ccccc2)NC(=O)[C@H](CC(C)C)N(C)C(=O)[C@@H]2CCCN2C(=O)[C@@H](CC(C)C)N(C)C1=O,-5.28
4662,CC(C)C[C@H]1C(=O)N[C@@H](Cc2ccccc2)C(=O)N2CCC[C@H]2C(=O)N(C)[C@@H](C)C(=O)N[C@H](CC(C)C)C(=O)N(C)[C@@H](CC(C)C)C(=O)N2CCC[C@H]2C(=O)N1C,-5.59
4661,CC(C)C[C@@H]1NC(=O)[C@@H]2CCCN2C(=O)[C@H](CC(C)C)N(C)C(=O)[C@@H](CC(C)C)N(C)C(=O)[C@H](C)N(C)C(=O)[C@@H]2CCCN2C(=O)[C@H](Cc2ccccc2)NC1=O,-6.41
4660,CC(C)C[C@@H]1NC(=O)[C@H](C)N(C)C(=O)[C@@H]2CCCN2C(=O)[C@H](Cc2ccccc2)NC(=O)[C@@H](CC(C)C)N(C)C(=O)[C@@H]2CCCN2C(=O)[C@H](CC(C)C)N(C)C1=O,-6.22
4659,CC(C)C[C@H]1NC(=O)[C@@H]2CCCN2C(=O)[C@@H](CC(C)C)NC(=O)CN(Cc2ccccc2)C(=O)[C@H](C)N(C)C(=O)[C@@H]2CCCN2C(=O)[C@H](Cc2ccccc2)NC1=O,-5.8
4658,CC(C)C[C@H]1NC(=O)[C@H](C)N(C)C(=O)[C@@H]2CCCN2C(=O)[C@H](Cc2ccccc2)NC(=O)CN(Cc2ccccc2)C(=O)[C@@H]2CCCN2C(=O)[C@@H](CC(C)C)NC1=O,-6.38
4657,CC(C)C[C@@H]1NC(=O)[C@@H](CC(C)C)N(C)C(=O)[C@H](C)N(C)C(=O)[C@@H]2CCCN2C(=O)[C@H](Cc2ccccc2)NC(=O)[C@@H](CC(C)C)N(C)C(=O)[C@@H]2CCCN2C1=O,-5.47
4656,CC(C)C[C@H]1C(=O)N[C@@H](Cc2ccccc2)C(=O)N2CCC[C@H]2C(=O)N(C)[C@@H](C)C(=O)N(C)[C@H](CC(C)C)C(=O)N[C@H](CC(C)C)C(=O)N2CCC[C@H]2C(=O)N1C,-5.03
4655,CC(C)C[C@@H]1NC(=O)[C@H](C)N(C)C(=O)[C@@H]2CCCN2C(=O)[C@H](Cc2ccccc2)NC(=O)[C@@H](CC(C)C)N(C)C(=O)[C@@H]2CCCN2C(=O)[C@@H](CC(C)C)N(C)C1=O,-5.32
4654,CC(C)C[C@H]1C(=O)N2CCC[C@H]2C(=O)N(C)[C@H](CC(C)C)C(=O)N[C@@H](Cc2ccccc2)C(=O)N2CCC[C@H]2C(=O)N(C)[C@@H](C)C(=O)N[C@H](CC(C)C)C(=O)N1C,-5.99
4653,CC(C)C[C@H]1C(=O)N[C@@H](Cc2ccccc2)C(=O)N2CCC[C@H]2C(=O)N(C)[C@@H](C)C(=O)N[C@H](CC(C)C)C(=O)N(C)[C@H](CC(C)C)C(=O)N2CCC[C@H]2C(=O)N1C,-5.06
4652,CC(C)C[C@H]1C(=O)N[C@H](CC(C)C)C(=O)N2CCC[C@H]2C(=O)N(C)[C@H](CC(C)C)C(=O)N[C@@H](Cc2ccccc2)C(=O)N2CCC[C@H]2C(=O)N(C)[C@@H](C)C(=O)N1C,-6.0
4651,CC(C)C[C@H]1C(=O)N2CCC[C@H]2C(=O)N[C@H](CC(C)C)C(=O)N[C@@H](Cc2ccccc2)C(=O)N2CCC[C@H]2C(=O)N(C)[C@@H](C)C(=O)N(C)[C@H](CC(C)C)C(=O)N1C,-6.51
4649,CC(C)C[C@H]1NC(=O)[C@@H](CC(C)C)N(C)C(=O)[C@H](C)N(C)C(=O)[C@@H]2CCCN2C(=O)[C@H](Cc2ccccc2)NC(=O)[C@@H](CC(C)C)N(C)C(=O)[C@@H]2CCCN2C1=O,-5.05
4648,CC(C)C[C@H]1NC(=O)[C@@H]2CCCN2C(=O)[C@@H](CC(C)C)N(C)C(=O)[C@@H](CC(C)C)N(C)C(=O)[C@H](C)N(C)C(=O)[C@@H]2CCCN2C(=O)[C@H](Cc2ccccc2)NC1=O,-6.49
4647,CC(C)C[C@H]1NC(=O)[C@H](C)N(C)C(=O)[C@@H]2CCCN2C(=O)[C@H](Cc2ccccc2)NC(=O)[C@@H](CC(C)C)N(C)C(=O)[C@@H]2CCCN2C(=O)[C@@H](CC(C)C)N(C)C1=O,-5.54
4646,CC(C)C[C@@H]1NC(=O)[C@H](C)N(C)C(=O)[C@@H]2CCCN2C(=O)[C@H](Cc2ccccc2)NC(=O)[C@H](CC(C)C)N(C)C(=O)[C@@H]2CCCN2C(=O)[C@H](CC(C)C)NC1=O,-5.86
4645,CC(C)C[C@@H]1NC(=O)[C@@H]2CCCN2C(=O)[C@H](CC(C)C)N(C)C(=O)[C@H](CC(C)C)NC(=O)[C@H](C)N(C)C(=O)[C@@H]2CCCN2C(=O)[C@H](Cc2ccccc2)NC1=O,-5.91
4644,CC(C)C[C@@H]1NC(=O)[C@H](C)N(C)C(=O)[C@@H]2CCCN2C(=O)[C@H](Cc2ccccc2)NC(=O)[C@@H](CC(C)C)N(C)C(=O)[C@@H]2CCCN2C(=O)[C@H](CC(C)C)NC1=O,-5.91
4643,CC(C)C[C@@H]1NC(=O)[C@@H]2CCCN2C(=O)[C@@H](CC(C)C)N(C)C(=O)[C@H](CC(C)C)NC(=O)[C@H](C)N(C)C(=O)[C@@H]2CCCN2C(=O)[C@H](Cc2ccccc2)NC1=O,-5.68
4642,CC(C)C[C@@H]1NC(=O)[C@H](C)N(C)C(=O)[C@@H]2CCCN2C(=O)[C@H](Cc2ccccc2)NC(=O)[C@H](CC(C)C)N(C)C(=O)[C@@H]2CCCN2C(=O)[C@@H](CC(C)C)NC1=O,-5.33
4641,CC(C)C[C@@H]1NC(=O)[C@@H]2CCCN2C(=O)[C@H](CC(C)C)N(C)C(=O)[C@@H](CC(C)C)NC(=O)[C@H](C)N(C)C(=O)[C@@H]2CCCN2C(=O)[C@H](Cc2ccccc2)NC1=O,-6.77
4640,CC(C)C[C@@H]1NC(=O)[C@H](C)N(C)C(=O)[C@@H]2CCCN2C(=O)[C@H](Cc2ccccc2)NC(=O)[C@@H](CC(C)C)NC(=O)[C@@H]2CCCN2C(=O)[C@H](CC(C)C)N(C)C1=O,-7.66
4639,CC(C)C[C@@H]1NC(=O)[C@H](C)N(C)C(=O)[C@@H]2CCCN2C(=O)[C@H](Cc2ccccc2)NC(=O)[C@@H](CC(C)C)N(C)C(=O)[C@@H]2CCCN2C(=O)[C@@H](CC(C)C)NC1=O,-5.56
4638,CC(C)C[C@@H]1NC(=O)[C@H](C)N(C)C(=O)[C@@H]2CCCN2C(=O)[C@H](Cc2ccccc2)NC(=O)[C@@H](CC(C)C)NC(=O)[C@@H]2CCCN2C(=O)[C@@H](CC(C)C)N(C)C1=O,-5.96
4637,CC(C)C[C@H]1C(=O)N2CCC[C@H]2C(=O)N[C@H](CC(C)C)C(=O)N[C@@H](Cc2ccccc2)C(=O)N2CCC[C@H]2C(=O)N(C)[C@@H](C)C(=O)N[C@H](CC(C)C)C(=O)N1C,-6.38
4636,CC(C)C[C@H]1C(=O)N[C@H](CC(C)C)C(=O)N2CCC[C@H]2C(=O)N[C@H](CC(C)C)C(=O)N[C@@H](Cc2ccccc2)C(=O)N2CCC[C@H]2C(=O)N(C)[C@@H](C)C(=O)N1C,-7.13
4635,CC(C)C[C@H]1NC(=O)[C@@H]2CCCN2C(=O)[C@@H](CC(C)C)NC(=O)[C@@H](CC(C)C)N(C)C(=O)[C@H](C)N(C)C(=O)[C@@H]2CCCN2C(=O)[C@H](Cc2ccccc2)NC1=O,-5.55
4634,CC(C)C[C@H]1NC(=O)[C@H](C)N(C)C(=O)[C@@H]2CCCN2C(=O)[C@H](Cc2ccccc2)NC(=O)[C@@H](CC(C)C)N(C)C(=O)[C@@H]2CCCN2C(=O)[C@@H](CC(C)C)NC1=O,-6.0
4633,CC(C)C[C@@H]1NC(=O)[C@H](C)N(C)C(=O)[C@@H]2CCCN2C(=O)[C@H](Cc2ccccc2)NC(=O)[C@H](CC(C)C)NC(=O)[C@@H]2CCCN2C(=O)[C@H](CC(C)C)NC1=O,-6.43
4632,CC(C)C[C@@H]1NC(=O)[C@H](C)N(C)C(=O)[C@@H]2CCCN2C(=O)[C@H](Cc2ccccc2)NC(=O)[C@H](CC(C)C)NC(=O)[C@@H]2CCCN2C(=O)[C@@H](CC(C)C)NC1=O,-5.96
4631,CC(C)C[C@@H]1NC(=O)[C@H](C)N(C)C(=O)[C@@H]2CCCN2C(=O)[C@H](Cc2ccccc2)NC(=O)[C@@H](CC(C)C)NC(=O)[C@@H]2CCCN2C(=O)[C@H](CC(C)C)NC1=O,-4.0
4630,CC(C)C[C@@H]1NC(=O)[C@@H]2CCCN2C(=O)[C@H](CC(C)C)NC(=O)[C@@H](CC(C)C)NC(=O)[C@H](C)N(C)C(=O)[C@@H]2CCCN2C(=O)[C@H](Cc2ccccc2)NC1=O,-7.49
4629,CC(C)C[C@@H]1NC(=O)[C@@H](CC(C)C)NC(=O)[C@H](C)N(C)C(=O)[C@@H]2CCCN2C(=O)[C@H](Cc2ccccc2)NC(=O)[C@@H](CC(C)C)NC(=O)[C@@H]2CCCN2C1=O,-6.17
4628,CC(C)C[C@H]1NC(=O)[C@H](C)N(C)C(=O)[C@@H]2CCCN2C(=O)[C@H](Cc2ccccc2)NC(=O)[C@@H](CC(C)C)NC(=O)[C@@H]2CCCN2C(=O)[C@@H](CC(C)C)NC1=O,-6.46
4626,CC(C)C[C@H]1C(=O)N[C@@H](Cc2ccccc2)CC(=O)N2CCC[C@@H]2C(=O)N(C)[C@H](CC(C)C)C(=O)N[C@@H](Cc2ccccc2)C(=O)N2CCC[C@H]2C(=O)N[C@@H](C)C(=O)N1C,-5.07
4625,CC(C)C[C@H]1C(=O)N[C@@H](Cc2ccccc2)C(=O)N2CCC[C@H]2C(=O)N[C@@H](C)C(=O)N(C)[C@H](CC(C)C)C(=O)N[C@@H](Cc2ccccc2)CC(=O)N2CCC[C@@H]2C(=O)N1C,-6.23
4624,CC(C)C[C@@H]1C(=O)N[C@@H](Cc2ccccc2)CC(=O)N2CCC[C@@H]2C(=O)N(C)[C@H](CC(C)C)C(=O)N[C@@H](Cc2ccccc2)C(=O)N2CCC[C@H]2C(=O)N[C@@H](C)C(=O)N1C,-4.96
4623,CC(C)C[C@@H]1NC(=O)[C@H](C)NC(=O)[C@@H]2CCCN2C(=O)[C@H](Cc2ccccc2)NC(=O)CN(Cc2ccccc2)C(=O)[C@H]2CCCN2C(=O)CN(Cc2ccccc2)C1=O,-6.94
4622,CC(C)C[C@H]1C(=O)N2CCC[C@@H]2C(=O)N(C)[C@@H](CC(C)C)C(=O)N[C@@H](Cc2ccccc2)C(=O)N2CCC[C@H]2C(=O)N[C@@H](C)C(=O)N(Cc2ccccc2)CC(=O)N1C,-5.57
4617,CC(C)C[C@H]1C(=O)N(Cc2ccccc2)CC(=O)N2CCC[C@@H]2C(=O)N(C)[C@H](CC(C)C)C(=O)N[C@@H](Cc2ccccc2)C(=O)N2CCC[C@H]2C(=O)N[C@@H](C)C(=O)N1C,-5.94
4616,CC(C)C[C@@H]1NC(=O)[C@H]2CCCN2C(=O)C[C@H](Cc2ccccc2)NC(=O)[C@@H](CC(C)C)N(C)C(=O)[C@H](C)NC(=O)[C@@H]2CCCN2C(=O)[C@H](Cc2ccccc2)NC1=O,-6.08
4615,CC(C)C[C@@H]1C(=O)N(Cc2ccccc2)CC(=O)N2CCC[C@@H]2C(=O)N(C)[C@H](CC(C)C)C(=O)N[C@@H](Cc2ccccc2)C(=O)N2CCC[C@H]2C(=O)N[C@@H](C)C(=O)N1C,-6.25
4613,CC(C)C[C@H]1NC(=O)[C@H]2CCCN2C(=O)C[C@H](Cc2ccccc2)NC(=O)[C@@H](CC(C)C)N(C)C(=O)[C@H](C)NC(=O)[C@@H]2CCCN2C(=O)[C@H](Cc2ccccc2)NC1=O,-6.64
4612,CC(C)C[C@@H]1NC(=O)[C@H](C)NC(=O)[C@@H]2CCCN2C(=O)[C@H](Cc2ccccc2)NC(=O)CN(Cc2ccccc2)C(=O)[C@H]2CCCN2C(=O)[C@H](CC(C)C)N(C)C1=O,-6.57
4609,CC(C)C[C@H]1C(=O)N[C@@H](Cc2ccccc2)C(=O)N2CCC[C@H]2C(=O)N[C@@H](C)C(=O)N[C@H](CC(C)C)C(=O)N(Cc2ccccc2)CC(=O)N2CCC[C@@H]2C(=O)N1C,-6.2
4608,CC(C)C[C@H]1C(=O)N2CCC[C@@H]2C(=O)N(Cc2ccccc2)CC(=O)N[C@@H](Cc2ccccc2)C(=O)N2CCC[C@H]2C(=O)N[C@@H](C)C(=O)N[C@H](CC(C)C)C(=O)N1C,-5.88
4607,CC(C)C[C@@H]1NC(=O)[C@H]2CCCN2C(=O)CN(Cc2ccccc2)C(=O)[C@@H](CC(C)C)N(C)C(=O)[C@H](C)NC(=O)[C@@H]2CCCN2C(=O)[C@H](Cc2ccccc2)NC1=O,-6.11
4606,CC(C)C[C@@H]1NC(=O)CN(Cc2ccccc2)C(=O)[C@H](C)NC(=O)[C@@H]2CCCN2C(=O)[C@H](Cc2ccccc2)NC(=O)[C@@H](CC(C)C)N(C)C(=O)[C@H]2CCCN2C1=O,-6.13
4603,CC(C)C[C@H]1C(=O)N2CCC[C@@H]2C(=O)N(C)[C@@H](CC(C)C)C(=O)N[C@@H](Cc2ccccc2)C(=O)N2CCC[C@H]2C(=O)N[C@@H](C)C(=O)N(C)[C@H](CC(C)C)C(=O)N1C,-5.11
4602,CC(C)C[C@H]1NC(=O)[C@@H](CC(C)C)N(C)C(=O)[C@H](C)NC(=O)[C@@H]2CCCN2C(=O)[C@H](Cc2ccccc2)NC(=O)CN(Cc2ccccc2)C(=O)[C@H]2CCCN2C1=O,-5.96
4601,CC(C)C[C@H]1NC(=O)[C@H](C)NC(=O)[C@@H]2CCCN2C(=O)[C@H](Cc2ccccc2)NC(=O)[C@@H](CC(C)C)N(C)C(=O)[C@H]2CCCN2C(=O)CN(Cc2ccccc2)C1=O,-6.32
4600,CC(C)C[C@H]1NC(=O)[C@H]2CCCN2C(=O)CN(Cc2ccccc2)C(=O)[C@@H](CC(C)C)N(C)C(=O)[C@H](C)NC(=O)[C@@H]2CCCN2C(=O)[C@H](Cc2ccccc2)NC1=O,-5.95
4599,CC(C)C[C@H]1NC(=O)[C@H](C)NC(=O)[C@@H]2CCCN2C(=O)[C@H](Cc2ccccc2)NC(=O)[C@@H](CC(C)C)NC(=O)[C@H]2CCCN2C(=O)C[C@H](Cc2ccccc2)NC1=O,-6.56
4598,CC(C)C[C@H]1C(=O)N2CCC[C@@H]2C(=O)N(C)[C@H](CC(C)C)C(=O)N[C@@H](Cc2ccccc2)C(=O)N2CCC[C@H]2C(=O)N[C@@H](C)C(=O)N(C)[C@H](CC(C)C)C(=O)N1C,-5.59
4597,CC(C)C[C@H]1C(=O)N[C@@H](Cc2ccccc2)C(=O)N2CCC[C@H]2C(=O)N[C@@H](C)C(=O)N(C)[C@H](CC(C)C)C(=O)N(C)[C@H](CC(C)C)C(=O)N2CCC[C@@H]2C(=O)N1C,-5.46
4595,CC(C)C[C@@H]1NC(=O)[C@H]2CCCN2C(=O)CN(Cc2ccccc2)C(=O)[C@H](CC(C)C)NC(=O)[C@H](C)NC(=O)[C@@H]2CCCN2C(=O)[C@H](Cc2ccccc2)NC1=O,-6.41
4594,CC(C)C[C@@H]1NC(=O)[C@H](CC(C)C)N(C)C(=O)[C@H](C)NC(=O)[C@@H]2CCCN2C(=O)[C@H](Cc2ccccc2)NC(=O)[C@H](CC(C)C)N(C)C(=O)[C@H]2CCCN2C1=O,-5.28
4593,CC(C)C[C@@H]1NC(=O)[C@H](C)NC(=O)[C@@H]2CCCN2C(=O)[C@H](Cc2ccccc2)NC(=O)[C@H](CC(C)C)N(C)C(=O)[C@H]2CCCN2C(=O)[C@H](CC(C)C)N(C)C1=O,-6.23
4592,CC(C)C[C@@H]1NC(=O)[C@H]2CCCN2C(=O)CN(Cc2ccccc2)C(=O)[C@@H](CC(C)C)NC(=O)[C@H](C)NC(=O)[C@@H]2CCCN2C(=O)[C@H](Cc2ccccc2)NC1=O,-6.87
4591,CC(C)C[C@@H]1NC(=O)[C@H](C)NC(=O)[C@@H]2CCCN2C(=O)[C@H](Cc2ccccc2)NC(=O)CN(Cc2ccccc2)C(=O)[C@H]2CCCN2C(=O)[C@@H](CC(C)C)NC1=O,-7.12
4590,CC(C)C[C@H]1C(=O)N2CCC[C@@H]2C(=O)N(C)[C@@H](CC(C)C)C(=O)N[C@@H](Cc2ccccc2)C(=O)N2CCC[C@H]2C(=O)N[C@@H](C)C(=O)N[C@H](CC(C)C)C(=O)N1C,-5.78
4589,CC(C)C[C@H]1C(=O)N[C@H](CC(C)C)C(=O)N2CCC[C@@H]2C(=O)N(C)[C@@H](CC(C)C)C(=O)N[C@@H](Cc2ccccc2)C(=O)N2CCC[C@H]2C(=O)N[C@@H](C)C(=O)N1C,-5.18
4588,CC(C)C[C@@H]1NC(=O)[C@H]2CCCN2C(=O)[C@H](CC(C)C)N(C)C(=O)[C@@H](CC(C)C)N(C)C(=O)[C@H](C)NC(=O)[C@@H]2CCCN2C(=O)[C@H](Cc2ccccc2)NC1=O,-5.84
4587,CC(C)C[C@@H]1NC(=O)[C@@H](CC(C)C)N(C)C(=O)[C@H](C)NC(=O)[C@@H]2CCCN2C(=O)[C@H](Cc2ccccc2)NC(=O)[C@H](CC(C)C)N(C)C(=O)[C@H]2CCCN2C1=O,-6.3
4585,CC(C)C[C@H]1C(=O)N2CCC[C@@H]2C(=O)N(C)[C@H](CC(C)C)C(=O)N[C@@H](Cc2ccccc2)C(=O)N2CCC[C@H]2C(=O)N[C@@H](C)C(=O)N[C@H](CC(C)C)C(=O)N1C,-5.69
4584,CC(C)C[C@@H]1NC(=O)[C@@H](CC(C)C)N(C)C(=O)[C@H](C)NC(=O)[C@@H]2CCCN2C(=O)[C@H](Cc2ccccc2)NC(=O)[C@@H](CC(C)C)N(C)C(=O)[C@H]2CCCN2C1=O,-5.9
4583,CC(C)C[C@H]1C(=O)N[C@@H](Cc2ccccc2)C(=O)N2CCC[C@H]2C(=O)N[C@@H](C)C(=O)N(C)[C@H](CC(C)C)C(=O)N[C@H](CC(C)C)C(=O)N2CCC[C@@H]2C(=O)N1C,-5.37
4582,CC(C)C[C@H]1C(=O)N2CCC[C@@H]2C(=O)N[C@H](CC(C)C)C(=O)N[C@@H](Cc2ccccc2)C(=O)N2CCC[C@H]2C(=O)N[C@@H](C)C(=O)N(C)[C@H](CC(C)C)C(=O)N1C,-5.6
4581,CC(C)C[C@H]1C(=O)N[C@H](CC(C)C)C(=O)N2CCC[C@@H]2C(=O)N(C)[C@H](CC(C)C)C(=O)N[C@@H](Cc2ccccc2)C(=O)N2CCC[C@H]2C(=O)N[C@@H](C)C(=O)N1C,-5.72
4578,CC(C)C[C@H]1NC(=O)[C@@H](CC(C)C)N(C)C(=O)[C@H](C)NC(=O)[C@@H]2CCCN2C(=O)[C@H](Cc2ccccc2)NC(=O)[C@@H](CC(C)C)N(C)C(=O)[C@H]2CCCN2C1=O,-5.69
4577,CC(C)C[C@H]1NC(=O)[C@H]2CCCN2C(=O)[C@@H](CC(C)C)N(C)C(=O)[C@@H](CC(C)C)N(C)C(=O)[C@H](C)NC(=O)[C@@H]2CCCN2C(=O)[C@H](Cc2ccccc2)NC1=O,-5.31
4576,CC(C)C[C@@H]1NC(=O)[C@H](C)NC(=O)[C@@H]2CCCN2C(=O)[C@H](Cc2ccccc2)NC(=O)[C@H](CC(C)C)N(C)C(=O)[C@H]2CCCN2C(=O)[C@H](CC(C)C)NC1=O,-6.73
4575,CC(C)C[C@@H]1NC(=O)[C@H]2CCCN2C(=O)[C@H](CC(C)C)N(C)C(=O)[C@H](CC(C)C)NC(=O)[C@H](C)NC(=O)[C@@H]2CCCN2C(=O)[C@H](Cc2ccccc2)NC1=O,-6.34
4574,CC(C)C[C@@H]1NC(=O)[C@H](C)NC(=O)[C@@H]2CCCN2C(=O)[C@H](Cc2ccccc2)NC(=O)[C@H](CC(C)C)N(C)C(=O)[C@H]2CCCN2C(=O)[C@@H](CC(C)C)NC1=O,-6.59
4573,CC(C)C[C@@H]1NC(=O)[C@H]2CCCN2C(=O)[C@H](CC(C)C)N(C)C(=O)[C@@H](CC(C)C)NC(=O)[C@H](C)NC(=O)[C@@H]2CCCN2C(=O)[C@H](Cc2ccccc2)NC1=O,-6.31
4572,CC(C)C[C@@H]1NC(=O)[C@H]2CCCN2C(=O)[C@@H](CC(C)C)N(C)C(=O)[C@H](CC(C)C)NC(=O)[C@H](C)NC(=O)[C@@H]2CCCN2C(=O)[C@H](Cc2ccccc2)NC1=O,-5.24
4571,CC(C)C[C@H]1C(=O)N2CCC[C@@H]2C(=O)N[C@H](CC(C)C)C(=O)N[C@@H](Cc2ccccc2)C(=O)N2CCC[C@H]2C(=O)N[C@@H](C)C(=O)N[C@H](CC(C)C)C(=O)N1C,-5.92
4570,CC(C)C[C@@H]1NC(=O)[C@@H](CC(C)C)N(C)C(=O)[C@H](C)NC(=O)[C@@H]2CCCN2C(=O)[C@H](Cc2ccccc2)NC(=O)[C@@H](CC(C)C)NC(=O)[C@H]2CCCN2C1=O,-5.92
4569,CC(C)C[C@@H]1NC(=O)[C@@H](CC(C)C)NC(=O)[C@H](C)NC(=O)[C@@H]2CCCN2C(=O)[C@H](Cc2ccccc2)NC(=O)[C@@H](CC(C)C)N(C)C(=O)[C@H]2CCCN2C1=O,-6.12
4568,CC(C)C[C@@H]1NC(=O)[C@H]2CCCN2C(=O)[C@@H](CC(C)C)NC(=O)[C@@H](CC(C)C)N(C)C(=O)[C@H](C)NC(=O)[C@@H]2CCCN2C(=O)[C@H](Cc2ccccc2)NC1=O,-6.54
4567,CC(C)C[C@@H]1NC(=O)[C@H](C)NC(=O)[C@@H]2CCCN2C(=O)[C@H](Cc2ccccc2)NC(=O)[C@@H](CC(C)C)N(C)C(=O)[C@H]2CCCN2C(=O)[C@@H](CC(C)C)NC1=O,-6.36
4565,CC(C)C[C@H]1NC(=O)[C@H](C)NC(=O)[C@@H]2CCCN2C(=O)[C@H](Cc2ccccc2)NC(=O)[C@@H](CC(C)C)N(C)C(=O)[C@H]2CCCN2C(=O)[C@@H](CC(C)C)NC1=O,-6.26
4561,CC(C)C[C@@H]1NC(=O)[C@H]2CCCN2C(=O)[C@@H](CC(C)C)NC(=O)[C@@H](CC(C)C)NC(=O)[C@H](C)NC(=O)[C@@H]2CCCN2C(=O)[C@H](Cc2ccccc2)NC1=O,-6.59
4560,CC(C)C[C@@H]1NC(=O)[C@H](C)NC(=O)[C@@H]2CCCN2C(=O)[C@H](Cc2ccccc2)NC(=O)[C@@H](CC(C)C)NC(=O)[C@H]2CCCN2C(=O)[C@@H](CC(C)C)NC1=O,-6.69
4555,CC(C)C[C@H]1C(=O)N[C@@H](Cc2ccccc2)C(=O)N2CCC[C@H]2C(=O)N[C@H](C)C(=O)N(C)[C@@H](CC(C)C)C(=O)N[C@@H](Cc2ccccc2)CC(=O)N2CCC[C@H]2C(=O)N1C,-5.49
4554,CC(C)C[C@@H]1C(=O)N[C@@H](Cc2ccccc2)C(=O)N2CCC[C@H]2C(=O)N[C@H](C)C(=O)N(Cc2ccccc2)CC(=O)N(Cc2ccccc2)CC(=O)N2CCC[C@H]2C(=O)N1C,-6.12
4552,CC(C)C[C@H]1C(=O)N[C@@H](Cc2ccccc2)C(=O)N2CCC[C@H]2C(=O)N[C@H](C)C(=O)N(C)[C@H](CC(C)C)C(=O)N[C@@H](Cc2ccccc2)CC(=O)N2CCC[C@H]2C(=O)N1C,-5.41
4551,CC(C)C[C@H]1C(=O)N[C@@H](Cc2ccccc2)CC(=O)N2CCC[C@H]2C(=O)N(C)[C@H](CC(C)C)C(=O)N[C@@H](Cc2ccccc2)C(=O)N2CCC[C@H]2C(=O)N[C@H](C)C(=O)N1C,-5.69
4550,CC(C)C[C@@H]1C(=O)N[C@@H](Cc2ccccc2)C(=O)N2CCC[C@H]2C(=O)N[C@H](C)C(=O)N(C)[C@H](CC(C)C)C(=O)N[C@@H](Cc2ccccc2)CC(=O)N2CCC[C@H]2C(=O)N1C,-5.88
4548,CC(C)C[C@@H]1NC(=O)[C@@H](C)NC(=O)[C@@H]2CCCN2C(=O)[C@H](Cc2ccccc2)NC(=O)CN(Cc2ccccc2)C(=O)[C@@H]2CCCN2C(=O)CN(Cc2ccccc2)C1=O,-6.48
4546,CC(C)C[C@H]1C(=O)N2CCC[C@H]2C(=O)N(Cc2ccccc2)CC(=O)N[C@@H](Cc2ccccc2)C(=O)N2CCC[C@H]2C(=O)N[C@H](C)C(=O)N(C)[C@@H](CC(C)C)C(=O)N1C,-5.4
4545,CC(C)C[C@H]1C(=O)N[C@@H](Cc2ccccc2)C(=O)N2CCC[C@H]2C(=O)N[C@H](C)C(=O)N(C)[C@@H](CC(C)C)C(=O)N(Cc2ccccc2)CC(=O)N2CCC[C@H]2C(=O)N1C,-6.15
4544,CC(C)C[C@H]1NC(=O)[C@@H]2CCCN2C(=O)CN(Cc2ccccc2)C(=O)CN(Cc2ccccc2)C(=O)[C@@H](C)NC(=O)[C@@H]2CCCN2C(=O)[C@H](Cc2ccccc2)NC1=O,-6.16
4543,CC(C)C[C@H]1C(=O)N(C)[C@H](CC(C)C)C(=O)N2CCC[C@H]2C(=O)N(Cc2ccccc2)CC(=O)N[C@@H](Cc2ccccc2)C(=O)N2CCC[C@H]2C(=O)N[C@H](C)C(=O)N1C,-5.36
4542,CC(C)C[C@H]1C(=O)N2CCC[C@H]2C(=O)N(C)[C@H](CC(C)C)C(=O)N[C@@H](Cc2ccccc2)C(=O)N2CCC[C@H]2C(=O)N[C@H](C)C(=O)N(Cc2ccccc2)CC(=O)N1C,-5.24
4541,CC(C)C[C@@H]1NC(=O)[C@@H](C)NC(=O)[C@@H]2CCCN2C(=O)[C@H](Cc2ccccc2)NC(=O)[C@@H](CC(C)C)N(C)C(=O)[C@@H]2CCCN2C(=O)C[C@H](Cc2ccccc2)NC1=O,-5.89
4540,CC(C)C[C@H]1C(=O)N(Cc2ccccc2)CC(=O)N2CCC[C@H]2C(=O)N(C)[C@H](CC(C)C)C(=O)N[C@@H](Cc2ccccc2)C(=O)N2CCC[C@H]2C(=O)N[C@H](C)C(=O)N1C,-5.9
4537,CC(C)C[C@@H]1C(=O)N2CCC[C@H]2C(=O)N(C)[C@H](CC(C)C)C(=O)N[C@@H](Cc2ccccc2)C(=O)N2CCC[C@H]2C(=O)N[C@H](C)C(=O)N(Cc2ccccc2)CC(=O)N1C,-5.73
4536,CC(C)C[C@@H]1C(=O)N[C@@H](Cc2ccccc2)C(=O)N2CCC[C@H]2C(=O)N[C@H](C)C(=O)N(C)[C@H](CC(C)C)C(=O)N(Cc2ccccc2)CC(=O)N2CCC[C@H]2C(=O)N1C,-6.03
4535,CC(C)C[C@@H]1NC(=O)[C@H](CC(C)C)N(C)C(=O)[C@@H](C)NC(=O)[C@@H]2CCCN2C(=O)[C@H](Cc2ccccc2)NC(=O)CN(Cc2ccccc2)C(=O)[C@@H]2CCCN2C1=O,-5.87
4534,CC(C)C[C@@H]1NC(=O)[C@@H](C)NC(=O)[C@@H]2CCCN2C(=O)[C@H](Cc2ccccc2)NC(=O)[C@H](CC(C)C)N(C)C(=O)[C@@H]2CCCN2C(=O)CN(Cc2ccccc2)C1=O,-5.75
4533,CC(C)C[C@@H]1NC(=O)[C@@H](C)NC(=O)[C@@H]2CCCN2C(=O)[C@H](Cc2ccccc2)NC(=O)CN(Cc2ccccc2)C(=O)[C@@H]2CCCN2C(=O)[C@H](CC(C)C)N(C)C1=O,-6.06
4532,CC(C)C[C@@H]1NC(=O)[C@@H]2CCCN2C(=O)C[C@H](Cc2ccccc2)NC(=O)[C@H](CC(C)C)NC(=O)[C@@H](C)NC(=O)[C@@H]2CCCN2C(=O)[C@H](Cc2ccccc2)NC1=O,-6.7
4531,CC(C)C[C@H]1C(=O)N2CCC[C@H]2C(=O)N(C)[C@@H](CC(C)C)C(=O)N[C@@H](Cc2ccccc2)C(=O)N2CCC[C@H]2C(=O)N[C@H](C)C(=O)N(C)[C@@H](CC(C)C)C(=O)N1C,-5.28
4530,CC(C)C[C@H]1C(=O)N2CCC[C@H]2C(=O)N(Cc2ccccc2)CC(=O)N[C@@H](Cc2ccccc2)C(=O)N2CCC[C@H]2C(=O)N[C@H](C)C(=O)N[C@H](CC(C)C)C(=O)N1C,-5.56
4529,CC(C)C[C@@H]1NC(=O)[C@@H](C)NC(=O)[C@@H]2CCCN2C(=O)[C@H](Cc2ccccc2)NC(=O)CN(Cc2ccccc2)C(=O)[C@@H]2CCCN2C(=O)[C@@H](CC(C)C)N(C)C1=O,-6.07
4528,CC(C)C[C@H]1C(=O)N(Cc2ccccc2)CC(=O)N2CCC[C@H]2C(=O)N[C@H](CC(C)C)C(=O)N[C@@H](Cc2ccccc2)C(=O)N2CCC[C@H]2C(=O)N[C@H](C)C(=O)N1C,-6.32
4527,CC(C)C[C@H]1C(=O)N[C@@H](Cc2ccccc2)C(=O)N2CCC[C@H]2C(=O)N[C@H](C)C(=O)N(C)[C@@H](CC(C)C)C(=O)N(C)[C@H](CC(C)C)C(=O)N2CCC[C@H]2C(=O)N1C,-5.2
4526,CC(C)C[C@H]1C(=O)N2CCC[C@H]2C(=O)N(C)[C@H](CC(C)C)C(=O)N[C@@H](Cc2ccccc2)C(=O)N2CCC[C@H]2C(=O)N[C@H](C)C(=O)N(C)[C@@H](CC(C)C)C(=O)N1C,-5.5
4525,CC(C)C[C@H]1C(=O)N[C@@H](Cc2ccccc2)C(=O)N2CCC[C@H]2C(=O)N[C@H](C)C(=O)N(C)[C@H](CC(C)C)C(=O)N(C)[C@@H](CC(C)C)C(=O)N2CCC[C@H]2C(=O)N1C,-5.75
4524,CC(C)C[C@H]1NC(=O)CN(Cc2ccccc2)C(=O)[C@@H](C)NC(=O)[C@@H]2CCCN2C(=O)[C@H](Cc2ccccc2)NC(=O)[C@@H](CC(C)C)N(C)C(=O)[C@@H]2CCCN2C1=O,-5.61
4523,CC(C)C[C@H]1NC(=O)[C@@H](C)NC(=O)[C@@H]2CCCN2C(=O)[C@H](Cc2ccccc2)NC(=O)[C@@H](CC(C)C)N(C)C(=O)[C@@H]2CCCN2C(=O)CN(Cc2ccccc2)C1=O,-6.6
4522,CC(C)C[C@H]1NC(=O)[C@@H](C)NC(=O)[C@@H]2CCCN2C(=O)[C@H](Cc2ccccc2)NC(=O)CN(Cc2ccccc2)C(=O)[C@@H]2CCCN2C(=O)[C@@H](CC(C)C)N(C)C1=O,-6.63
4521,CC(C)C[C@H]1NC(=O)[C@@H]2CCCN2C(=O)C[C@H](Cc2ccccc2)NC(=O)[C@@H](CC(C)C)NC(=O)[C@@H](C)NC(=O)[C@@H]2CCCN2C(=O)[C@H](Cc2ccccc2)NC1=O,-6.53
4520,CC(C)C[C@H]1C(=O)N(C)[C@H](CC(C)C)C(=O)N2CCC[C@H]2C(=O)N(C)[C@H](CC(C)C)C(=O)N[C@@H](Cc2ccccc2)C(=O)N2CCC[C@H]2C(=O)N[C@H](C)C(=O)N1C,-5.68
4519,CC(C)C[C@@H]1C(=O)N[C@@H](Cc2ccccc2)C(=O)N2CCC[C@H]2C(=O)N[C@H](C)C(=O)N(C)[C@H](CC(C)C)C(=O)N(C)[C@H](CC(C)C)C(=O)N2CCC[C@H]2C(=O)N1C,-5.65
4518,CC(C)C[C@@H]1NC(=O)[C@H](CC(C)C)N(C)C(=O)[C@@H](C)NC(=O)[C@@H]2CCCN2C(=O)[C@H](Cc2ccccc2)NC(=O)[C@H](CC(C)C)N(C)C(=O)[C@@H]2CCCN2C1=O,-5.6
4517,CC(C)C[C@@H]1NC(=O)[C@@H](C)NC(=O)[C@@H]2CCCN2C(=O)[C@H](Cc2ccccc2)NC(=O)[C@H](CC(C)C)N(C)C(=O)[C@@H]2CCCN2C(=O)[C@H](CC(C)C)N(C)C1=O,-5.83
4516,CC(C)C[C@@H]1NC(=O)[C@@H](C)NC(=O)[C@@H]2CCCN2C(=O)[C@H](Cc2ccccc2)NC(=O)CN(Cc2ccccc2)C(=O)[C@@H]2CCCN2C(=O)[C@@H](CC(C)C)NC1=O,-7.3
4515,CC(C)C[C@@H]1NC(=O)[C@@H](C)NC(=O)[C@@H]2CCCN2C(=O)[C@H](Cc2ccccc2)NC(=O)[C@@H](CC(C)C)NC(=O)[C@@H]2CCCN2C(=O)CN(Cc2ccccc2)C1=O,-6.12
4514,CC(C)C[C@@H]1NC(=O)[C@@H](CC(C)C)NC(=O)[C@@H](C)NC(=O)[C@@H]2CCCN2C(=O)[C@H](Cc2ccccc2)NC(=O)CN(Cc2ccccc2)C(=O)[C@@H]2CCCN2C1=O,-6.48
4512,CC(C)C[C@H]1C(=O)N[C@@H](Cc2ccccc2)C(=O)N2CCC[C@H]2C(=O)N[C@H](C)C(=O)N[C@H](CC(C)C)C(=O)N(C)[C@@H](CC(C)C)C(=O)N2CCC[C@H]2C(=O)N1C,-5.61
4511,CC(C)C[C@@H]1NC(=O)[C@@H]2CCCN2C(=O)[C@@H](CC(C)C)N(C)C(=O)[C@H](CC(C)C)N(C)C(=O)[C@@H](C)NC(=O)[C@@H]2CCCN2C(=O)[C@H](Cc2ccccc2)NC1=O,-5.86
4509,CC(C)C[C@@H]1NC(=O)[C@H](CC(C)C)N(C)C(=O)[C@@H](C)NC(=O)[C@@H]2CCCN2C(=O)[C@H](Cc2ccccc2)NC(=O)[C@@H](CC(C)C)N(C)C(=O)[C@@H]2CCCN2C1=O,-5.82
4508,CC(C)C[C@H]1C(=O)N[C@@H](Cc2ccccc2)C(=O)N2CCC[C@H]2C(=O)N[C@H](C)C(=O)N(C)[C@@H](CC(C)C)C(=O)N[C@H](CC(C)C)C(=O)N2CCC[C@H]2C(=O)N1C,-5.62
4507,CC(C)C[C@H]1C(=O)N2CCC[C@H]2C(=O)N[C@H](CC(C)C)C(=O)N[C@@H](Cc2ccccc2)C(=O)N2CCC[C@H]2C(=O)N[C@H](C)C(=O)N(C)[C@@H](CC(C)C)C(=O)N1C,-5.95
4506,CC(C)C[C@@H]1NC(=O)[C@@H](C)NC(=O)[C@@H]2CCCN2C(=O)[C@H](Cc2ccccc2)NC(=O)[C@H](CC(C)C)N(C)C(=O)[C@@H]2CCCN2C(=O)[C@@H](CC(C)C)N(C)C1=O,-5.99
4505,CC(C)C[C@H]1NC(=O)[C@@H]2CCCN2C(=O)CN(Cc2ccccc2)C(=O)[C@@H](CC(C)C)NC(=O)[C@@H](C)NC(=O)[C@@H]2CCCN2C(=O)[C@H](Cc2ccccc2)NC1=O,-6.44
4504,CC(C)C[C@H]1C(=O)N[C@H](CC(C)C)C(=O)N2CCC[C@H]2C(=O)N(C)[C@H](CC(C)C)C(=O)N[C@@H](Cc2ccccc2)C(=O)N2CCC[C@H]2C(=O)N[C@H](C)C(=O)N1C,-5.68
4503,CC(C)C[C@H]1C(=O)N[C@@H](Cc2ccccc2)C(=O)N2CCC[C@H]2C(=O)N[C@H](C)C(=O)N(C)[C@H](CC(C)C)C(=O)N[C@H](CC(C)C)C(=O)N2CCC[C@H]2C(=O)N1C,-5.5
4502,CC(C)C[C@@H]1NC(=O)[C@@H](C)NC(=O)[C@@H]2CCCN2C(=O)[C@H](Cc2ccccc2)NC(=O)[C@@H](CC(C)C)N(C)C(=O)[C@@H]2CCCN2C(=O)[C@@H](CC(C)C)N(C)C1=O,-5.68
4501,CC(C)C[C@H]1C(=O)N2CCC[C@H]2C(=O)N(C)[C@H](CC(C)C)C(=O)N[C@@H](Cc2ccccc2)C(=O)N2CCC[C@H]2C(=O)N[C@H](C)C(=O)N[C@H](CC(C)C)C(=O)N1C,-6.09
4500,CC(C)C[C@H]1NC(=O)[C@@H](CC(C)C)N(C)C(=O)[C@@H](C)NC(=O)[C@@H]2CCCN2C(=O)[C@H](Cc2ccccc2)NC(=O)[C@@H](CC(C)C)N(C)C(=O)[C@@H]2CCCN2C1=O,-5.82
4499,CC(C)C[C@H]1NC(=O)[C@@H](C)NC(=O)[C@@H]2CCCN2C(=O)[C@H](Cc2ccccc2)NC(=O)[C@@H](CC(C)C)N(C)C(=O)[C@@H]2CCCN2C(=O)[C@@H](CC(C)C)N(C)C1=O,-6.86
4498,CC(C)C[C@@H]1NC(=O)[C@@H](C)NC(=O)[C@@H]2CCCN2C(=O)[C@H](Cc2ccccc2)NC(=O)[C@H](CC(C)C)N(C)C(=O)[C@@H]2CCCN2C(=O)[C@H](CC(C)C)NC1=O,-6.44
4497,CC(C)C[C@@H]1NC(=O)[C@@H]2CCCN2C(=O)[C@@H](CC(C)C)N(C)C(=O)[C@H](CC(C)C)NC(=O)[C@@H](C)NC(=O)[C@@H]2CCCN2C(=O)[C@H](Cc2ccccc2)NC1=O,-6.41
4496,CC(C)C[C@@H]1NC(=O)[C@@H](C)NC(=O)[C@@H]2CCCN2C(=O)[C@H](Cc2ccccc2)NC(=O)[C@@H](CC(C)C)NC(=O)[C@@H]2CCCN2C(=O)[C@H](CC(C)C)N(C)C1=O,-6.34
4495,CC(C)C[C@@H]1NC(=O)[C@@H](C)NC(=O)[C@@H]2CCCN2C(=O)[C@H](Cc2ccccc2)NC(=O)[C@@H](CC(C)C)N(C)C(=O)[C@@H]2CCCN2C(=O)[C@H](CC(C)C)NC1=O,-4.0
4494,CC(C)C[C@@H]1NC(=O)[C@@H](CC(C)C)NC(=O)[C@@H](C)NC(=O)[C@@H]2CCCN2C(=O)[C@H](Cc2ccccc2)NC(=O)[C@H](CC(C)C)N(C)C(=O)[C@@H]2CCCN2C1=O,-6.16
4492,CC(C)C[C@@H]1NC(=O)[C@@H](C)NC(=O)[C@@H]2CCCN2C(=O)[C@H](Cc2ccccc2)NC(=O)[C@@H](CC(C)C)N(C)C(=O)[C@@H]2CCCN2C(=O)[C@@H](CC(C)C)NC1=O,-6.08
4491,CC(C)C[C@@H]1NC(=O)[C@@H](C)NC(=O)[C@@H]2CCCN2C(=O)[C@H](Cc2ccccc2)NC(=O)[C@@H](CC(C)C)NC(=O)[C@@H]2CCCN2C(=O)[C@@H](CC(C)C)N(C)C1=O,-5.93
4490,CC(C)C[C@@H]1NC(=O)[C@@H](CC(C)C)N(C)C(=O)[C@@H](C)NC(=O)[C@@H]2CCCN2C(=O)[C@H](Cc2ccccc2)NC(=O)[C@@H](CC(C)C)NC(=O)[C@@H]2CCCN2C1=O,-5.9
4489,CC(C)C[C@@H]1NC(=O)[C@@H](CC(C)C)NC(=O)[C@@H](C)NC(=O)[C@@H]2CCCN2C(=O)[C@H](Cc2ccccc2)NC(=O)[C@@H](CC(C)C)N(C)C(=O)[C@@H]2CCCN2C1=O,-6.43
4488,CC(C)C[C@@H]1NC(=O)[C@@H]2CCCN2C(=O)[C@@H](CC(C)C)NC(=O)[C@@H](CC(C)C)N(C)C(=O)[C@@H](C)NC(=O)[C@@H]2CCCN2C(=O)[C@H](Cc2ccccc2)NC1=O,-6.33
4487,CC(C)C[C@H]1C(=O)N2CCC[C@H]2C(=O)N[C@H](CC(C)C)C(=O)N[C@@H](Cc2ccccc2)C(=O)N2CCC[C@H]2C(=O)N[C@H](C)C(=O)N[C@H](CC(C)C)C(=O)N1C,-6.51
4485,CC(C)C[C@H]1NC(=O)[C@@H](C)NC(=O)[C@@H]2CCCN2C(=O)[C@H](Cc2ccccc2)NC(=O)[C@@H](CC(C)C)N(C)C(=O)[C@@H]2CCCN2C(=O)[C@@H](CC(C)C)NC1=O,-5.77
4484,CC(C)C[C@H]1NC(=O)[C@@H]2CCCN2C(=O)[C@@H](CC(C)C)N(C)C(=O)[C@@H](CC(C)C)NC(=O)[C@@H](C)NC(=O)[C@@H]2CCCN2C(=O)[C@H](Cc2ccccc2)NC1=O,-6.28
4483,CC(C)C[C@@H]1NC(=O)[C@@H]2CCCN2C(=O)[C@H](CC(C)C)NC(=O)[C@H](CC(C)C)NC(=O)[C@@H](C)NC(=O)[C@@H]2CCCN2C(=O)[C@H](Cc2ccccc2)NC1=O,-7.03
4482,CC(C)C[C@@H]1NC(=O)[C@@H]2CCCN2C(=O)[C@@H](CC(C)C)NC(=O)[C@H](CC(C)C)NC(=O)[C@@H](C)NC(=O)[C@@H]2CCCN2C(=O)[C@H](Cc2ccccc2)NC1=O,-6.33
4479,CC(C)C[C@@H]1NC(=O)[C@@H]2CCCN2C(=O)[C@@H](CC(C)C)NC(=O)[C@@H](CC(C)C)NC(=O)[C@@H](C)NC(=O)[C@@H]2CCCN2C(=O)[C@H](Cc2ccccc2)NC1=O,-5.84
4478,CC(C)C[C@@H]1NC(=O)[C@@H](C)NC(=O)[C@@H]2CCCN2C(=O)[C@H](Cc2ccccc2)NC(=O)[C@@H](CC(C)C)NC(=O)[C@@H]2CCCN2C(=O)[C@@H](CC(C)C)NC1=O,-6.65
4477,CC(C)C[C@@H]1NC(=O)[C@@H](CC(C)C)NC(=O)[C@@H](C)NC(=O)[C@@H]2CCCN2C(=O)[C@H](Cc2ccccc2)NC(=O)[C@@H](CC(C)C)NC(=O)[C@@H]2CCCN2C1=O,-6.69
4475,CCCN1CC(=O)N(Cc2ccccc2)CC(=O)N(Cc2ccccc2)CC(=O)N2CCC[C@@H]2C(=O)N(C)[C@@H](CC(C)C)C(=O)N[C@@H](Cc2ccccc2)C(=O)N2CCC[C@H]2C1=O,-6.59
4472,CCCN1CC(=O)N(C)[C@H](CC(C)C)C(=O)N[C@@H](Cc2ccccc2)CC(=O)N2CCC[C@@H]2C(=O)N(C)[C@H](CC(C)C)C(=O)N[C@@H](Cc2ccccc2)C(=O)N2CCC[C@H]2C1=O,-5.63
4471,CCCN1CC(=O)N[C@@H](CC(C)C)C(=O)N(Cc2ccccc2)CC(=O)N2CCC[C@@H]2C(=O)N(Cc2ccccc2)CC(=O)N[C@@H](Cc2ccccc2)C(=O)N2CCC[C@H]2C1=O,-6.21
4470,CCCN1CC(=O)N(Cc2ccccc2)CC(=O)N(C)[C@@H](CC(C)C)C(=O)N2CCC[C@@H]2C(=O)N(C)[C@@H](CC(C)C)C(=O)N[C@@H](Cc2ccccc2)C(=O)N2CCC[C@H]2C1=O,-5.25
4469,CCCN1CC(=O)N[C@@H](CC(C)C)C(=O)N[C@@H](Cc2ccccc2)CC(=O)N2CCC[C@@H]2C(=O)N(C)[C@@H](CC(C)C)C(=O)N[C@@H](Cc2ccccc2)C(=O)N2CCC[C@H]2C1=O,-5.7
4468,CCCN1CC(=O)N(C)[C@@H](CC(C)C)C(=O)N(Cc2ccccc2)CC(=O)N2CCC[C@@H]2C(=O)N(C)[C@@H](CC(C)C)C(=O)N[C@@H](Cc2ccccc2)C(=O)N2CCC[C@H]2C1=O,-5.21
4466,CCCN1CC(=O)N[C@H](CC(C)C)C(=O)N(Cc2ccccc2)CC(=O)N2CCC[C@@H]2C(=O)N(Cc2ccccc2)CC(=O)N[C@@H](Cc2ccccc2)C(=O)N2CCC[C@H]2C1=O,-6.42
4465,CCCN1CC(=O)N(C)[C@H](CC(C)C)C(=O)N(C)[C@@H](CC(C)C)C(=O)N2CCC[C@@H]2C(=O)N(Cc2ccccc2)CC(=O)N[C@@H](Cc2ccccc2)C(=O)N2CCC[C@H]2C1=O,-5.38
4464,CCCN1CC(=O)N(Cc2ccccc2)CC(=O)N(C)[C@@H](CC(C)C)C(=O)N2CCC[C@@H]2C(=O)N(C)[C@H](CC(C)C)C(=O)N[C@@H](Cc2ccccc2)C(=O)N2CCC[C@H]2C1=O,-5.34
4463,CCCN1CC(=O)N[C@H](CC(C)C)C(=O)N[C@@H](Cc2ccccc2)CC(=O)N2CCC[C@@H]2C(=O)N(C)[C@@H](CC(C)C)C(=O)N[C@@H](Cc2ccccc2)C(=O)N2CCC[C@H]2C1=O,-5.74
4462,CCCN1CC(=O)N(C)[C@@H](CC(C)C)C(=O)N(C)[C@H](CC(C)C)C(=O)N2CCC[C@@H]2C(=O)N(Cc2ccccc2)CC(=O)N[C@@H](Cc2ccccc2)C(=O)N2CCC[C@H]2C1=O,-5.4
4461,CCCN1CC(=O)N(C)[C@H](CC(C)C)C(=O)N(Cc2ccccc2)CC(=O)N2CCC[C@@H]2C(=O)N(C)[C@@H](CC(C)C)C(=O)N[C@@H](Cc2ccccc2)C(=O)N2CCC[C@H]2C1=O,-6.0
4460,CCCN1CC(=O)N(C)[C@H](CC(C)C)C(=O)N[C@@H](Cc2ccccc2)CC(=O)N2CCC[C@@H]2C(=O)N[C@@H](CC(C)C)C(=O)N[C@@H](Cc2ccccc2)C(=O)N2CCC[C@H]2C1=O,-6.69
4459,CCCN1CC(=O)N(C)[C@H](CC(C)C)C(=O)N[C@@H](Cc2ccccc2)CC(=O)N2CCC[C@@H]2C(=O)N[C@H](CC(C)C)C(=O)N[C@@H](Cc2ccccc2)C(=O)N2CCC[C@H]2C1=O,-6.73
4457,CCCN1CC(=O)N[C@H](CC(C)C)C(=O)N[C@@H](Cc2ccccc2)CC(=O)N2CCC[C@@H]2C(=O)N(C)[C@H](CC(C)C)C(=O)N[C@@H](Cc2ccccc2)C(=O)N2CCC[C@H]2C1=O,-5.83
4456,CCCN1CC(=O)N(C)[C@H](CC(C)C)C(=O)N(Cc2ccccc2)CC(=O)N2CCC[C@@H]2C(=O)N(C)[C@H](CC(C)C)C(=O)N[C@@H](Cc2ccccc2)C(=O)N2CCC[C@H]2C1=O,-6.12
4455,CCCN1CC(=O)N(Cc2ccccc2)CC(=O)N[C@@H](CC(C)C)C(=O)N2CCC[C@@H]2C(=O)N(C)[C@@H](CC(C)C)C(=O)N[C@@H](Cc2ccccc2)C(=O)N2CCC[C@H]2C1=O,-5.26
4454,CCCN1CC(=O)N[C@@H](CC(C)C)C(=O)N(Cc2ccccc2)CC(=O)N2CCC[C@@H]2C(=O)N(C)[C@@H](CC(C)C)C(=O)N[C@@H](Cc2ccccc2)C(=O)N2CCC[C@H]2C1=O,-5.56
4453,CCCN1CC(=O)N[C@@H](CC(C)C)C(=O)N(C)[C@@H](CC(C)C)C(=O)N2CCC[C@@H]2C(=O)N(Cc2ccccc2)CC(=O)N[C@@H](Cc2ccccc2)C(=O)N2CCC[C@H]2C1=O,-5.5
4452,CCCN1CC(=O)N(C)[C@@H](CC(C)C)C(=O)N(Cc2ccccc2)CC(=O)N2CCC[C@@H]2C(=O)N[C@@H](CC(C)C)C(=O)N[C@@H](Cc2ccccc2)C(=O)N2CCC[C@H]2C1=O,-6.46
4451,CCCN1CC(=O)N[C@@H](CC(C)C)C(=O)N[C@@H](Cc2ccccc2)CC(=O)N2CCC[C@@H]2C(=O)N[C@@H](CC(C)C)C(=O)N[C@@H](Cc2ccccc2)C(=O)N2CCC[C@H]2C1=O,-6.81
4450,CCCN1CC(=O)N(C)[C@H](CC(C)C)C(=O)N[C@@H](CC(C)C)C(=O)N2CCC[C@@H]2C(=O)N(Cc2ccccc2)CC(=O)N[C@@H](Cc2ccccc2)C(=O)N2CCC[C@H]2C1=O,-5.29
4449,CCCN1CC(=O)N[C@H](CC(C)C)C(=O)N(C)[C@@H](CC(C)C)C(=O)N2CCC[C@@H]2C(=O)N(Cc2ccccc2)CC(=O)N[C@@H](Cc2ccccc2)C(=O)N2CCC[C@H]2C1=O,-5.8
4448,CCCN1CC(=O)N(C)[C@@H](CC(C)C)C(=O)N[C@H](CC(C)C)C(=O)N2CCC[C@@H]2C(=O)N(Cc2ccccc2)CC(=O)N[C@@H](Cc2ccccc2)C(=O)N2CCC[C@H]2C1=O,-5.22
4447,CCCN1CC(=O)N(Cc2ccccc2)CC(=O)N[C@@H](CC(C)C)C(=O)N2CCC[C@@H]2C(=O)N(C)[C@H](CC(C)C)C(=O)N[C@@H](Cc2ccccc2)C(=O)N2CCC[C@H]2C1=O,-5.71
4446,CCCN1CC(=O)N[C@@H](CC(C)C)C(=O)N(C)[C@H](CC(C)C)C(=O)N2CCC[C@@H]2C(=O)N(Cc2ccccc2)CC(=O)N[C@@H](Cc2ccccc2)C(=O)N2CCC[C@H]2C1=O,-5.93
4445,CCCN1CC(=O)N(Cc2ccccc2)CC(=O)N(C)[C@@H](CC(C)C)C(=O)N2CCC[C@@H]2C(=O)N[C@H](CC(C)C)C(=O)N[C@@H](Cc2ccccc2)C(=O)N2CCC[C@H]2C1=O,-6.12
4443,CCCN1CC(=O)N[C@@H](CC(C)C)C(=O)N[C@@H](Cc2ccccc2)CC(=O)N2CCC[C@@H]2C(=O)N[C@H](CC(C)C)C(=O)N[C@@H](Cc2ccccc2)C(=O)N2CCC[C@H]2C1=O,-6.5
4442,CCCN1CC(=O)N(C)[C@H](CC(C)C)C(=O)N(Cc2ccccc2)CC(=O)N2CCC[C@@H]2C(=O)N[C@@H](CC(C)C)C(=O)N[C@@H](Cc2ccccc2)C(=O)N2CCC[C@H]2C1=O,-7.05
4441,CCCN1CC(=O)N(Cc2ccccc2)CC(=O)N(C)[C@H](CC(C)C)C(=O)N2CCC[C@@H]2C(=O)N[C@@H](CC(C)C)C(=O)N[C@@H](Cc2ccccc2)C(=O)N2CCC[C@H]2C1=O,-7.28
4440,CCCN1CC(=O)N(C)[C@@H](CC(C)C)C(=O)N(C)[C@@H](CC(C)C)C(=O)N2CCC[C@@H]2C(=O)N(C)[C@H](CC(C)C)C(=O)N[C@@H](Cc2ccccc2)C(=O)N2CCC[C@H]2C1=O,-5.16
4439,CCCN1CC(=O)N(C)[C@H](CC(C)C)C(=O)N(C)[C@@H](CC(C)C)C(=O)N2CCC[C@@H]2C(=O)N(C)[C@@H](CC(C)C)C(=O)N[C@@H](Cc2ccccc2)C(=O)N2CCC[C@H]2C1=O,-4.96
4438,CCCN1CC(=O)N(C)[C@@H](CC(C)C)C(=O)N(C)[C@H](CC(C)C)C(=O)N2CCC[C@@H]2C(=O)N(C)[C@@H](CC(C)C)C(=O)N[C@@H](Cc2ccccc2)C(=O)N2CCC[C@H]2C1=O,-4.97
4437,CCCN1CC(=O)N(C)[C@H](CC(C)C)C(=O)N[C@H](CC(C)C)C(=O)N2CCC[C@@H]2C(=O)N(Cc2ccccc2)CC(=O)N[C@@H](Cc2ccccc2)C(=O)N2CCC[C@H]2C1=O,-5.21
4436,CCCN1CC(=O)N(C)[C@H](CC(C)C)C(=O)N(Cc2ccccc2)CC(=O)N2CCC[C@@H]2C(=O)N[C@H](CC(C)C)C(=O)N[C@@H](Cc2ccccc2)C(=O)N2CCC[C@H]2C1=O,-5.64
4435,CCCN1CC(=O)N(Cc2ccccc2)CC(=O)N(C)[C@H](CC(C)C)C(=O)N2CCC[C@@H]2C(=O)N[C@H](CC(C)C)C(=O)N[C@@H](Cc2ccccc2)C(=O)N2CCC[C@H]2C1=O,-6.27
4434,CCCN1CC(=O)N[C@H](CC(C)C)C(=O)N(C)[C@H](CC(C)C)C(=O)N2CCC[C@@H]2C(=O)N(Cc2ccccc2)CC(=O)N[C@@H](Cc2ccccc2)C(=O)N2CCC[C@H]2C1=O,-5.88
4433,CCCN1CC(=O)N[C@H](CC(C)C)C(=O)N(Cc2ccccc2)CC(=O)N2CCC[C@@H]2C(=O)N(C)[C@H](CC(C)C)C(=O)N[C@@H](Cc2ccccc2)C(=O)N2CCC[C@H]2C1=O,-5.74
4432,CCCN1CC(=O)N(C)[C@@H](CC(C)C)C(=O)N(C)[C@H](CC(C)C)C(=O)N2CCC[C@@H]2C(=O)N(C)[C@H](CC(C)C)C(=O)N[C@@H](Cc2ccccc2)C(=O)N2CCC[C@H]2C1=O,-5.29
4431,CCCN1CC(=O)N(C)[C@H](CC(C)C)C(=O)N(C)[C@H](CC(C)C)C(=O)N2CCC[C@@H]2C(=O)N(C)[C@@H](CC(C)C)C(=O)N[C@@H](Cc2ccccc2)C(=O)N2CCC[C@H]2C1=O,-5.13
4430,CCCN1CC(=O)N(C)[C@H](CC(C)C)C(=O)N(C)[C@@H](CC(C)C)C(=O)N2CCC[C@@H]2C(=O)N(C)[C@H](CC(C)C)C(=O)N[C@@H](Cc2ccccc2)C(=O)N2CCC[C@H]2C1=O,-4.96
4429,CCCN1CC(=O)N[C@@H](CC(C)C)C(=O)N[C@@H](CC(C)C)C(=O)N2CCC[C@@H]2C(=O)N(Cc2ccccc2)CC(=O)N[C@@H](Cc2ccccc2)C(=O)N2CCC[C@H]2C1=O,-5.52
4427,CCCN1CC(=O)N(C)[C@@H](CC(C)C)C(=O)N(C)[C@@H](CC(C)C)C(=O)N2CCC[C@@H]2C(=O)N[C@@H](CC(C)C)C(=O)N[C@@H](Cc2ccccc2)C(=O)N2CCC[C@H]2C1=O,-6.21
4426,CCCN1CC(=O)N[C@@H](CC(C)C)C(=O)N(C)[C@@H](CC(C)C)C(=O)N2CCC[C@@H]2C(=O)N(C)[C@@H](CC(C)C)C(=O)N[C@@H](Cc2ccccc2)C(=O)N2CCC[C@H]2C1=O,-5.09
4425,CCCN1CC(=O)N[C@H](CC(C)C)C(=O)N[C@@H](CC(C)C)C(=O)N2CCC[C@@H]2C(=O)N(Cc2ccccc2)CC(=O)N[C@@H](Cc2ccccc2)C(=O)N2CCC[C@H]2C1=O,-5.53
4424,CCCN1CC(=O)N[C@@H](CC(C)C)C(=O)N[C@H](CC(C)C)C(=O)N2CCC[C@@H]2C(=O)N(Cc2ccccc2)CC(=O)N[C@@H](Cc2ccccc2)C(=O)N2CCC[C@H]2C1=O,-5.69
4423,CCCN1CC(=O)N[C@@H](CC(C)C)C(=O)N(Cc2ccccc2)CC(=O)N2CCC[C@@H]2C(=O)N[C@H](CC(C)C)C(=O)N[C@@H](Cc2ccccc2)C(=O)N2CCC[C@H]2C1=O,-6.65
4420,CCCN1CC(=O)N[C@H](CC(C)C)C(=O)N(C)[C@@H](CC(C)C)C(=O)N2CCC[C@@H]2C(=O)N(C)[C@@H](CC(C)C)C(=O)N[C@@H](Cc2ccccc2)C(=O)N2CCC[C@H]2C1=O,-5.07
4419,CCCN1CC(=O)N(C)[C@H](CC(C)C)C(=O)N[C@@H](CC(C)C)C(=O)N2CCC[C@@H]2C(=O)N(C)[C@@H](CC(C)C)C(=O)N[C@@H](Cc2ccccc2)C(=O)N2CCC[C@H]2C1=O,-4.97
4418,CCCN1CC(=O)N(C)[C@@H](CC(C)C)C(=O)N[C@H](CC(C)C)C(=O)N2CCC[C@@H]2C(=O)N(C)[C@@H](CC(C)C)C(=O)N[C@@H](Cc2ccccc2)C(=O)N2CCC[C@H]2C1=O,-5.2
4417,CCCN1CC(=O)N(C)[C@@H](CC(C)C)C(=O)N[C@@H](CC(C)C)C(=O)N2CCC[C@@H]2C(=O)N(C)[C@H](CC(C)C)C(=O)N[C@@H](Cc2ccccc2)C(=O)N2CCC[C@H]2C1=O,-5.16
4416,CCCN1CC(=O)N[C@@H](CC(C)C)C(=O)N(C)[C@H](CC(C)C)C(=O)N2CCC[C@@H]2C(=O)N(C)[C@@H](CC(C)C)C(=O)N[C@@H](Cc2ccccc2)C(=O)N2CCC[C@H]2C1=O,-5.73
4415,CCCN1CC(=O)N(C)[C@H](CC(C)C)C(=O)N(C)[C@@H](CC(C)C)C(=O)N2CCC[C@@H]2C(=O)N[C@@H](CC(C)C)C(=O)N[C@@H](Cc2ccccc2)C(=O)N2CCC[C@H]2C1=O,-5.34
4414,CCCN1CC(=O)N[C@H](CC(C)C)C(=O)N[C@H](CC(C)C)C(=O)N2CCC[C@@H]2C(=O)N(Cc2ccccc2)CC(=O)N[C@@H](Cc2ccccc2)C(=O)N2CCC[C@H]2C1=O,-5.57
4413,CCCN1CC(=O)N[C@H](CC(C)C)C(=O)N(Cc2ccccc2)CC(=O)N2CCC[C@@H]2C(=O)N[C@H](CC(C)C)C(=O)N[C@@H](Cc2ccccc2)C(=O)N2CCC[C@H]2C1=O,-5.88
4412,CCCN1CC(=O)N(C)[C@H](CC(C)C)C(=O)N(C)[C@H](CC(C)C)C(=O)N2CCC[C@@H]2C(=O)N[C@@H](CC(C)C)C(=O)N[C@@H](Cc2ccccc2)C(=O)N2CCC[C@H]2C1=O,-5.57
4411,CCCN1CC(=O)N(C)[C@@H](CC(C)C)C(=O)N(C)[C@H](CC(C)C)C(=O)N2CCC[C@@H]2C(=O)N[C@H](CC(C)C)C(=O)N[C@@H](Cc2ccccc2)C(=O)N2CCC[C@H]2C1=O,-5.0
4410,CCCN1CC(=O)N[C@H](CC(C)C)C(=O)N(C)[C@@H](CC(C)C)C(=O)N2CCC[C@@H]2C(=O)N(C)[C@H](CC(C)C)C(=O)N[C@@H](Cc2ccccc2)C(=O)N2CCC[C@H]2C1=O,-5.36
4409,CCCN1CC(=O)N(C)[C@H](CC(C)C)C(=O)N[C@@H](CC(C)C)C(=O)N2CCC[C@@H]2C(=O)N(C)[C@H](CC(C)C)C(=O)N[C@@H](Cc2ccccc2)C(=O)N2CCC[C@H]2C1=O,-5.2
4408,CCCN1CC(=O)N(C)[C@H](CC(C)C)C(=O)N(C)[C@@H](CC(C)C)C(=O)N2CCC[C@@H]2C(=O)N[C@H](CC(C)C)C(=O)N[C@@H](Cc2ccccc2)C(=O)N2CCC[C@H]2C1=O,-5.29
4407,CCCN1CC(=O)N[C@@H](CC(C)C)C(=O)N(C)[C@H](CC(C)C)C(=O)N2CCC[C@@H]2C(=O)N(C)[C@H](CC(C)C)C(=O)N[C@@H](Cc2ccccc2)C(=O)N2CCC[C@H]2C1=O,-6.01
4406,CCCN1CC(=O)N(C)[C@H](CC(C)C)C(=O)N[C@H](CC(C)C)C(=O)N2CCC[C@@H]2C(=O)N(C)[C@H](CC(C)C)C(=O)N[C@@H](Cc2ccccc2)C(=O)N2CCC[C@H]2C1=O,-5.22
4405,CCCN1CC(=O)N(C)[C@H](CC(C)C)C(=O)N(C)[C@H](CC(C)C)C(=O)N2CCC[C@@H]2C(=O)N[C@H](CC(C)C)C(=O)N[C@@H](Cc2ccccc2)C(=O)N2CCC[C@H]2C1=O,-5.88
4404,CCCN1CC(=O)N[C@@H](CC(C)C)C(=O)N[C@@H](CC(C)C)C(=O)N2CCC[C@@H]2C(=O)N(C)[C@@H](CC(C)C)C(=O)N[C@@H](Cc2ccccc2)C(=O)N2CCC[C@H]2C1=O,-5.7
4403,CCCN1CC(=O)N[C@@H](CC(C)C)C(=O)N(C)[C@@H](CC(C)C)C(=O)N2CCC[C@@H]2C(=O)N[C@@H](CC(C)C)C(=O)N[C@@H](Cc2ccccc2)C(=O)N2CCC[C@H]2C1=O,-5.82
4402,CCCN1CC(=O)N[C@H](CC(C)C)C(=O)N[C@@H](CC(C)C)C(=O)N2CCC[C@@H]2C(=O)N(C)[C@@H](CC(C)C)C(=O)N[C@@H](Cc2ccccc2)C(=O)N2CCC[C@H]2C1=O,-5.07
4401,CCCN1CC(=O)N[C@@H](CC(C)C)C(=O)N[C@H](CC(C)C)C(=O)N2CCC[C@@H]2C(=O)N(C)[C@@H](CC(C)C)C(=O)N[C@@H](Cc2ccccc2)C(=O)N2CCC[C@H]2C1=O,-5.21
4400,CCCN1CC(=O)N[C@@H](CC(C)C)C(=O)N(C)[C@H](CC(C)C)C(=O)N2CCC[C@@H]2C(=O)N[C@@H](CC(C)C)C(=O)N[C@@H](Cc2ccccc2)C(=O)N2CCC[C@H]2C1=O,-5.61
4399,CCCN1CC(=O)N[C@H](CC(C)C)C(=O)N(C)[C@@H](CC(C)C)C(=O)N2CCC[C@@H]2C(=O)N[C@@H](CC(C)C)C(=O)N[C@@H](Cc2ccccc2)C(=O)N2CCC[C@H]2C1=O,-5.99
4398,CCCN1CC(=O)N[C@@H](CC(C)C)C(=O)N(C)[C@@H](CC(C)C)C(=O)N2CCC[C@@H]2C(=O)N[C@H](CC(C)C)C(=O)N[C@@H](Cc2ccccc2)C(=O)N2CCC[C@H]2C1=O,-5.9
4397,CCCN1CC(=O)N(C)[C@@H](CC(C)C)C(=O)N[C@H](CC(C)C)C(=O)N2CCC[C@@H]2C(=O)N[C@@H](CC(C)C)C(=O)N[C@@H](Cc2ccccc2)C(=O)N2CCC[C@H]2C1=O,-6.77
4396,CCCN1CC(=O)N[C@H](CC(C)C)C(=O)N(C)[C@@H](CC(C)C)C(=O)N2CCC[C@@H]2C(=O)N[C@H](CC(C)C)C(=O)N[C@@H](Cc2ccccc2)C(=O)N2CCC[C@H]2C1=O,-5.73
4395,CCCN1CC(=O)N[C@@H](CC(C)C)C(=O)N[C@H](CC(C)C)C(=O)N2CCC[C@@H]2C(=O)N(C)[C@H](CC(C)C)C(=O)N[C@@H](Cc2ccccc2)C(=O)N2CCC[C@H]2C1=O,-5.37
4394,CCCN1CC(=O)N[C@@H](CC(C)C)C(=O)N(C)[C@H](CC(C)C)C(=O)N2CCC[C@@H]2C(=O)N[C@H](CC(C)C)C(=O)N[C@@H](Cc2ccccc2)C(=O)N2CCC[C@H]2C1=O,-5.6
4393,CCCN1CC(=O)N(C)[C@H](CC(C)C)C(=O)N[C@H](CC(C)C)C(=O)N2CCC[C@@H]2C(=O)N[C@@H](CC(C)C)C(=O)N[C@@H](Cc2ccccc2)C(=O)N2CCC[C@H]2C1=O,-6.42
4392,CCCN1CC(=O)N[C@H](CC(C)C)C(=O)N(C)[C@H](CC(C)C)C(=O)N2CCC[C@@H]2C(=O)N[C@@H](CC(C)C)C(=O)N[C@@H](Cc2ccccc2)C(=O)N2CCC[C@H]2C1=O,-6.07
4391,CCCN1CC(=O)N[C@H](CC(C)C)C(=O)N[C@H](CC(C)C)C(=O)N2CCC[C@@H]2C(=O)N(C)[C@H](CC(C)C)C(=O)N[C@@H](Cc2ccccc2)C(=O)N2CCC[C@H]2C1=O,-5.81
4390,CCCN1CC(=O)N[C@H](CC(C)C)C(=O)N(C)[C@H](CC(C)C)C(=O)N2CCC[C@@H]2C(=O)N[C@H](CC(C)C)C(=O)N[C@@H](Cc2ccccc2)C(=O)N2CCC[C@H]2C1=O,-5.31
4389,CCCN1CC(=O)N(C)[C@H](CC(C)C)C(=O)N[C@H](CC(C)C)C(=O)N2CCC[C@@H]2C(=O)N[C@H](CC(C)C)C(=O)N[C@@H](Cc2ccccc2)C(=O)N2CCC[C@H]2C1=O,-6.26
4388,CCCN1CC(=O)N[C@@H](CC(C)C)C(=O)N[C@@H](CC(C)C)C(=O)N2CCC[C@@H]2C(=O)N[C@@H](CC(C)C)C(=O)N[C@@H](Cc2ccccc2)C(=O)N2CCC[C@H]2C1=O,-6.55
4387,CCCN1CC(=O)N[C@H](CC(C)C)C(=O)N[C@@H](CC(C)C)C(=O)N2CCC[C@@H]2C(=O)N[C@@H](CC(C)C)C(=O)N[C@@H](Cc2ccccc2)C(=O)N2CCC[C@H]2C1=O,-5.91
4386,CCCN1CC(=O)N[C@@H](CC(C)C)C(=O)N[C@H](CC(C)C)C(=O)N2CCC[C@@H]2C(=O)N[C@@H](CC(C)C)C(=O)N[C@@H](Cc2ccccc2)C(=O)N2CCC[C@H]2C1=O,-6.48
4385,CCCN1CC(=O)N[C@H](CC(C)C)C(=O)N[C@@H](CC(C)C)C(=O)N2CCC[C@@H]2C(=O)N[C@H](CC(C)C)C(=O)N[C@@H](Cc2ccccc2)C(=O)N2CCC[C@H]2C1=O,-6.95
4384,CCCN1CC(=O)N[C@H](CC(C)C)C(=O)N[C@H](CC(C)C)C(=O)N2CCC[C@@H]2C(=O)N[C@H](CC(C)C)C(=O)N[C@@H](Cc2ccccc2)C(=O)N2CCC[C@H]2C1=O,-6.77
4378,CC(C)C[C@H]1C(=O)N(Cc2ccccc2)CC(=O)N2CCC[C@@H]2C(=O)N(Cc2ccccc2)CC(=O)N[C@@H](Cc2ccccc2)C(=O)N2CCC[C@@H]2C(=O)N(C)[C@H](C)C(=O)N1C,-5.87
4377,CC(C)C[C@H]1C(=O)N[C@@H](Cc2ccccc2)C(=O)N2CCC[C@@H]2C(=O)N(C)[C@H](C)C(=O)N(Cc2ccccc2)CC(=O)N(Cc2ccccc2)CC(=O)N2CCC[C@@H]2C(=O)N1C,-6.41
4376,CC(C)C[C@H]1C(=O)N[C@@H](Cc2ccccc2)CC(=O)N2CCC[C@@H]2C(=O)N(C)[C@@H](CC(C)C)C(=O)N[C@@H](Cc2ccccc2)C(=O)N2CCC[C@@H]2C(=O)N(C)[C@H](C)C(=O)N1C,-5.93
4375,CC(C)C[C@@H]1C(=O)N(Cc2ccccc2)CC(=O)N2CCC[C@@H]2C(=O)N(Cc2ccccc2)CC(=O)N[C@@H](Cc2ccccc2)C(=O)N2CCC[C@@H]2C(=O)N(C)[C@H](C)C(=O)N1C,-6.84
4373,CC(C)C[C@H]1C(=O)N[C@@H](Cc2ccccc2)CC(=O)N2CCC[C@@H]2C(=O)N(C)[C@H](CC(C)C)C(=O)N[C@@H](Cc2ccccc2)C(=O)N2CCC[C@@H]2C(=O)N(C)[C@H](C)C(=O)N1C,-5.79
4370,CC(C)C[C@@H]1NC(=O)[C@@H](C)N(C)C(=O)[C@H]2CCCN2C(=O)[C@H](Cc2ccccc2)NC(=O)CN(Cc2ccccc2)C(=O)[C@H]2CCCN2C(=O)CN(Cc2ccccc2)C1=O,-5.71
4369,CC(C)C[C@H]1C(=O)N2CCC[C@@H]2C(=O)N(Cc2ccccc2)CC(=O)N[C@@H](Cc2ccccc2)C(=O)N2CCC[C@@H]2C(=O)N(C)[C@H](C)C(=O)N(C)[C@@H](CC(C)C)C(=O)N1C,-5.71
4368,CC(C)C[C@@H]1NC(=O)[C@@H](C)N(C)C(=O)[C@H]2CCCN2C(=O)[C@H](Cc2ccccc2)NC(=O)[C@H](CC(C)C)N(C)C(=O)[C@H]2CCCN2C(=O)C[C@H](Cc2ccccc2)NC1=O,-5.58
4367,CC(C)C[C@H]1C(=O)N(Cc2ccccc2)CC(=O)N2CCC[C@@H]2C(=O)N(C)[C@@H](CC(C)C)C(=O)N[C@@H](Cc2ccccc2)C(=O)N2CCC[C@@H]2C(=O)N(C)[C@H](C)C(=O)N1C,-5.42
4365,CC(C)C[C@H]1NC(=O)[C@@H](C)N(C)C(=O)[C@H]2CCCN2C(=O)[C@H](Cc2ccccc2)NC(=O)CN(Cc2ccccc2)C(=O)[C@H]2CCCN2C(=O)CN(Cc2ccccc2)C1=O,-6.76
4364,CC(C)C[C@@H]1NC(=O)[C@@H](C)N(C)C(=O)[C@H]2CCCN2C(=O)[C@H](Cc2ccccc2)NC(=O)[C@@H](CC(C)C)N(C)C(=O)[C@H]2CCCN2C(=O)C[C@H](Cc2ccccc2)NC1=O,-6.25
4363,CC(C)C[C@H]1C(=O)N(Cc2ccccc2)CC(=O)N2CCC[C@@H]2C(=O)N(C)[C@H](CC(C)C)C(=O)N[C@@H](Cc2ccccc2)C(=O)N2CCC[C@@H]2C(=O)N(C)[C@H](C)C(=O)N1C,-5.75
4361,CC(C)C[C@H]1C(=O)N[C@@H](Cc2ccccc2)C(=O)N2CCC[C@@H]2C(=O)N(C)[C@H](C)C(=O)N[C@H](CC(C)C)C(=O)N[C@@H](Cc2ccccc2)CC(=O)N2CCC[C@@H]2C(=O)N1C,-6.44
4360,CC(C)C[C@H]1C(=O)N(C)[C@H](CC(C)C)C(=O)N2CCC[C@@H]2C(=O)N(Cc2ccccc2)CC(=O)N[C@@H](Cc2ccccc2)C(=O)N2CCC[C@@H]2C(=O)N(C)[C@H](C)C(=O)N1C,-6.2
4359,CC(C)C[C@H]1C(=O)N[C@@H](Cc2ccccc2)CC(=O)N2CCC[C@@H]2C(=O)N[C@H](CC(C)C)C(=O)N[C@@H](Cc2ccccc2)C(=O)N2CCC[C@@H]2C(=O)N(C)[C@H](C)C(=O)N1C,-6.3
4358,CC(C)C[C@H]1NC(=O)[C@H]2CCCN2C(=O)C[C@H](Cc2ccccc2)NC(=O)[C@@H](CC(C)C)N(C)C(=O)[C@@H](C)N(C)C(=O)[C@H]2CCCN2C(=O)[C@H](Cc2ccccc2)NC1=O,-6.18
4357,CC(C)C[C@@H]1C(=O)N(Cc2ccccc2)CC(=O)N2CCC[C@@H]2C(=O)N(C)[C@H](CC(C)C)C(=O)N[C@@H](Cc2ccccc2)C(=O)N2CCC[C@@H]2C(=O)N(C)[C@H](C)C(=O)N1C,-6.26
4356,CC(C)C[C@H]1NC(=O)[C@@H](C)N(C)C(=O)[C@H]2CCCN2C(=O)[C@H](Cc2ccccc2)NC(=O)[C@@H](CC(C)C)N(C)C(=O)[C@H]2CCCN2C(=O)C[C@H](Cc2ccccc2)NC1=O,-5.97
4355,CC(C)C[C@@H]1C(=O)N2CCC[C@@H]2C(=O)N(C)[C@H](CC(C)C)C(=O)N[C@@H](Cc2ccccc2)C(=O)N2CCC[C@@H]2C(=O)N(C)[C@H](C)C(=O)N(Cc2ccccc2)CC(=O)N1C,-5.62
4354,CC(C)C[C@@H]1NC(=O)CN(Cc2ccccc2)C(=O)[C@@H](C)N(C)C(=O)[C@H]2CCCN2C(=O)[C@H](Cc2ccccc2)NC(=O)[C@H](CC(C)C)N(C)C(=O)[C@H]2CCCN2C1=O,-5.72
4353,CC(C)C[C@@H]1NC(=O)[C@H](CC(C)C)N(C)C(=O)[C@@H](C)N(C)C(=O)[C@H]2CCCN2C(=O)[C@H](Cc2ccccc2)NC(=O)CN(Cc2ccccc2)C(=O)[C@H]2CCCN2C1=O,-5.74
4352,CC(C)C[C@@H]1NC(=O)[C@@H](C)N(C)C(=O)[C@H]2CCCN2C(=O)[C@H](Cc2ccccc2)NC(=O)[C@H](CC(C)C)N(C)C(=O)[C@H]2CCCN2C(=O)CN(Cc2ccccc2)C1=O,-6.25
4351,CC(C)C[C@@H]1NC(=O)[C@@H](C)N(C)C(=O)[C@H]2CCCN2C(=O)[C@H](Cc2ccccc2)NC(=O)CN(Cc2ccccc2)C(=O)[C@H]2CCCN2C(=O)[C@H](CC(C)C)N(C)C1=O,-5.41
4350,CC(C)C[C@@H]1NC(=O)[C@H]2CCCN2C(=O)CN(Cc2ccccc2)C(=O)[C@H](CC(C)C)N(C)C(=O)[C@@H](C)N(C)C(=O)[C@H]2CCCN2C(=O)[C@H](Cc2ccccc2)NC1=O,-6.35
4349,CC(C)C[C@H]1C(=O)N2CCC[C@@H]2C(=O)N(C)[C@@H](CC(C)C)C(=O)N[C@@H](Cc2ccccc2)C(=O)N2CCC[C@@H]2C(=O)N(C)[C@H](C)C(=O)N(C)[C@@H](CC(C)C)C(=O)N1C,-5.77
4347,CC(C)C[C@@H]1NC(=O)CN(Cc2ccccc2)C(=O)[C@@H](C)N(C)C(=O)[C@H]2CCCN2C(=O)[C@H](Cc2ccccc2)NC(=O)[C@@H](CC(C)C)N(C)C(=O)[C@H]2CCCN2C1=O,-5.69
4346,CC(C)C[C@@H]1NC(=O)[C@@H](C)N(C)C(=O)[C@H]2CCCN2C(=O)[C@H](Cc2ccccc2)NC(=O)[C@@H](CC(C)C)N(C)C(=O)[C@H]2CCCN2C(=O)CN(Cc2ccccc2)C1=O,-5.24
4345,CC(C)C[C@@H]1NC(=O)[C@@H](C)N(C)C(=O)[C@H]2CCCN2C(=O)[C@H](Cc2ccccc2)NC(=O)CN(Cc2ccccc2)C(=O)[C@H]2CCCN2C(=O)[C@@H](CC(C)C)N(C)C1=O,-6.12
4344,CC(C)C[C@H]1C(=O)N[C@@H](Cc2ccccc2)C(=O)N2CCC[C@@H]2C(=O)N(C)[C@H](C)C(=O)N[C@H](CC(C)C)C(=O)N(Cc2ccccc2)CC(=O)N2CCC[C@@H]2C(=O)N1C,-5.77
4341,CC(C)C[C@H]1C(=O)N[C@H](CC(C)C)C(=O)N2CCC[C@@H]2C(=O)N(Cc2ccccc2)CC(=O)N[C@@H](Cc2ccccc2)C(=O)N2CCC[C@@H]2C(=O)N(C)[C@H](C)C(=O)N1C,-6.03
4340,CC(C)C[C@@H]1NC(=O)[C@H]2CCCN2C(=O)CN(Cc2ccccc2)C(=O)[C@@H](CC(C)C)N(C)C(=O)[C@@H](C)N(C)C(=O)[C@H]2CCCN2C(=O)[C@H](Cc2ccccc2)NC1=O,-6.15
4338,CC(C)C[C@H]1C(=O)N(C)[C@H](CC(C)C)C(=O)N2CCC[C@@H]2C(=O)N(C)[C@@H](CC(C)C)C(=O)N[C@@H](Cc2ccccc2)C(=O)N2CCC[C@@H]2C(=O)N(C)[C@H](C)C(=O)N1C,-5.59
4337,CC(C)C[C@H]1NC(=O)[C@H]2CCCN2C(=O)CN(Cc2ccccc2)C(=O)[C@@H](CC(C)C)N(C)C(=O)[C@@H](C)N(C)C(=O)[C@H]2CCCN2C(=O)[C@H](Cc2ccccc2)NC1=O,-5.6
4336,CC(C)C[C@H]1NC(=O)[C@@H](CC(C)C)N(C)C(=O)[C@@H](C)N(C)C(=O)[C@H]2CCCN2C(=O)[C@H](Cc2ccccc2)NC(=O)CN(Cc2ccccc2)C(=O)[C@H]2CCCN2C1=O,-5.63
4335,CC(C)C[C@H]1NC(=O)[C@@H](C)N(C)C(=O)[C@H]2CCCN2C(=O)[C@H](Cc2ccccc2)NC(=O)[C@@H](CC(C)C)N(C)C(=O)[C@H]2CCCN2C(=O)CN(Cc2ccccc2)C1=O,-6.01
4334,CC(C)C[C@H]1NC(=O)[C@H]2CCCN2C(=O)[C@@H](CC(C)C)N(C)C(=O)CN(Cc2ccccc2)C(=O)[C@@H](C)N(C)C(=O)[C@H]2CCCN2C(=O)[C@H](Cc2ccccc2)NC1=O,-6.26
4333,CC(C)C[C@H]1C(=O)N2CCC[C@@H]2C(=O)N(C)[C@H](CC(C)C)C(=O)N[C@@H](Cc2ccccc2)C(=O)N2CCC[C@@H]2C(=O)N(C)[C@H](C)C(=O)N(C)[C@H](CC(C)C)C(=O)N1C,-5.57
4332,CC(C)C[C@H]1C(=O)N(C)[C@H](CC(C)C)C(=O)N2CCC[C@@H]2C(=O)N(C)[C@H](CC(C)C)C(=O)N[C@@H](Cc2ccccc2)C(=O)N2CCC[C@@H]2C(=O)N(C)[C@H](C)C(=O)N1C,-6.19
4331,CC(C)C[C@@H]1C(=O)N(C)[C@H](CC(C)C)C(=O)N2CCC[C@@H]2C(=O)N(C)[C@H](CC(C)C)C(=O)N[C@@H](Cc2ccccc2)C(=O)N2CCC[C@@H]2C(=O)N(C)[C@H](C)C(=O)N1C,-5.72
4330,CC(C)C[C@@H]1NC(=O)[C@@H](C)N(C)C(=O)[C@H]2CCCN2C(=O)[C@H](Cc2ccccc2)NC(=O)CN(Cc2ccccc2)C(=O)[C@H]2CCCN2C(=O)[C@H](CC(C)C)NC1=O,-6.3
4329,CC(C)C[C@@H]1NC(=O)[C@H]2CCCN2C(=O)CN(Cc2ccccc2)C(=O)[C@H](CC(C)C)NC(=O)[C@@H](C)N(C)C(=O)[C@H]2CCCN2C(=O)[C@H](Cc2ccccc2)NC1=O,-6.29
4328,CC(C)C[C@@H]1NC(=O)[C@H](CC(C)C)N(C)C(=O)[C@@H](C)N(C)C(=O)[C@H]2CCCN2C(=O)[C@H](Cc2ccccc2)NC(=O)[C@H](CC(C)C)N(C)C(=O)[C@H]2CCCN2C1=O,-5.1
4327,CC(C)C[C@@H]1NC(=O)[C@@H](C)N(C)C(=O)[C@H]2CCCN2C(=O)[C@H](Cc2ccccc2)NC(=O)[C@H](CC(C)C)N(C)C(=O)[C@H]2CCCN2C(=O)[C@H](CC(C)C)N(C)C1=O,-5.1
4325,CC(C)C[C@@H]1NC(=O)[C@@H](CC(C)C)NC(=O)[C@@H](C)N(C)C(=O)[C@H]2CCCN2C(=O)[C@H](Cc2ccccc2)NC(=O)CN(Cc2ccccc2)C(=O)[C@H]2CCCN2C1=O,-6.05
4324,CC(C)C[C@@H]1NC(=O)[C@@H](C)N(C)C(=O)[C@H]2CCCN2C(=O)[C@H](Cc2ccccc2)NC(=O)[C@@H](CC(C)C)NC(=O)[C@H]2CCCN2C(=O)CN(Cc2ccccc2)C1=O,-6.15
4322,CC(C)C[C@@H]1NC(=O)[C@@H](CC(C)C)N(C)C(=O)[C@@H](C)N(C)C(=O)[C@H]2CCCN2C(=O)[C@H](Cc2ccccc2)NC(=O)[C@H](CC(C)C)N(C)C(=O)[C@H]2CCCN2C1=O,-5.78
4321,CC(C)C[C@H]1C(=O)N2CCC[C@@H]2C(=O)N(C)[C@@H](CC(C)C)C(=O)N[C@@H](Cc2ccccc2)C(=O)N2CCC[C@@H]2C(=O)N(C)[C@H](C)C(=O)N[C@H](CC(C)C)C(=O)N1C,-5.83
4320,CC(C)C[C@@H]1NC(=O)[C@@H](C)N(C)C(=O)[C@H]2CCCN2C(=O)[C@H](Cc2ccccc2)NC(=O)[C@@H](CC(C)C)N(C)C(=O)[C@H]2CCCN2C(=O)[C@H](CC(C)C)N(C)C1=O,-5.16
4319,CC(C)C[C@@H]1NC(=O)[C@H](CC(C)C)N(C)C(=O)[C@@H](C)N(C)C(=O)[C@H]2CCCN2C(=O)[C@H](Cc2ccccc2)NC(=O)[C@@H](CC(C)C)N(C)C(=O)[C@H]2CCCN2C1=O,-5.46
4318,CC(C)C[C@@H]1NC(=O)[C@@H](C)N(C)C(=O)[C@H]2CCCN2C(=O)[C@H](Cc2ccccc2)NC(=O)[C@H](CC(C)C)N(C)C(=O)[C@H]2CCCN2C(=O)[C@@H](CC(C)C)N(C)C1=O,-6.17
4317,CC(C)C[C@@H]1NC(=O)[C@H]2CCCN2C(=O)[C@@H](CC(C)C)N(C)C(=O)[C@H](CC(C)C)N(C)C(=O)[C@@H](C)N(C)C(=O)[C@H]2CCCN2C(=O)[C@H](Cc2ccccc2)NC1=O,-6.78
4316,CC(C)C[C@H]1NC(=O)[C@H]2CCCN2C(=O)CN(Cc2ccccc2)C(=O)[C@@H](CC(C)C)NC(=O)[C@@H](C)N(C)C(=O)[C@H]2CCCN2C(=O)[C@H](Cc2ccccc2)NC1=O,-6.32
4315,CC(C)C[C@H]1NC(=O)[C@@H](C)N(C)C(=O)[C@H]2CCCN2C(=O)[C@H](Cc2ccccc2)NC(=O)CN(Cc2ccccc2)C(=O)[C@H]2CCCN2C(=O)[C@@H](CC(C)C)NC1=O,-5.92
4314,CC(C)C[C@H]1C(=O)N2CCC[C@@H]2C(=O)N(C)[C@H](CC(C)C)C(=O)N[C@@H](Cc2ccccc2)C(=O)N2CCC[C@@H]2C(=O)N(C)[C@H](C)C(=O)N[C@H](CC(C)C)C(=O)N1C,-5.3
4313,CC(C)C[C@H]1C(=O)N[C@@H](Cc2ccccc2)C(=O)N2CCC[C@@H]2C(=O)N(C)[C@H](C)C(=O)N[C@H](CC(C)C)C(=O)N(C)[C@H](CC(C)C)C(=O)N2CCC[C@@H]2C(=O)N1C,-5.21
4312,CC(C)C[C@H]1C(=O)N[C@H](CC(C)C)C(=O)N2CCC[C@@H]2C(=O)N(C)[C@H](CC(C)C)C(=O)N[C@@H](Cc2ccccc2)C(=O)N2CCC[C@@H]2C(=O)N(C)[C@H](C)C(=O)N1C,-5.95
4311,CC(C)C[C@H]1NC(=O)[C@@H](CC(C)C)N(C)C(=O)[C@@H](C)N(C)C(=O)[C@H]2CCCN2C(=O)[C@H](Cc2ccccc2)NC(=O)[C@@H](CC(C)C)N(C)C(=O)[C@H]2CCCN2C1=O,-5.36
4310,CC(C)C[C@H]1NC(=O)[C@@H](C)N(C)C(=O)[C@H]2CCCN2C(=O)[C@H](Cc2ccccc2)NC(=O)[C@@H](CC(C)C)N(C)C(=O)[C@H]2CCCN2C(=O)[C@@H](CC(C)C)N(C)C1=O,-5.78
4309,CC(C)C[C@@H]1NC(=O)[C@@H](C)N(C)C(=O)[C@H]2CCCN2C(=O)[C@H](Cc2ccccc2)NC(=O)[C@H](CC(C)C)N(C)C(=O)[C@H]2CCCN2C(=O)[C@H](CC(C)C)NC1=O,-5.96
4308,CC(C)C[C@@H]1NC(=O)[C@H]2CCCN2C(=O)[C@H](CC(C)C)N(C)C(=O)[C@H](CC(C)C)NC(=O)[C@@H](C)N(C)C(=O)[C@H]2CCCN2C(=O)[C@H](Cc2ccccc2)NC1=O,-5.97
4307,CC(C)C[C@@H]1NC(=O)[C@@H](CC(C)C)NC(=O)[C@@H](C)N(C)C(=O)[C@H]2CCCN2C(=O)[C@H](Cc2ccccc2)NC(=O)[C@H](CC(C)C)N(C)C(=O)[C@H]2CCCN2C1=O,-5.23
4306,CC(C)C[C@@H]1NC(=O)[C@@H](C)N(C)C(=O)[C@H]2CCCN2C(=O)[C@H](Cc2ccccc2)NC(=O)[C@@H](CC(C)C)N(C)C(=O)[C@H]2CCCN2C(=O)[C@H](CC(C)C)NC1=O,-5.94
4303,CC(C)C[C@@H]1NC(=O)[C@H]2CCCN2C(=O)[C@@H](CC(C)C)N(C)C(=O)[C@H](CC(C)C)NC(=O)[C@@H](C)N(C)C(=O)[C@H]2CCCN2C(=O)[C@H](Cc2ccccc2)NC1=O,-6.21
4302,CC(C)C[C@@H]1NC(=O)[C@H](CC(C)C)N(C)C(=O)[C@@H](C)N(C)C(=O)[C@H]2CCCN2C(=O)[C@H](Cc2ccccc2)NC(=O)[C@@H](CC(C)C)NC(=O)[C@H]2CCCN2C1=O,-6.11
4301,CC(C)C[C@@H]1NC(=O)[C@H]2CCCN2C(=O)[C@H](CC(C)C)N(C)C(=O)[C@@H](CC(C)C)NC(=O)[C@@H](C)N(C)C(=O)[C@H]2CCCN2C(=O)[C@H](Cc2ccccc2)NC1=O,-6.37
4299,CC(C)C[C@@H]1NC(=O)[C@@H](CC(C)C)NC(=O)[C@@H](C)N(C)C(=O)[C@H]2CCCN2C(=O)[C@H](Cc2ccccc2)NC(=O)[C@@H](CC(C)C)N(C)C(=O)[C@H]2CCCN2C1=O,-5.3
4298,CC(C)C[C@@H]1NC(=O)[C@@H](CC(C)C)N(C)C(=O)[C@@H](C)N(C)C(=O)[C@H]2CCCN2C(=O)[C@H](Cc2ccccc2)NC(=O)[C@@H](CC(C)C)NC(=O)[C@H]2CCCN2C1=O,-5.88
4297,CC(C)C[C@H]1C(=O)N[C@@H](Cc2ccccc2)C(=O)N2CCC[C@@H]2C(=O)N(C)[C@H](C)C(=O)N[C@H](CC(C)C)C(=O)N[C@H](CC(C)C)C(=O)N2CCC[C@@H]2C(=O)N1C,-5.92
4296,CC(C)C[C@@H]1NC(=O)[C@@H](C)N(C)C(=O)[C@H]2CCCN2C(=O)[C@H](Cc2ccccc2)NC(=O)[C@@H](CC(C)C)N(C)C(=O)[C@H]2CCCN2C(=O)[C@@H](CC(C)C)NC1=O,-5.82
4295,CC(C)C[C@@H]1NC(=O)[C@H]2CCCN2C(=O)[C@@H](CC(C)C)NC(=O)[C@@H](CC(C)C)N(C)C(=O)[C@@H](C)N(C)C(=O)[C@H]2CCCN2C(=O)[C@H](Cc2ccccc2)NC1=O,-6.63
4294,CC(C)C[C@@H]1NC(=O)[C@H]2CCCN2C(=O)[C@@H](CC(C)C)N(C)C(=O)[C@@H](CC(C)C)NC(=O)[C@@H](C)N(C)C(=O)[C@H]2CCCN2C(=O)[C@H](Cc2ccccc2)NC1=O,-7.46
4293,CC(C)C[C@H]1NC(=O)[C@H]2CCCN2C(=O)[C@@H](CC(C)C)NC(=O)[C@@H](CC(C)C)N(C)C(=O)[C@@H](C)N(C)C(=O)[C@H]2CCCN2C(=O)[C@H](Cc2ccccc2)NC1=O,-6.22
4292,CC(C)C[C@H]1NC(=O)[C@@H](C)N(C)C(=O)[C@H]2CCCN2C(=O)[C@H](Cc2ccccc2)NC(=O)[C@@H](CC(C)C)N(C)C(=O)[C@H]2CCCN2C(=O)[C@@H](CC(C)C)NC1=O,-6.15
4291,CC(C)C[C@H]1NC(=O)[C@H]2CCCN2C(=O)[C@@H](CC(C)C)N(C)C(=O)[C@@H](CC(C)C)NC(=O)[C@@H](C)N(C)C(=O)[C@H]2CCCN2C(=O)[C@H](Cc2ccccc2)NC1=O,-5.63
4290,CC(C)C[C@@H]1NC(=O)[C@@H](C)N(C)C(=O)[C@H]2CCCN2C(=O)[C@H](Cc2ccccc2)NC(=O)[C@H](CC(C)C)NC(=O)[C@H]2CCCN2C(=O)[C@H](CC(C)C)NC1=O,-6.61
4289,CC(C)C[C@@H]1NC(=O)[C@H]2CCCN2C(=O)[C@H](CC(C)C)NC(=O)[C@@H](CC(C)C)NC(=O)[C@@H](C)N(C)C(=O)[C@H]2CCCN2C(=O)[C@H](Cc2ccccc2)NC1=O,-6.7
4287,CC(C)C[C@@H]1NC(=O)[C@H]2CCCN2C(=O)[C@@H](CC(C)C)NC(=O)[C@@H](CC(C)C)NC(=O)[C@@H](C)N(C)C(=O)[C@H]2CCCN2C(=O)[C@H](Cc2ccccc2)NC1=O,-6.6
4286,CC(C)C[C@H]1NC(=O)[C@@H](C)N(C)C(=O)[C@H]2CCCN2C(=O)[C@H](Cc2ccccc2)NC(=O)[C@@H](CC(C)C)NC(=O)[C@H]2CCCN2C(=O)[C@@H](CC(C)C)NC1=O,-6.31
4282,CC(C)C[C@H]1C(=O)N[C@@H](Cc2ccccc2)C(=O)N2CCC[C@@H]2C(=O)N(C)[C@@H](C)C(=O)N(Cc2ccccc2)CC(=O)N(Cc2ccccc2)CC(=O)N2CCC[C@@H]2C(=O)N1C,-5.89
4279,CC(C)C[C@H]1C(=O)N[C@@H](Cc2ccccc2)CC(=O)N2CCC[C@@H]2C(=O)N(C)[C@@H](CC(C)C)C(=O)N[C@@H](Cc2ccccc2)C(=O)N2CCC[C@@H]2C(=O)N(C)[C@@H](C)C(=O)N1C,-5.31
4275,CC(C)C[C@@H]1NC(=O)[C@H](C)N(C)C(=O)[C@H]2CCCN2C(=O)[C@H](Cc2ccccc2)NC(=O)CN(Cc2ccccc2)C(=O)[C@H]2CCCN2C(=O)CN(Cc2ccccc2)C1=O,-5.43
4273,CC(C)C[C@H]1C(=O)N(C)[C@@H](CC(C)C)C(=O)N2CCC[C@@H]2C(=O)N(Cc2ccccc2)CC(=O)N[C@@H](Cc2ccccc2)C(=O)N2CCC[C@@H]2C(=O)N(C)[C@@H](C)C(=O)N1C,-5.15
4272,CC(C)C[C@H]1C(=O)N(Cc2ccccc2)CC(=O)N2CCC[C@@H]2C(=O)N(C)[C@@H](CC(C)C)C(=O)N[C@@H](Cc2ccccc2)C(=O)N2CCC[C@@H]2C(=O)N(C)[C@@H](C)C(=O)N1C,-5.62
4271,CC(C)C[C@H]1NC(=O)[C@H]2CCCN2C(=O)CN(Cc2ccccc2)C(=O)CN(Cc2ccccc2)C(=O)[C@H](C)N(C)C(=O)[C@H]2CCCN2C(=O)[C@H](Cc2ccccc2)NC1=O,-6.02
4269,CC(C)C[C@H]1C(=O)N2CCC[C@@H]2C(=O)N(C)[C@H](CC(C)C)C(=O)N[C@@H](Cc2ccccc2)C(=O)N2CCC[C@@H]2C(=O)N(C)[C@@H](C)C(=O)N(Cc2ccccc2)CC(=O)N1C,-5.51
4268,CC(C)C[C@H]1C(=O)N2CCC[C@@H]2C(=O)N(Cc2ccccc2)CC(=O)N[C@@H](Cc2ccccc2)C(=O)N2CCC[C@@H]2C(=O)N(C)[C@@H](C)C(=O)N(C)[C@H](CC(C)C)C(=O)N1C,-5.24
4267,CC(C)C[C@@H]1NC(=O)[C@H](C)N(C)C(=O)[C@H]2CCCN2C(=O)[C@H](Cc2ccccc2)NC(=O)[C@@H](CC(C)C)N(C)C(=O)[C@H]2CCCN2C(=O)C[C@H](Cc2ccccc2)NC1=O,-6.03
4266,CC(C)C[C@H]1C(=O)N[C@@H](Cc2ccccc2)C(=O)N2CCC[C@@H]2C(=O)N(C)[C@@H](C)C(=O)N(C)[C@H](CC(C)C)C(=O)N(Cc2ccccc2)CC(=O)N2CCC[C@@H]2C(=O)N1C,-5.48
4263,CC(C)C[C@H]1C(=O)N[C@@H](Cc2ccccc2)CC(=O)N2CCC[C@@H]2C(=O)N[C@H](CC(C)C)C(=O)N[C@@H](Cc2ccccc2)C(=O)N2CCC[C@@H]2C(=O)N(C)[C@@H](C)C(=O)N1C,-6.16
4262,CC(C)C[C@@H]1C(=O)N(Cc2ccccc2)CC(=O)N2CCC[C@@H]2C(=O)N(C)[C@H](CC(C)C)C(=O)N[C@@H](Cc2ccccc2)C(=O)N2CCC[C@@H]2C(=O)N(C)[C@@H](C)C(=O)N1C,-5.4
4259,CC(C)C[C@@H]1NC(=O)[C@H](CC(C)C)N(C)C(=O)[C@H](C)N(C)C(=O)[C@H]2CCCN2C(=O)[C@H](Cc2ccccc2)NC(=O)CN(Cc2ccccc2)C(=O)[C@H]2CCCN2C1=O,-5.33
4258,CC(C)C[C@@H]1NC(=O)CN(Cc2ccccc2)C(=O)[C@H](C)N(C)C(=O)[C@H]2CCCN2C(=O)[C@H](Cc2ccccc2)NC(=O)[C@H](CC(C)C)N(C)C(=O)[C@H]2CCCN2C1=O,-5.39
4257,CC(C)C[C@@H]1NC(=O)[C@H]2CCCN2C(=O)[C@H](CC(C)C)N(C)C(=O)CN(Cc2ccccc2)C(=O)[C@H](C)N(C)C(=O)[C@H]2CCCN2C(=O)[C@H](Cc2ccccc2)NC1=O,-5.27
4256,CC(C)C[C@@H]1NC(=O)[C@H](C)N(C)C(=O)[C@H]2CCCN2C(=O)[C@H](Cc2ccccc2)NC(=O)[C@H](CC(C)C)N(C)C(=O)[C@H]2CCCN2C(=O)CN(Cc2ccccc2)C1=O,-5.89
4255,CC(C)C[C@@H]1NC(=O)[C@H](C)N(C)C(=O)[C@H]2CCCN2C(=O)[C@H](Cc2ccccc2)NC(=O)CN(Cc2ccccc2)C(=O)[C@H]2CCCN2C(=O)[C@H](CC(C)C)N(C)C1=O,-5.01
4254,CC(C)C[C@H]1C(=O)N(C)[C@@H](CC(C)C)C(=O)N2CCC[C@@H]2C(=O)N(C)[C@@H](CC(C)C)C(=O)N[C@@H](Cc2ccccc2)C(=O)N2CCC[C@@H]2C(=O)N(C)[C@@H](C)C(=O)N1C,-4.95
4253,CC(C)C[C@@H]1NC(=O)[C@@H](CC(C)C)N(C)C(=O)[C@H](C)N(C)C(=O)[C@H]2CCCN2C(=O)[C@H](Cc2ccccc2)NC(=O)CN(Cc2ccccc2)C(=O)[C@H]2CCCN2C1=O,-5.51
4251,CC(C)C[C@@H]1NC(=O)[C@H](C)N(C)C(=O)[C@H]2CCCN2C(=O)[C@H](Cc2ccccc2)NC(=O)[C@@H](CC(C)C)N(C)C(=O)[C@H]2CCCN2C(=O)CN(Cc2ccccc2)C1=O,-5.2
4250,CC(C)C[C@H]1C(=O)N[C@@H](Cc2ccccc2)C(=O)N2CCC[C@@H]2C(=O)N(C)[C@@H](C)C(=O)N(Cc2ccccc2)CC(=O)N[C@H](CC(C)C)C(=O)N2CCC[C@@H]2C(=O)N1C,-5.26
4249,CC(C)C[C@H]1C(=O)N2CCC[C@@H]2C(=O)N[C@H](CC(C)C)C(=O)N[C@@H](Cc2ccccc2)C(=O)N2CCC[C@@H]2C(=O)N(C)[C@@H](C)C(=O)N(Cc2ccccc2)CC(=O)N1C,-5.67
4247,CC(C)C[C@H]1C(=O)N2CCC[C@@H]2C(=O)N(Cc2ccccc2)CC(=O)N[C@@H](Cc2ccccc2)C(=O)N2CCC[C@@H]2C(=O)N(C)[C@@H](C)C(=O)N[C@H](CC(C)C)C(=O)N1C,-5.48
4246,CC(C)C[C@H]1C(=O)N[C@@H](Cc2ccccc2)C(=O)N2CCC[C@@H]2C(=O)N(C)[C@@H](C)C(=O)N[C@H](CC(C)C)C(=O)N(Cc2ccccc2)CC(=O)N2CCC[C@@H]2C(=O)N1C,-5.74
4245,CC(C)C[C@@H]1NC(=O)[C@H](C)N(C)C(=O)[C@H]2CCCN2C(=O)[C@H](Cc2ccccc2)NC(=O)[C@@H](CC(C)C)NC(=O)[C@H]2CCCN2C(=O)C[C@H](Cc2ccccc2)NC1=O,-6.26
4243,CC(C)C[C@@H]1NC(=O)[C@H]2CCCN2C(=O)CN(Cc2ccccc2)C(=O)[C@@H](CC(C)C)N(C)C(=O)[C@H](C)N(C)C(=O)[C@H]2CCCN2C(=O)[C@H](Cc2ccccc2)NC1=O,-6.17
4242,CC(C)C[C@H]1C(=O)N2CCC[C@@H]2C(=O)N(C)[C@@H](CC(C)C)C(=O)N[C@@H](Cc2ccccc2)C(=O)N2CCC[C@@H]2C(=O)N(C)[C@@H](C)C(=O)N(C)[C@H](CC(C)C)C(=O)N1C,-4.96
4241,CC(C)C[C@H]1C(=O)N(C)[C@@H](CC(C)C)C(=O)N2CCC[C@@H]2C(=O)N(C)[C@H](CC(C)C)C(=O)N[C@@H](Cc2ccccc2)C(=O)N2CCC[C@@H]2C(=O)N(C)[C@@H](C)C(=O)N1C,-4.93
4240,CC(C)C[C@H]1NC(=O)[C@H]2CCCN2C(=O)CN(Cc2ccccc2)C(=O)[C@@H](CC(C)C)N(C)C(=O)[C@H](C)N(C)C(=O)[C@H]2CCCN2C(=O)[C@H](Cc2ccccc2)NC1=O,-5.7
4239,CC(C)C[C@H]1NC(=O)[C@H](C)N(C)C(=O)[C@H]2CCCN2C(=O)[C@H](Cc2ccccc2)NC(=O)[C@@H](CC(C)C)N(C)C(=O)[C@H]2CCCN2C(=O)CN(Cc2ccccc2)C1=O,-5.39
4238,CC(C)C[C@H]1NC(=O)[C@@H](CC(C)C)N(C)C(=O)[C@H](C)N(C)C(=O)[C@H]2CCCN2C(=O)[C@H](Cc2ccccc2)NC(=O)CN(Cc2ccccc2)C(=O)[C@H]2CCCN2C1=O,-5.72
4237,CC(C)C[C@H]1NC(=O)[C@H](C)N(C)C(=O)[C@H]2CCCN2C(=O)[C@H](Cc2ccccc2)NC(=O)CN(Cc2ccccc2)C(=O)[C@H]2CCCN2C(=O)[C@@H](CC(C)C)N(C)C1=O,-5.36
4236,CC(C)C[C@H]1NC(=O)[C@H]2CCCN2C(=O)[C@@H](CC(C)C)N(C)C(=O)CN(Cc2ccccc2)C(=O)[C@H](C)N(C)C(=O)[C@H]2CCCN2C(=O)[C@H](Cc2ccccc2)NC1=O,-5.35
4235,CC(C)C[C@H]1NC(=O)[C@H](C)N(C)C(=O)[C@H]2CCCN2C(=O)[C@H](Cc2ccccc2)NC(=O)[C@@H](CC(C)C)NC(=O)[C@H]2CCCN2C(=O)C[C@H](Cc2ccccc2)NC1=O,-6.33
4234,CC(C)C[C@H]1C(=O)N2CCC[C@@H]2C(=O)N(C)[C@H](CC(C)C)C(=O)N[C@@H](Cc2ccccc2)C(=O)N2CCC[C@@H]2C(=O)N(C)[C@@H](C)C(=O)N(C)[C@H](CC(C)C)C(=O)N1C,-5.16
4233,CC(C)C[C@H]1C(=O)N[C@@H](Cc2ccccc2)C(=O)N2CCC[C@@H]2C(=O)N(C)[C@@H](C)C(=O)N(C)[C@H](CC(C)C)C(=O)N(C)[C@H](CC(C)C)C(=O)N2CCC[C@@H]2C(=O)N1C,-4.87
4231,CC(C)C[C@@H]1C(=O)N(C)[C@H](CC(C)C)C(=O)N2CCC[C@@H]2C(=O)N(C)[C@H](CC(C)C)C(=O)N[C@@H](Cc2ccccc2)C(=O)N2CCC[C@@H]2C(=O)N(C)[C@@H](C)C(=O)N1C,-6.03
4230,CC(C)C[C@@H]1NC(=O)[C@H]2CCCN2C(=O)CN(Cc2ccccc2)C(=O)[C@H](CC(C)C)NC(=O)[C@H](C)N(C)C(=O)[C@H]2CCCN2C(=O)[C@H](Cc2ccccc2)NC1=O,-6.41
4229,CC(C)C[C@@H]1NC(=O)[C@H](CC(C)C)N(C)C(=O)[C@H](C)N(C)C(=O)[C@H]2CCCN2C(=O)[C@H](Cc2ccccc2)NC(=O)[C@H](CC(C)C)N(C)C(=O)[C@H]2CCCN2C1=O,-4.98
4228,CC(C)C[C@@H]1NC(=O)[C@H](C)N(C)C(=O)[C@H]2CCCN2C(=O)[C@H](Cc2ccccc2)NC(=O)[C@H](CC(C)C)N(C)C(=O)[C@H]2CCCN2C(=O)[C@H](CC(C)C)N(C)C1=O,-4.95
4227,CC(C)C[C@@H]1NC(=O)[C@H]2CCCN2C(=O)[C@H](CC(C)C)N(C)C(=O)[C@H](CC(C)C)N(C)C(=O)[C@H](C)N(C)C(=O)[C@H]2CCCN2C(=O)[C@H](Cc2ccccc2)NC1=O,-5.7
4226,CC(C)C[C@@H]1NC(=O)[C@@H](CC(C)C)NC(=O)[C@H](C)N(C)C(=O)[C@H]2CCCN2C(=O)[C@H](Cc2ccccc2)NC(=O)CN(Cc2ccccc2)C(=O)[C@H]2CCCN2C1=O,-5.46
4224,CC(C)C[C@@H]1NC(=O)[C@H]2CCCN2C(=O)[C@@H](CC(C)C)NC(=O)CN(Cc2ccccc2)C(=O)[C@H](C)N(C)C(=O)[C@H]2CCCN2C(=O)[C@H](Cc2ccccc2)NC1=O,-6.35
4222,CC(C)C[C@@H]1NC(=O)[C@@H](CC(C)C)N(C)C(=O)[C@H](C)N(C)C(=O)[C@H]2CCCN2C(=O)[C@H](Cc2ccccc2)NC(=O)[C@H](CC(C)C)N(C)C(=O)[C@H]2CCCN2C1=O,-4.97
4221,CC(C)C[C@@H]1NC(=O)[C@H](C)N(C)C(=O)[C@H]2CCCN2C(=O)[C@H](Cc2ccccc2)NC(=O)[C@@H](CC(C)C)N(C)C(=O)[C@H]2CCCN2C(=O)[C@H](CC(C)C)N(C)C1=O,-5.27
4220,CC(C)C[C@@H]1NC(=O)[C@H](C)N(C)C(=O)[C@H]2CCCN2C(=O)[C@H](Cc2ccccc2)NC(=O)[C@H](CC(C)C)N(C)C(=O)[C@H]2CCCN2C(=O)[C@@H](CC(C)C)N(C)C1=O,-5.67
4219,CC(C)C[C@H]1C(=O)N2CCC[C@@H]2C(=O)N(C)[C@@H](CC(C)C)C(=O)N[C@@H](Cc2ccccc2)C(=O)N2CCC[C@@H]2C(=O)N(C)[C@@H](C)C(=O)N[C@H](CC(C)C)C(=O)N1C,-5.05
4218,CC(C)C[C@@H]1NC(=O)[C@H](CC(C)C)N(C)C(=O)[C@H](C)N(C)C(=O)[C@H]2CCCN2C(=O)[C@H](Cc2ccccc2)NC(=O)[C@@H](CC(C)C)N(C)C(=O)[C@H]2CCCN2C1=O,-5.59
4217,CC(C)C[C@H]1C(=O)N[C@H](CC(C)C)C(=O)N2CCC[C@@H]2C(=O)N(C)[C@@H](CC(C)C)C(=O)N[C@@H](Cc2ccccc2)C(=O)N2CCC[C@@H]2C(=O)N(C)[C@@H](C)C(=O)N1C,-5.3
4216,CC(C)C[C@@H]1NC(=O)[C@H]2CCCN2C(=O)[C@H](CC(C)C)N(C)C(=O)[C@@H](CC(C)C)N(C)C(=O)[C@H](C)N(C)C(=O)[C@H]2CCCN2C(=O)[C@H](Cc2ccccc2)NC1=O,-5.81
4214,CC(C)C[C@H]1NC(=O)[C@H]2CCCN2C(=O)[C@@H](CC(C)C)NC(=O)CN(Cc2ccccc2)C(=O)[C@H](C)N(C)C(=O)[C@H]2CCCN2C(=O)[C@H](Cc2ccccc2)NC1=O,-5.86
4213,CC(C)C[C@H]1NC(=O)[C@H](C)N(C)C(=O)[C@H]2CCCN2C(=O)[C@H](Cc2ccccc2)NC(=O)CN(Cc2ccccc2)C(=O)[C@H]2CCCN2C(=O)[C@@H](CC(C)C)NC1=O,-6.18
4212,CC(C)C[C@@H]1NC(=O)[C@@H](CC(C)C)N(C)C(=O)[C@H](C)N(C)C(=O)[C@H]2CCCN2C(=O)[C@H](Cc2ccccc2)NC(=O)[C@@H](CC(C)C)N(C)C(=O)[C@H]2CCCN2C1=O,-5.04
4211,CC(C)C[C@H]1C(=O)N2CCC[C@@H]2C(=O)N[C@H](CC(C)C)C(=O)N[C@@H](Cc2ccccc2)C(=O)N2CCC[C@@H]2C(=O)N(C)[C@@H](C)C(=O)N(C)[C@H](CC(C)C)C(=O)N1C,-5.4
4210,CC(C)C[C@H]1C(=O)N(C)[C@H](CC(C)C)C(=O)N2CCC[C@@H]2C(=O)N[C@H](CC(C)C)C(=O)N[C@@H](Cc2ccccc2)C(=O)N2CCC[C@@H]2C(=O)N(C)[C@@H](C)C(=O)N1C,-6.4
4209,CC(C)C[C@H]1C(=O)N[C@@H](Cc2ccccc2)C(=O)N2CCC[C@@H]2C(=O)N(C)[C@@H](C)C(=O)N(C)[C@H](CC(C)C)C(=O)N[C@H](CC(C)C)C(=O)N2CCC[C@@H]2C(=O)N1C,-5.52
4208,CC(C)C[C@H]1C(=O)N[C@@H](Cc2ccccc2)C(=O)N2CCC[C@@H]2C(=O)N(C)[C@@H](C)C(=O)N[C@H](CC(C)C)C(=O)N(C)[C@H](CC(C)C)C(=O)N2CCC[C@@H]2C(=O)N1C,-5.07
4207,CC(C)C[C@H]1NC(=O)[C@H]2CCCN2C(=O)[C@@H](CC(C)C)N(C)C(=O)[C@@H](CC(C)C)N(C)C(=O)[C@H](C)N(C)C(=O)[C@H]2CCCN2C(=O)[C@H](Cc2ccccc2)NC1=O,-4.97
4206,CC(C)C[C@H]1NC(=O)[C@@H](CC(C)C)N(C)C(=O)[C@H](C)N(C)C(=O)[C@H]2CCCN2C(=O)[C@H](Cc2ccccc2)NC(=O)[C@@H](CC(C)C)N(C)C(=O)[C@H]2CCCN2C1=O,-5.55
4205,CC(C)C[C@H]1NC(=O)[C@H](C)N(C)C(=O)[C@H]2CCCN2C(=O)[C@H](Cc2ccccc2)NC(=O)[C@@H](CC(C)C)N(C)C(=O)[C@H]2CCCN2C(=O)[C@@H](CC(C)C)N(C)C1=O,-5.71
4204,CC(C)C[C@@H]1NC(=O)[C@H](C)N(C)C(=O)[C@H]2CCCN2C(=O)[C@H](Cc2ccccc2)NC(=O)[C@H](CC(C)C)N(C)C(=O)[C@H]2CCCN2C(=O)[C@H](CC(C)C)NC1=O,-5.59
4203,CC(C)C[C@@H]1NC(=O)[C@H]2CCCN2C(=O)[C@H](CC(C)C)N(C)C(=O)[C@H](CC(C)C)NC(=O)[C@H](C)N(C)C(=O)[C@H]2CCCN2C(=O)[C@H](Cc2ccccc2)NC1=O,-5.73
4202,CC(C)C[C@@H]1NC(=O)[C@H]2CCCN2C(=O)[C@H](CC(C)C)NC(=O)[C@H](CC(C)C)N(C)C(=O)[C@H](C)N(C)C(=O)[C@H]2CCCN2C(=O)[C@H](Cc2ccccc2)NC1=O,-5.48
4201,CC(C)C[C@@H]1NC(=O)[C@@H](CC(C)C)NC(=O)[C@H](C)N(C)C(=O)[C@H]2CCCN2C(=O)[C@H](Cc2ccccc2)NC(=O)[C@H](CC(C)C)N(C)C(=O)[C@H]2CCCN2C1=O,-5.0
4200,CC(C)C[C@@H]1NC(=O)[C@H](C)N(C)C(=O)[C@H]2CCCN2C(=O)[C@H](Cc2ccccc2)NC(=O)[C@@H](CC(C)C)N(C)C(=O)[C@H]2CCCN2C(=O)[C@H](CC(C)C)NC1=O,-5.64
4199,CC(C)C[C@@H]1NC(=O)[C@H](C)N(C)C(=O)[C@H]2CCCN2C(=O)[C@H](Cc2ccccc2)NC(=O)[C@H](CC(C)C)N(C)C(=O)[C@H]2CCCN2C(=O)[C@@H](CC(C)C)NC1=O,-5.35
4198,CC(C)C[C@@H]1NC(=O)[C@H]2CCCN2C(=O)[C@@H](CC(C)C)N(C)C(=O)[C@H](CC(C)C)NC(=O)[C@H](C)N(C)C(=O)[C@H]2CCCN2C(=O)[C@H](Cc2ccccc2)NC1=O,-5.72
4197,CC(C)C[C@@H]1NC(=O)[C@H]2CCCN2C(=O)[C@H](CC(C)C)NC(=O)[C@@H](CC(C)C)N(C)C(=O)[C@H](C)N(C)C(=O)[C@H]2CCCN2C(=O)[C@H](Cc2ccccc2)NC1=O,-6.09
4196,CC(C)C[C@@H]1NC(=O)[C@H](C)N(C)C(=O)[C@H]2CCCN2C(=O)[C@H](Cc2ccccc2)NC(=O)[C@@H](CC(C)C)NC(=O)[C@H]2CCCN2C(=O)[C@H](CC(C)C)N(C)C1=O,-5.78
4195,CC(C)C[C@@H]1NC(=O)[C@H](CC(C)C)N(C)C(=O)[C@H](C)N(C)C(=O)[C@H]2CCCN2C(=O)[C@H](Cc2ccccc2)NC(=O)[C@@H](CC(C)C)NC(=O)[C@H]2CCCN2C1=O,-5.43
4194,CC(C)C[C@@H]1NC(=O)[C@H]2CCCN2C(=O)[C@H](CC(C)C)N(C)C(=O)[C@@H](CC(C)C)NC(=O)[C@H](C)N(C)C(=O)[C@H]2CCCN2C(=O)[C@H](Cc2ccccc2)NC1=O,-6.94
4193,CC(C)C[C@@H]1NC(=O)[C@@H](CC(C)C)NC(=O)[C@H](C)N(C)C(=O)[C@H]2CCCN2C(=O)[C@H](Cc2ccccc2)NC(=O)[C@@H](CC(C)C)N(C)C(=O)[C@H]2CCCN2C1=O,-5.18
4192,CC(C)C[C@H]1C(=O)N2CCC[C@@H]2C(=O)N[C@H](CC(C)C)C(=O)N[C@@H](Cc2ccccc2)C(=O)N2CCC[C@@H]2C(=O)N(C)[C@@H](C)C(=O)N[C@H](CC(C)C)C(=O)N1C,-5.47
4191,CC(C)C[C@@H]1NC(=O)[C@H](C)N(C)C(=O)[C@H]2CCCN2C(=O)[C@H](Cc2ccccc2)NC(=O)[C@@H](CC(C)C)N(C)C(=O)[C@H]2CCCN2C(=O)[C@@H](CC(C)C)NC1=O,-5.58
4190,CC(C)C[C@H]1C(=O)N[C@@H](Cc2ccccc2)C(=O)N2CCC[C@@H]2C(=O)N(C)[C@@H](C)C(=O)N[C@H](CC(C)C)C(=O)N[C@H](CC(C)C)C(=O)N2CCC[C@@H]2C(=O)N1C,-5.96
4189,CC(C)C[C@@H]1NC(=O)[C@H]2CCCN2C(=O)[C@@H](CC(C)C)N(C)C(=O)[C@@H](CC(C)C)NC(=O)[C@H](C)N(C)C(=O)[C@H]2CCCN2C(=O)[C@H](Cc2ccccc2)NC1=O,-6.49
4188,CC(C)C[C@H]1NC(=O)[C@H]2CCCN2C(=O)[C@@H](CC(C)C)NC(=O)[C@@H](CC(C)C)N(C)C(=O)[C@H](C)N(C)C(=O)[C@H]2CCCN2C(=O)[C@H](Cc2ccccc2)NC1=O,-5.66
4187,CC(C)C[C@H]1NC(=O)[C@H](C)N(C)C(=O)[C@H]2CCCN2C(=O)[C@H](Cc2ccccc2)NC(=O)[C@@H](CC(C)C)N(C)C(=O)[C@H]2CCCN2C(=O)[C@@H](CC(C)C)NC1=O,-5.3
4186,CC(C)C[C@@H]1NC(=O)[C@H]2CCCN2C(=O)[C@H](CC(C)C)NC(=O)[C@@H](CC(C)C)NC(=O)[C@H](C)N(C)C(=O)[C@H]2CCCN2C(=O)[C@H](Cc2ccccc2)NC1=O,-6.31
4185,CC(C)C[C@@H]1NC(=O)[C@@H](CC(C)C)NC(=O)[C@H](C)N(C)C(=O)[C@H]2CCCN2C(=O)[C@H](Cc2ccccc2)NC(=O)[C@@H](CC(C)C)NC(=O)[C@H]2CCCN2C1=O,-6.14
4184,CC(C)C[C@@H]1NC(=O)[C@H](C)N(C)C(=O)[C@H]2CCCN2C(=O)[C@H](Cc2ccccc2)NC(=O)[C@@H](CC(C)C)NC(=O)[C@H]2CCCN2C(=O)[C@@H](CC(C)C)NC1=O,-6.35
4183,CC(C)C[C@@H]1NC(=O)[C@H]2CCCN2C(=O)[C@@H](CC(C)C)NC(=O)[C@@H](CC(C)C)NC(=O)[C@H](C)N(C)C(=O)[C@H]2CCCN2C(=O)[C@H](Cc2ccccc2)NC1=O,-6.78
4176,CC(C)C[C@H]1C(=O)N[C@@H](Cc2ccccc2)C(=O)N2CCC[C@@H]2C(=O)N(C)[C@H](C)C(=O)N(C)[C@@H](CC(C)C)C(=O)N[C@@H](Cc2ccccc2)CC(=O)N2CCC[C@H]2C(=O)N1C,-5.33
4175,CC(C)C[C@@H]1C(=O)N[C@@H](Cc2ccccc2)C(=O)N2CCC[C@@H]2C(=O)N(C)[C@H](C)C(=O)N(Cc2ccccc2)CC(=O)N(Cc2ccccc2)CC(=O)N2CCC[C@H]2C(=O)N1C,-5.47
4174,CC(C)C[C@@H]1C(=O)N(Cc2ccccc2)CC(=O)N2CCC[C@H]2C(=O)N(Cc2ccccc2)CC(=O)N[C@@H](Cc2ccccc2)C(=O)N2CCC[C@@H]2C(=O)N(C)[C@H](C)C(=O)N1C,-5.84
4172,CC(C)C[C@H]1C(=O)N[C@@H](Cc2ccccc2)C(=O)N2CCC[C@@H]2C(=O)N(C)[C@H](C)C(=O)N(C)[C@H](CC(C)C)C(=O)N[C@@H](Cc2ccccc2)CC(=O)N2CCC[C@H]2C(=O)N1C,-5.31
4170,CC(C)C[C@@H]1NC(=O)[C@@H](C)N(C)C(=O)[C@H]2CCCN2C(=O)[C@H](Cc2ccccc2)NC(=O)[C@H](CC(C)C)N(C)C(=O)[C@@H]2CCCN2C(=O)C[C@H](Cc2ccccc2)NC1=O,-5.58
4169,CC(C)C[C@H]1C(=O)N2CCC[C@H]2C(=O)N(Cc2ccccc2)CC(=O)N[C@@H](Cc2ccccc2)C(=O)N2CCC[C@@H]2C(=O)N(C)[C@H](C)C(=O)N(C)[C@@H](CC(C)C)C(=O)N1C,-5.29
4168,CC(C)C[C@H]1NC(=O)[C@@H](C)N(C)C(=O)[C@H]2CCCN2C(=O)[C@H](Cc2ccccc2)NC(=O)CN(Cc2ccccc2)C(=O)[C@@H]2CCCN2C(=O)CN(Cc2ccccc2)C1=O,-6.11
4167,CC(C)C[C@@H]1NC(=O)[C@@H](C)N(C)C(=O)[C@H]2CCCN2C(=O)[C@H](Cc2ccccc2)NC(=O)[C@@H](CC(C)C)N(C)C(=O)[C@@H]2CCCN2C(=O)C[C@H](Cc2ccccc2)NC1=O,-5.3
4166,CC(C)C[C@H]1C(=O)N(C)[C@H](CC(C)C)C(=O)N2CCC[C@H]2C(=O)N(Cc2ccccc2)CC(=O)N[C@@H](Cc2ccccc2)C(=O)N2CCC[C@@H]2C(=O)N(C)[C@H](C)C(=O)N1C,-5.42
4165,CC(C)C[C@H]1C(=O)N2CCC[C@H]2C(=O)N(Cc2ccccc2)CC(=O)N[C@@H](Cc2ccccc2)C(=O)N2CCC[C@@H]2C(=O)N(C)[C@H](C)C(=O)N(C)[C@H](CC(C)C)C(=O)N1C,-5.57
4164,CC(C)C[C@H]1C(=O)N[C@@H](Cc2ccccc2)C(=O)N2CCC[C@@H]2C(=O)N(C)[C@H](C)C(=O)N(C)[C@H](CC(C)C)C(=O)N(Cc2ccccc2)CC(=O)N2CCC[C@H]2C(=O)N1C,-5.42
4163,CC(C)C[C@H]1C(=O)N[C@@H](Cc2ccccc2)C(=O)N2CCC[C@@H]2C(=O)N(C)[C@H](C)C(=O)N[C@H](CC(C)C)C(=O)N[C@@H](Cc2ccccc2)CC(=O)N2CCC[C@H]2C(=O)N1C,-5.92
4162,CC(C)C[C@H]1NC(=O)[C@@H]2CCCN2C(=O)C[C@H](Cc2ccccc2)NC(=O)[C@@H](CC(C)C)N(C)C(=O)[C@@H](C)N(C)C(=O)[C@H]2CCCN2C(=O)[C@H](Cc2ccccc2)NC1=O,-5.55
4161,CC(C)C[C@@H]1C(=O)N[C@@H](Cc2ccccc2)C(=O)N2CCC[C@@H]2C(=O)N(C)[C@H](C)C(=O)N(C)[C@H](CC(C)C)C(=O)N(Cc2ccccc2)CC(=O)N2CCC[C@H]2C(=O)N1C,-5.66
4160,CC(C)C[C@@H]1C(=O)N2CCC[C@H]2C(=O)N(C)[C@H](CC(C)C)C(=O)N[C@@H](Cc2ccccc2)C(=O)N2CCC[C@@H]2C(=O)N(C)[C@H](C)C(=O)N(Cc2ccccc2)CC(=O)N1C,-5.75
4159,CC(C)C[C@H]1NC(=O)[C@@H](C)N(C)C(=O)[C@H]2CCCN2C(=O)[C@H](Cc2ccccc2)NC(=O)[C@@H](CC(C)C)N(C)C(=O)[C@@H]2CCCN2C(=O)C[C@H](Cc2ccccc2)NC1=O,-5.79
4158,CC(C)C[C@@H]1NC(=O)[C@@H](C)N(C)C(=O)[C@H]2CCCN2C(=O)[C@H](Cc2ccccc2)NC(=O)CN(Cc2ccccc2)C(=O)[C@@H]2CCCN2C(=O)[C@H](CC(C)C)N(C)C1=O,-5.4
4157,CC(C)C[C@@H]1NC(=O)[C@H](CC(C)C)N(C)C(=O)[C@@H](C)N(C)C(=O)[C@H]2CCCN2C(=O)[C@H](Cc2ccccc2)NC(=O)CN(Cc2ccccc2)C(=O)[C@@H]2CCCN2C1=O,-5.71
4156,CC(C)C[C@@H]1NC(=O)[C@@H]2CCCN2C(=O)C[C@H](Cc2ccccc2)NC(=O)[C@H](CC(C)C)NC(=O)[C@@H](C)N(C)C(=O)[C@H]2CCCN2C(=O)[C@H](Cc2ccccc2)NC1=O,-5.95
4155,CC(C)C[C@@H]1NC(=O)[C@@H]2CCCN2C(=O)CN(Cc2ccccc2)C(=O)[C@H](CC(C)C)N(C)C(=O)[C@@H](C)N(C)C(=O)[C@H]2CCCN2C(=O)[C@H](Cc2ccccc2)NC1=O,-6.04
4154,CC(C)C[C@H]1C(=O)N2CCC[C@H]2C(=O)N(C)[C@@H](CC(C)C)C(=O)N[C@@H](Cc2ccccc2)C(=O)N2CCC[C@@H]2C(=O)N(C)[C@H](C)C(=O)N(C)[C@@H](CC(C)C)C(=O)N1C,-5.27
4152,CC(C)C[C@@H]1NC(=O)[C@@H](C)N(C)C(=O)[C@H]2CCCN2C(=O)[C@H](Cc2ccccc2)NC(=O)CN(Cc2ccccc2)C(=O)[C@@H]2CCCN2C(=O)[C@@H](CC(C)C)N(C)C1=O,-5.37
4151,CC(C)C[C@@H]1NC(=O)CN(Cc2ccccc2)C(=O)[C@@H](C)N(C)C(=O)[C@H]2CCCN2C(=O)[C@H](Cc2ccccc2)NC(=O)[C@@H](CC(C)C)N(C)C(=O)[C@@H]2CCCN2C1=O,-5.17
4150,CC(C)C[C@H]1C(=O)N2CCC[C@H]2C(=O)N(Cc2ccccc2)CC(=O)N[C@@H](Cc2ccccc2)C(=O)N2CCC[C@@H]2C(=O)N(C)[C@H](C)C(=O)N[C@H](CC(C)C)C(=O)N1C,-5.57
4147,CC(C)C[C@H]1C(=O)N2CCC[C@H]2C(=O)N(C)[C@H](CC(C)C)C(=O)N[C@@H](Cc2ccccc2)C(=O)N2CCC[C@@H]2C(=O)N(C)[C@H](C)C(=O)N(C)[C@@H](CC(C)C)C(=O)N1C,-5.17
4146,CC(C)C[C@H]1C(=O)N[C@@H](Cc2ccccc2)C(=O)N2CCC[C@@H]2C(=O)N(C)[C@H](C)C(=O)N(C)[C@@H](CC(C)C)C(=O)N(C)[C@H](CC(C)C)C(=O)N2CCC[C@H]2C(=O)N1C,-5.18
4145,CC(C)C[C@H]1NC(=O)[C@@H](CC(C)C)N(C)C(=O)[C@@H](C)N(C)C(=O)[C@H]2CCCN2C(=O)[C@H](Cc2ccccc2)NC(=O)CN(Cc2ccccc2)C(=O)[C@@H]2CCCN2C1=O,-5.16
4144,CC(C)C[C@H]1NC(=O)[C@@H](C)N(C)C(=O)[C@H]2CCCN2C(=O)[C@H](Cc2ccccc2)NC(=O)CN(Cc2ccccc2)C(=O)[C@@H]2CCCN2C(=O)[C@@H](CC(C)C)N(C)C1=O,-5.18
4143,CC(C)C[C@H]1NC(=O)[C@@H](C)N(C)C(=O)[C@H]2CCCN2C(=O)[C@H](Cc2ccccc2)NC(=O)[C@@H](CC(C)C)N(C)C(=O)[C@@H]2CCCN2C(=O)CN(Cc2ccccc2)C1=O,-5.9
4142,CC(C)C[C@H]1NC(=O)[C@@H]2CCCN2C(=O)CN(Cc2ccccc2)C(=O)[C@@H](CC(C)C)N(C)C(=O)[C@@H](C)N(C)C(=O)[C@H]2CCCN2C(=O)[C@H](Cc2ccccc2)NC1=O,-6.22
4141,CC(C)C[C@H]1NC(=O)[C@@H]2CCCN2C(=O)C[C@H](Cc2ccccc2)NC(=O)[C@@H](CC(C)C)NC(=O)[C@@H](C)N(C)C(=O)[C@H]2CCCN2C(=O)[C@H](Cc2ccccc2)NC1=O,-6.55
4140,CC(C)C[C@H]1C(=O)N(C)[C@H](CC(C)C)C(=O)N2CCC[C@H]2C(=O)N(C)[C@H](CC(C)C)C(=O)N[C@@H](Cc2ccccc2)C(=O)N2CCC[C@@H]2C(=O)N(C)[C@H](C)C(=O)N1C,-5.44
4138,CC(C)C[C@@H]1C(=O)N[C@@H](Cc2ccccc2)C(=O)N2CCC[C@@H]2C(=O)N(C)[C@H](C)C(=O)N(C)[C@H](CC(C)C)C(=O)N(C)[C@H](CC(C)C)C(=O)N2CCC[C@H]2C(=O)N1C,-6.21
4137,CC(C)C[C@@H]1NC(=O)[C@@H]2CCCN2C(=O)CN(Cc2ccccc2)C(=O)[C@H](CC(C)C)NC(=O)[C@@H](C)N(C)C(=O)[C@H]2CCCN2C(=O)[C@H](Cc2ccccc2)NC1=O,-5.94
4136,CC(C)C[C@@H]1NC(=O)[C@@H](C)N(C)C(=O)[C@H]2CCCN2C(=O)[C@H](Cc2ccccc2)NC(=O)CN(Cc2ccccc2)C(=O)[C@@H]2CCCN2C(=O)[C@H](CC(C)C)NC1=O,-5.41
4135,CC(C)C[C@@H]1NC(=O)[C@@H]2CCCN2C(=O)[C@H](CC(C)C)NC(=O)CN(Cc2ccccc2)C(=O)[C@@H](C)N(C)C(=O)[C@H]2CCCN2C(=O)[C@H](Cc2ccccc2)NC1=O,-5.98
4134,CC(C)C[C@@H]1NC(=O)[C@@H](C)N(C)C(=O)[C@H]2CCCN2C(=O)[C@H](Cc2ccccc2)NC(=O)[C@H](CC(C)C)N(C)C(=O)[C@@H]2CCCN2C(=O)[C@H](CC(C)C)N(C)C1=O,-5.21
4133,CC(C)C[C@@H]1NC(=O)[C@H](CC(C)C)N(C)C(=O)[C@@H](C)N(C)C(=O)[C@H]2CCCN2C(=O)[C@H](Cc2ccccc2)NC(=O)[C@H](CC(C)C)N(C)C(=O)[C@@H]2CCCN2C1=O,-5.34
4132,CC(C)C[C@@H]1NC(=O)[C@@H](C)N(C)C(=O)[C@H]2CCCN2C(=O)[C@H](Cc2ccccc2)NC(=O)[C@@H](CC(C)C)NC(=O)[C@@H]2CCCN2C(=O)CN(Cc2ccccc2)C1=O,-5.61
4131,CC(C)C[C@@H]1NC(=O)[C@@H](C)N(C)C(=O)[C@H]2CCCN2C(=O)[C@H](Cc2ccccc2)NC(=O)CN(Cc2ccccc2)C(=O)[C@@H]2CCCN2C(=O)[C@@H](CC(C)C)NC1=O,-5.67
4130,CC(C)C[C@@H]1NC(=O)[C@@H]2CCCN2C(=O)CN(Cc2ccccc2)C(=O)[C@@H](CC(C)C)NC(=O)[C@@H](C)N(C)C(=O)[C@H]2CCCN2C(=O)[C@H](Cc2ccccc2)NC1=O,-6.7
4129,CC(C)C[C@@H]1NC(=O)[C@@H](CC(C)C)N(C)C(=O)[C@@H](C)N(C)C(=O)[C@H]2CCCN2C(=O)[C@H](Cc2ccccc2)NC(=O)[C@H](CC(C)C)N(C)C(=O)[C@@H]2CCCN2C1=O,-5.17
4126,CC(C)C[C@@H]1NC(=O)[C@@H]2CCCN2C(=O)[C@@H](CC(C)C)N(C)C(=O)[C@H](CC(C)C)N(C)C(=O)[C@@H](C)N(C)C(=O)[C@H]2CCCN2C(=O)[C@H](Cc2ccccc2)NC1=O,-6.08
4125,CC(C)C[C@H]1C(=O)N2CCC[C@H]2C(=O)N[C@H](CC(C)C)C(=O)N[C@@H](Cc2ccccc2)C(=O)N2CCC[C@@H]2C(=O)N(C)[C@H](C)C(=O)N(C)[C@@H](CC(C)C)C(=O)N1C,-7.31
4124,CC(C)C[C@H]1NC(=O)[C@@H](C)N(C)C(=O)[C@H]2CCCN2C(=O)[C@H](Cc2ccccc2)NC(=O)CN(Cc2ccccc2)C(=O)[C@@H]2CCCN2C(=O)[C@@H](CC(C)C)NC1=O,-5.98
4123,CC(C)C[C@H]1NC(=O)[C@@H]2CCCN2C(=O)CN(Cc2ccccc2)C(=O)[C@@H](CC(C)C)NC(=O)[C@@H](C)N(C)C(=O)[C@H]2CCCN2C(=O)[C@H](Cc2ccccc2)NC1=O,-6.46
4122,CC(C)C[C@@H]1NC(=O)[C@@H](CC(C)C)N(C)C(=O)[C@@H](C)N(C)C(=O)[C@H]2CCCN2C(=O)[C@H](Cc2ccccc2)NC(=O)[C@@H](CC(C)C)N(C)C(=O)[C@@H]2CCCN2C1=O,-5.23
4120,CC(C)C[C@H]1C(=O)N[C@@H](Cc2ccccc2)C(=O)N2CCC[C@@H]2C(=O)N(C)[C@H](C)C(=O)N(C)[C@H](CC(C)C)C(=O)N[C@H](CC(C)C)C(=O)N2CCC[C@H]2C(=O)N1C,-4.9
4119,CC(C)C[C@H]1C(=O)N2CCC[C@H]2C(=O)N(C)[C@H](CC(C)C)C(=O)N[C@@H](Cc2ccccc2)C(=O)N2CCC[C@@H]2C(=O)N(C)[C@H](C)C(=O)N[C@H](CC(C)C)C(=O)N1C,-5.2
4118,CC(C)C[C@H]1C(=O)N[C@H](CC(C)C)C(=O)N2CCC[C@H]2C(=O)N(C)[C@H](CC(C)C)C(=O)N[C@@H](Cc2ccccc2)C(=O)N2CCC[C@@H]2C(=O)N(C)[C@H](C)C(=O)N1C,-5.23
4117,CC(C)C[C@H]1C(=O)N[C@@H](Cc2ccccc2)C(=O)N2CCC[C@@H]2C(=O)N(C)[C@H](C)C(=O)N[C@H](CC(C)C)C(=O)N(C)[C@H](CC(C)C)C(=O)N2CCC[C@H]2C(=O)N1C,-4.93
4116,CC(C)C[C@H]1C(=O)N(C)[C@H](CC(C)C)C(=O)N2CCC[C@H]2C(=O)N[C@H](CC(C)C)C(=O)N[C@@H](Cc2ccccc2)C(=O)N2CCC[C@@H]2C(=O)N(C)[C@H](C)C(=O)N1C,-5.79
4114,CC(C)C[C@H]1NC(=O)[C@@H](CC(C)C)N(C)C(=O)[C@@H](C)N(C)C(=O)[C@H]2CCCN2C(=O)[C@H](Cc2ccccc2)NC(=O)[C@@H](CC(C)C)N(C)C(=O)[C@@H]2CCCN2C1=O,-4.96
4113,CC(C)C[C@H]1NC(=O)[C@@H](C)N(C)C(=O)[C@H]2CCCN2C(=O)[C@H](Cc2ccccc2)NC(=O)[C@@H](CC(C)C)N(C)C(=O)[C@@H]2CCCN2C(=O)[C@@H](CC(C)C)N(C)C1=O,-5.05
4112,CC(C)C[C@@H]1NC(=O)[C@@H](C)N(C)C(=O)[C@H]2CCCN2C(=O)[C@H](Cc2ccccc2)NC(=O)[C@H](CC(C)C)N(C)C(=O)[C@@H]2CCCN2C(=O)[C@H](CC(C)C)NC1=O,-5.45
4111,CC(C)C[C@@H]1NC(=O)[C@@H]2CCCN2C(=O)[C@H](CC(C)C)N(C)C(=O)[C@H](CC(C)C)NC(=O)[C@@H](C)N(C)C(=O)[C@H]2CCCN2C(=O)[C@H](Cc2ccccc2)NC1=O,-5.38
4110,CC(C)C[C@@H]1NC(=O)[C@@H]2CCCN2C(=O)[C@H](CC(C)C)NC(=O)[C@H](CC(C)C)N(C)C(=O)[C@@H](C)N(C)C(=O)[C@H]2CCCN2C(=O)[C@H](Cc2ccccc2)NC1=O,-6.73
4109,CC(C)C[C@@H]1NC(=O)[C@@H](C)N(C)C(=O)[C@H]2CCCN2C(=O)[C@H](Cc2ccccc2)NC(=O)[C@@H](CC(C)C)N(C)C(=O)[C@@H]2CCCN2C(=O)[C@H](CC(C)C)NC1=O,-5.29
4108,CC(C)C[C@@H]1NC(=O)[C@@H]2CCCN2C(=O)[C@H](CC(C)C)NC(=O)[C@@H](CC(C)C)N(C)C(=O)[C@@H](C)N(C)C(=O)[C@H]2CCCN2C(=O)[C@H](Cc2ccccc2)NC1=O,-5.56
4107,CC(C)C[C@@H]1NC(=O)[C@@H](C)N(C)C(=O)[C@H]2CCCN2C(=O)[C@H](Cc2ccccc2)NC(=O)[C@H](CC(C)C)N(C)C(=O)[C@@H]2CCCN2C(=O)[C@@H](CC(C)C)NC1=O,-5.38
4106,CC(C)C[C@@H]1NC(=O)[C@@H](CC(C)C)NC(=O)[C@@H](C)N(C)C(=O)[C@H]2CCCN2C(=O)[C@H](Cc2ccccc2)NC(=O)[C@H](CC(C)C)N(C)C(=O)[C@@H]2CCCN2C1=O,-5.32
4105,CC(C)C[C@@H]1NC(=O)[C@@H]2CCCN2C(=O)[C@@H](CC(C)C)NC(=O)[C@H](CC(C)C)N(C)C(=O)[C@@H](C)N(C)C(=O)[C@H]2CCCN2C(=O)[C@H](Cc2ccccc2)NC1=O,-6.36
4104,CC(C)C[C@@H]1NC(=O)[C@H](CC(C)C)N(C)C(=O)[C@@H](C)N(C)C(=O)[C@H]2CCCN2C(=O)[C@H](Cc2ccccc2)NC(=O)[C@@H](CC(C)C)NC(=O)[C@@H]2CCCN2C1=O,-6.33
4103,CC(C)C[C@@H]1NC(=O)[C@@H](C)N(C)C(=O)[C@H]2CCCN2C(=O)[C@H](Cc2ccccc2)NC(=O)[C@@H](CC(C)C)NC(=O)[C@@H]2CCCN2C(=O)[C@H](CC(C)C)N(C)C1=O,-6.06
4102,CC(C)C[C@@H]1NC(=O)[C@@H]2CCCN2C(=O)[C@H](CC(C)C)N(C)C(=O)[C@@H](CC(C)C)NC(=O)[C@@H](C)N(C)C(=O)[C@H]2CCCN2C(=O)[C@H](Cc2ccccc2)NC1=O,-6.25
4100,CC(C)C[C@@H]1NC(=O)[C@@H](C)N(C)C(=O)[C@H]2CCCN2C(=O)[C@H](Cc2ccccc2)NC(=O)[C@@H](CC(C)C)N(C)C(=O)[C@@H]2CCCN2C(=O)[C@@H](CC(C)C)NC1=O,-5.64
4099,CC(C)C[C@@H]1NC(=O)[C@@H](CC(C)C)NC(=O)[C@@H](C)N(C)C(=O)[C@H]2CCCN2C(=O)[C@H](Cc2ccccc2)NC(=O)[C@@H](CC(C)C)N(C)C(=O)[C@@H]2CCCN2C1=O,-5.58
4098,CC(C)C[C@H]1C(=O)N[C@@H](Cc2ccccc2)C(=O)N2CCC[C@@H]2C(=O)N(C)[C@H](C)C(=O)N[C@H](CC(C)C)C(=O)N[C@H](CC(C)C)C(=O)N2CCC[C@H]2C(=O)N1C,-5.75
4097,CC(C)C[C@@H]1NC(=O)[C@@H]2CCCN2C(=O)[C@@H](CC(C)C)N(C)C(=O)[C@@H](CC(C)C)NC(=O)[C@@H](C)N(C)C(=O)[C@H]2CCCN2C(=O)[C@H](Cc2ccccc2)NC1=O,-6.25
4096,CC(C)C[C@H]1NC(=O)[C@@H](C)N(C)C(=O)[C@H]2CCCN2C(=O)[C@H](Cc2ccccc2)NC(=O)[C@@H](CC(C)C)N(C)C(=O)[C@@H]2CCCN2C(=O)[C@@H](CC(C)C)NC1=O,-5.78
4095,CC(C)C[C@@H]1NC(=O)[C@@H]2CCCN2C(=O)[C@H](CC(C)C)NC(=O)[C@H](CC(C)C)NC(=O)[C@@H](C)N(C)C(=O)[C@H]2CCCN2C(=O)[C@H](Cc2ccccc2)NC1=O,-5.8
4094,CC(C)C[C@@H]1NC(=O)[C@@H](C)N(C)C(=O)[C@H]2CCCN2C(=O)[C@H](Cc2ccccc2)NC(=O)[C@@H](CC(C)C)NC(=O)[C@@H]2CCCN2C(=O)[C@H](CC(C)C)NC1=O,-5.83
4093,CC(C)C[C@@H]1NC(=O)[C@@H]2CCCN2C(=O)[C@@H](CC(C)C)NC(=O)[C@H](CC(C)C)NC(=O)[C@@H](C)N(C)C(=O)[C@H]2CCCN2C(=O)[C@H](Cc2ccccc2)NC1=O,-6.15
4092,CC(C)C[C@@H]1NC(=O)[C@@H](C)N(C)C(=O)[C@H]2CCCN2C(=O)[C@H](Cc2ccccc2)NC(=O)[C@@H](CC(C)C)NC(=O)[C@@H]2CCCN2C(=O)[C@@H](CC(C)C)NC1=O,-6.35
4087,CC(C)C[C@H]1C(=O)N[C@@H](Cc2ccccc2)C(=O)N2CCC[C@@H]2C(=O)N(C)[C@@H](C)C(=O)N(Cc2ccccc2)CC(=O)N(Cc2ccccc2)CC(=O)N2CCC[C@H]2C(=O)N1C,-5.19
4084,CC(C)C[C@H]1C(=O)N[C@@H](Cc2ccccc2)CC(=O)N2CCC[C@H]2C(=O)N(C)[C@@H](CC(C)C)C(=O)N[C@@H](Cc2ccccc2)C(=O)N2CCC[C@@H]2C(=O)N(C)[C@@H](C)C(=O)N1C,-5.12
4083,CC(C)C[C@@H]1C(=O)N(Cc2ccccc2)CC(=O)N2CCC[C@H]2C(=O)N(Cc2ccccc2)CC(=O)N[C@@H](Cc2ccccc2)C(=O)N2CCC[C@@H]2C(=O)N(C)[C@@H](C)C(=O)N1C,-5.46
4080,CC(C)C[C@@H]1C(=O)N[C@@H](Cc2ccccc2)CC(=O)N2CCC[C@H]2C(=O)N(C)[C@H](CC(C)C)C(=O)N[C@@H](Cc2ccccc2)C(=O)N2CCC[C@@H]2C(=O)N(C)[C@@H](C)C(=O)N1C,-5.29
4077,CC(C)C[C@H]1C(=O)N2CCC[C@H]2C(=O)N(C)[C@@H](CC(C)C)C(=O)N[C@@H](Cc2ccccc2)C(=O)N2CCC[C@@H]2C(=O)N(C)[C@@H](C)C(=O)N(Cc2ccccc2)CC(=O)N1C,-5.04
4076,CC(C)C[C@@H]1NC(=O)[C@H](C)N(C)C(=O)[C@H]2CCCN2C(=O)[C@H](Cc2ccccc2)NC(=O)[C@H](CC(C)C)N(C)C(=O)[C@@H]2CCCN2C(=O)C[C@H](Cc2ccccc2)NC1=O,-5.27
4075,CC(C)C[C@H]1C(=O)N(Cc2ccccc2)CC(=O)N2CCC[C@H]2C(=O)N(C)[C@@H](CC(C)C)C(=O)N[C@@H](Cc2ccccc2)C(=O)N2CCC[C@@H]2C(=O)N(C)[C@@H](C)C(=O)N1C,-5.18
4074,CC(C)C[C@H]1C(=O)N(C)[C@@H](CC(C)C)C(=O)N2CCC[C@H]2C(=O)N(Cc2ccccc2)CC(=O)N[C@@H](Cc2ccccc2)C(=O)N2CCC[C@@H]2C(=O)N(C)[C@@H](C)C(=O)N1C,-5.03
4072,CC(C)C[C@H]1NC(=O)[C@H](C)N(C)C(=O)[C@H]2CCCN2C(=O)[C@H](Cc2ccccc2)NC(=O)CN(Cc2ccccc2)C(=O)[C@@H]2CCCN2C(=O)CN(Cc2ccccc2)C1=O,-5.87
4070,CC(C)C[C@H]1C(=O)N2CCC[C@H]2C(=O)N(Cc2ccccc2)CC(=O)N[C@@H](Cc2ccccc2)C(=O)N2CCC[C@@H]2C(=O)N(C)[C@@H](C)C(=O)N(C)[C@H](CC(C)C)C(=O)N1C,-5.27
4069,CC(C)C[C@@H]1NC(=O)[C@H](C)N(C)C(=O)[C@H]2CCCN2C(=O)[C@H](Cc2ccccc2)NC(=O)[C@@H](CC(C)C)N(C)C(=O)[C@@H]2CCCN2C(=O)C[C@H](Cc2ccccc2)NC1=O,-5.61
4068,CC(C)C[C@H]1C(=O)N2CCC[C@H]2C(=O)N(C)[C@H](CC(C)C)C(=O)N[C@@H](Cc2ccccc2)C(=O)N2CCC[C@@H]2C(=O)N(C)[C@@H](C)C(=O)N(Cc2ccccc2)CC(=O)N1C,-5.28
4067,CC(C)C[C@H]1C(=O)N[C@@H](Cc2ccccc2)C(=O)N2CCC[C@@H]2C(=O)N(C)[C@@H](C)C(=O)N(C)[C@H](CC(C)C)C(=O)N(Cc2ccccc2)CC(=O)N2CCC[C@H]2C(=O)N1C,-5.2
4066,CC(C)C[C@H]1C(=O)N(Cc2ccccc2)CC(=O)N2CCC[C@H]2C(=O)N(C)[C@H](CC(C)C)C(=O)N[C@@H](Cc2ccccc2)C(=O)N2CCC[C@@H]2C(=O)N(C)[C@@H](C)C(=O)N1C,-5.85
4065,CC(C)C[C@H]1C(=O)N[C@@H](Cc2ccccc2)C(=O)N2CCC[C@@H]2C(=O)N(C)[C@@H](C)C(=O)N[C@H](CC(C)C)C(=O)N[C@@H](Cc2ccccc2)CC(=O)N2CCC[C@H]2C(=O)N1C,-5.64
4064,CC(C)C[C@@H]1NC(=O)[C@@H]2CCCN2C(=O)C[C@H](Cc2ccccc2)NC(=O)[C@@H](CC(C)C)N(C)C(=O)[C@H](C)N(C)C(=O)[C@H]2CCCN2C(=O)[C@H](Cc2ccccc2)NC1=O,-6.19
4063,CC(C)C[C@H]1C(=O)N[C@@H](Cc2ccccc2)CC(=O)N2CCC[C@H]2C(=O)N[C@H](CC(C)C)C(=O)N[C@@H](Cc2ccccc2)C(=O)N2CCC[C@@H]2C(=O)N(C)[C@@H](C)C(=O)N1C,-6.45
4062,CC(C)C[C@@H]1C(=O)N(Cc2ccccc2)CC(=O)N2CCC[C@H]2C(=O)N(C)[C@H](CC(C)C)C(=O)N[C@@H](Cc2ccccc2)C(=O)N2CCC[C@@H]2C(=O)N(C)[C@@H](C)C(=O)N1C,-5.15
4061,CC(C)C[C@@H]1C(=O)N(C)[C@H](CC(C)C)C(=O)N2CCC[C@H]2C(=O)N(Cc2ccccc2)CC(=O)N[C@@H](Cc2ccccc2)C(=O)N2CCC[C@@H]2C(=O)N(C)[C@@H](C)C(=O)N1C,-5.81
4060,CC(C)C[C@H]1NC(=O)[C@H](C)N(C)C(=O)[C@H]2CCCN2C(=O)[C@H](Cc2ccccc2)NC(=O)[C@@H](CC(C)C)N(C)C(=O)[C@@H]2CCCN2C(=O)C[C@H](Cc2ccccc2)NC1=O,-5.95
4059,CC(C)C[C@H]1NC(=O)[C@@H]2CCCN2C(=O)C[C@H](Cc2ccccc2)NC(=O)[C@@H](CC(C)C)N(C)C(=O)[C@H](C)N(C)C(=O)[C@H]2CCCN2C(=O)[C@H](Cc2ccccc2)NC1=O,-5.91
4058,CC(C)C[C@@H]1NC(=O)[C@H](C)N(C)C(=O)[C@H]2CCCN2C(=O)[C@H](Cc2ccccc2)NC(=O)[C@H](CC(C)C)N(C)C(=O)[C@@H]2CCCN2C(=O)CN(Cc2ccccc2)C1=O,-4.97
4057,CC(C)C[C@@H]1NC(=O)[C@H](C)N(C)C(=O)[C@H]2CCCN2C(=O)[C@H](Cc2ccccc2)NC(=O)CN(Cc2ccccc2)C(=O)[C@@H]2CCCN2C(=O)[C@H](CC(C)C)N(C)C1=O,-5.08
4056,CC(C)C[C@@H]1NC(=O)[C@H](CC(C)C)N(C)C(=O)[C@H](C)N(C)C(=O)[C@H]2CCCN2C(=O)[C@H](Cc2ccccc2)NC(=O)CN(Cc2ccccc2)C(=O)[C@@H]2CCCN2C1=O,-5.19
4055,CC(C)C[C@@H]1NC(=O)CN(Cc2ccccc2)C(=O)[C@H](C)N(C)C(=O)[C@H]2CCCN2C(=O)[C@H](Cc2ccccc2)NC(=O)[C@H](CC(C)C)N(C)C(=O)[C@@H]2CCCN2C1=O,-5.58
4054,CC(C)C[C@@H]1NC(=O)[C@H](C)N(C)C(=O)[C@H]2CCCN2C(=O)[C@H](Cc2ccccc2)NC(=O)[C@H](CC(C)C)NC(=O)[C@@H]2CCCN2C(=O)C[C@H](Cc2ccccc2)NC1=O,-6.08
4053,CC(C)C[C@H]1C(=O)N(C)[C@@H](CC(C)C)C(=O)N2CCC[C@H]2C(=O)N(C)[C@@H](CC(C)C)C(=O)N[C@@H](Cc2ccccc2)C(=O)N2CCC[C@@H]2C(=O)N(C)[C@@H](C)C(=O)N1C,-4.9
4052,CC(C)C[C@@H]1NC(=O)[C@H](C)N(C)C(=O)[C@H]2CCCN2C(=O)[C@H](Cc2ccccc2)NC(=O)CN(Cc2ccccc2)C(=O)[C@@H]2CCCN2C(=O)[C@@H](CC(C)C)N(C)C1=O,-5.48
4051,CC(C)C[C@H]1C(=O)N[C@@H](Cc2ccccc2)C(=O)N2CCC[C@@H]2C(=O)N(C)[C@@H](C)C(=O)N(Cc2ccccc2)CC(=O)N[C@H](CC(C)C)C(=O)N2CCC[C@H]2C(=O)N1C,-5.29
4050,CC(C)C[C@@H]1NC(=O)CN(Cc2ccccc2)C(=O)[C@H](C)N(C)C(=O)[C@H]2CCCN2C(=O)[C@H](Cc2ccccc2)NC(=O)[C@@H](CC(C)C)N(C)C(=O)[C@@H]2CCCN2C1=O,-5.52
4049,CC(C)C[C@@H]1NC(=O)[C@@H]2CCCN2C(=O)CN(Cc2ccccc2)C(=O)[C@@H](CC(C)C)N(C)C(=O)[C@H](C)N(C)C(=O)[C@H]2CCCN2C(=O)[C@H](Cc2ccccc2)NC1=O,-5.62
4048,CC(C)C[C@H]1C(=O)N2CCC[C@H]2C(=O)N(Cc2ccccc2)CC(=O)N[C@@H](Cc2ccccc2)C(=O)N2CCC[C@@H]2C(=O)N(C)[C@@H](C)C(=O)N[C@H](CC(C)C)C(=O)N1C,-5.56
4047,CC(C)C[C@H]1C(=O)N2CCC[C@H]2C(=O)N[C@H](CC(C)C)C(=O)N[C@@H](Cc2ccccc2)C(=O)N2CCC[C@@H]2C(=O)N(C)[C@@H](C)C(=O)N(Cc2ccccc2)CC(=O)N1C,-6.06
4046,CC(C)C[C@@H]1NC(=O)[C@H](C)N(C)C(=O)[C@H]2CCCN2C(=O)[C@H](Cc2ccccc2)NC(=O)[C@@H](CC(C)C)NC(=O)[C@@H]2CCCN2C(=O)C[C@H](Cc2ccccc2)NC1=O,-6.25
4045,CC(C)C[C@@H]1NC(=O)[C@@H]2CCCN2C(=O)[C@@H](CC(C)C)N(C)C(=O)CN(Cc2ccccc2)C(=O)[C@H](C)N(C)C(=O)[C@H]2CCCN2C(=O)[C@H](Cc2ccccc2)NC1=O,-5.97
4042,CC(C)C[C@H]1C(=O)N(C)[C@H](CC(C)C)C(=O)N2CCC[C@H]2C(=O)N(C)[C@@H](CC(C)C)C(=O)N[C@@H](Cc2ccccc2)C(=O)N2CCC[C@@H]2C(=O)N(C)[C@@H](C)C(=O)N1C,-4.89
4041,CC(C)C[C@H]1C(=O)N[C@@H](Cc2ccccc2)C(=O)N2CCC[C@@H]2C(=O)N(C)[C@@H](C)C(=O)N(C)[C@H](CC(C)C)C(=O)N(C)[C@@H](CC(C)C)C(=O)N2CCC[C@H]2C(=O)N1C,-5.04
4040,CC(C)C[C@H]1C(=O)N(C)[C@@H](CC(C)C)C(=O)N2CCC[C@H]2C(=O)N(C)[C@H](CC(C)C)C(=O)N[C@@H](Cc2ccccc2)C(=O)N2CCC[C@@H]2C(=O)N(C)[C@@H](C)C(=O)N1C,-5.19
4039,CC(C)C[C@H]1NC(=O)CN(Cc2ccccc2)C(=O)[C@H](C)N(C)C(=O)[C@H]2CCCN2C(=O)[C@H](Cc2ccccc2)NC(=O)[C@@H](CC(C)C)N(C)C(=O)[C@@H]2CCCN2C1=O,-5.44
4038,CC(C)C[C@H]1NC(=O)[C@@H]2CCCN2C(=O)CN(Cc2ccccc2)C(=O)[C@@H](CC(C)C)N(C)C(=O)[C@H](C)N(C)C(=O)[C@H]2CCCN2C(=O)[C@H](Cc2ccccc2)NC1=O,-5.52
4037,CC(C)C[C@H]1NC(=O)[C@H](C)N(C)C(=O)[C@H]2CCCN2C(=O)[C@H](Cc2ccccc2)NC(=O)CN(Cc2ccccc2)C(=O)[C@@H]2CCCN2C(=O)[C@@H](CC(C)C)N(C)C1=O,-5.68
4035,CC(C)C[C@H]1NC(=O)[C@H](C)N(C)C(=O)[C@H]2CCCN2C(=O)[C@H](Cc2ccccc2)NC(=O)[C@@H](CC(C)C)NC(=O)[C@@H]2CCCN2C(=O)C[C@H](Cc2ccccc2)NC1=O,-6.61
4034,CC(C)C[C@H]1C(=O)N2CCC[C@H]2C(=O)N(C)[C@H](CC(C)C)C(=O)N[C@@H](Cc2ccccc2)C(=O)N2CCC[C@@H]2C(=O)N(C)[C@@H](C)C(=O)N(C)[C@H](CC(C)C)C(=O)N1C,-4.95
4033,CC(C)C[C@H]1C(=O)N[C@@H](Cc2ccccc2)C(=O)N2CCC[C@@H]2C(=O)N(C)[C@@H](C)C(=O)N(C)[C@H](CC(C)C)C(=O)N(C)[C@H](CC(C)C)C(=O)N2CCC[C@H]2C(=O)N1C,-4.95
4032,CC(C)C[C@H]1C(=O)N(C)[C@H](CC(C)C)C(=O)N2CCC[C@H]2C(=O)N(C)[C@H](CC(C)C)C(=O)N[C@@H](Cc2ccccc2)C(=O)N2CCC[C@@H]2C(=O)N(C)[C@@H](C)C(=O)N1C,-5.85
4031,CC(C)C[C@@H]1C(=O)N(C)[C@H](CC(C)C)C(=O)N2CCC[C@H]2C(=O)N(C)[C@H](CC(C)C)C(=O)N[C@@H](Cc2ccccc2)C(=O)N2CCC[C@@H]2C(=O)N(C)[C@@H](C)C(=O)N1C,-5.39
4030,CC(C)C[C@@H]1NC(=O)[C@H](C)N(C)C(=O)[C@H]2CCCN2C(=O)[C@H](Cc2ccccc2)NC(=O)CN(Cc2ccccc2)C(=O)[C@@H]2CCCN2C(=O)[C@H](CC(C)C)NC1=O,-5.77
4029,CC(C)C[C@@H]1NC(=O)[C@@H]2CCCN2C(=O)CN(Cc2ccccc2)C(=O)[C@H](CC(C)C)NC(=O)[C@H](C)N(C)C(=O)[C@H]2CCCN2C(=O)[C@H](Cc2ccccc2)NC1=O,-6.09
4028,CC(C)C[C@@H]1NC(=O)[C@H](C)N(C)C(=O)[C@H]2CCCN2C(=O)[C@H](Cc2ccccc2)NC(=O)[C@H](CC(C)C)N(C)C(=O)[C@@H]2CCCN2C(=O)[C@H](CC(C)C)N(C)C1=O,-5.01
4027,CC(C)C[C@@H]1NC(=O)[C@H](CC(C)C)N(C)C(=O)[C@H](C)N(C)C(=O)[C@H]2CCCN2C(=O)[C@H](Cc2ccccc2)NC(=O)[C@H](CC(C)C)N(C)C(=O)[C@@H]2CCCN2C1=O,-4.95
4026,CC(C)C[C@@H]1NC(=O)[C@H](C)N(C)C(=O)[C@H]2CCCN2C(=O)[C@H](Cc2ccccc2)NC(=O)CN(Cc2ccccc2)C(=O)[C@@H]2CCCN2C(=O)[C@@H](CC(C)C)NC1=O,-5.5
4025,CC(C)C[C@@H]1NC(=O)[C@@H]2CCCN2C(=O)[C@@H](CC(C)C)NC(=O)CN(Cc2ccccc2)C(=O)[C@H](C)N(C)C(=O)[C@H]2CCCN2C(=O)[C@H](Cc2ccccc2)NC1=O,-6.36
4024,CC(C)C[C@@H]1NC(=O)[C@H](C)N(C)C(=O)[C@H]2CCCN2C(=O)[C@H](Cc2ccccc2)NC(=O)[C@H](CC(C)C)N(C)C(=O)[C@@H]2CCCN2C(=O)[C@@H](CC(C)C)N(C)C1=O,-5.19
4022,CC(C)C[C@H]1C(=O)N[C@H](CC(C)C)C(=O)N2CCC[C@H]2C(=O)N(C)[C@@H](CC(C)C)C(=O)N[C@@H](Cc2ccccc2)C(=O)N2CCC[C@@H]2C(=O)N(C)[C@@H](C)C(=O)N1C,-5.03
4021,CC(C)C[C@@H]1NC(=O)[C@@H]2CCCN2C(=O)[C@H](CC(C)C)N(C)C(=O)[C@@H](CC(C)C)N(C)C(=O)[C@H](C)N(C)C(=O)[C@H]2CCCN2C(=O)[C@H](Cc2ccccc2)NC1=O,-5.39
4020,CC(C)C[C@H]1C(=O)N[C@@H](Cc2ccccc2)C(=O)N2CCC[C@@H]2C(=O)N(C)[C@@H](C)C(=O)N[C@H](CC(C)C)C(=O)N(C)[C@@H](CC(C)C)C(=O)N2CCC[C@H]2C(=O)N1C,-5.19
4019,CC(C)C[C@@H]1NC(=O)[C@H](C)N(C)C(=O)[C@H]2CCCN2C(=O)[C@H](Cc2ccccc2)NC(=O)[C@@H](CC(C)C)N(C)C(=O)[C@@H]2CCCN2C(=O)[C@H](CC(C)C)N(C)C1=O,-5.17
4018,CC(C)C[C@H]1C(=O)N(C)[C@@H](CC(C)C)C(=O)N2CCC[C@H]2C(=O)N[C@H](CC(C)C)C(=O)N[C@@H](Cc2ccccc2)C(=O)N2CCC[C@@H]2C(=O)N(C)[C@@H](C)C(=O)N1C,-5.73
4017,CC(C)C[C@H]1NC(=O)[C@@H]2CCCN2C(=O)CN(Cc2ccccc2)C(=O)[C@@H](CC(C)C)NC(=O)[C@H](C)N(C)C(=O)[C@H]2CCCN2C(=O)[C@H](Cc2ccccc2)NC1=O,-5.97
4016,CC(C)C[C@H]1NC(=O)[C@H](C)N(C)C(=O)[C@H]2CCCN2C(=O)[C@H](Cc2ccccc2)NC(=O)CN(Cc2ccccc2)C(=O)[C@@H]2CCCN2C(=O)[C@@H](CC(C)C)NC1=O,-6.18
4015,CC(C)C[C@@H]1NC(=O)[C@H](C)N(C)C(=O)[C@H]2CCCN2C(=O)[C@H](Cc2ccccc2)NC(=O)[C@@H](CC(C)C)N(C)C(=O)[C@@H]2CCCN2C(=O)[C@@H](CC(C)C)N(C)C1=O,-5.11
4014,CC(C)C[C@@H]1NC(=O)[C@@H](CC(C)C)N(C)C(=O)[C@H](C)N(C)C(=O)[C@H]2CCCN2C(=O)[C@H](Cc2ccccc2)NC(=O)[C@@H](CC(C)C)N(C)C(=O)[C@@H]2CCCN2C1=O,-5.04
4013,CC(C)C[C@H]1C(=O)N[C@@H](Cc2ccccc2)C(=O)N2CCC[C@@H]2C(=O)N(C)[C@@H](C)C(=O)N[C@H](CC(C)C)C(=O)N(C)[C@H](CC(C)C)C(=O)N2CCC[C@H]2C(=O)N1C,-4.83
4012,CC(C)C[C@H]1C(=O)N2CCC[C@H]2C(=O)N(C)[C@H](CC(C)C)C(=O)N[C@@H](Cc2ccccc2)C(=O)N2CCC[C@@H]2C(=O)N(C)[C@@H](C)C(=O)N[C@H](CC(C)C)C(=O)N1C,-5.07
4011,CC(C)C[C@H]1C(=O)N2CCC[C@H]2C(=O)N[C@H](CC(C)C)C(=O)N[C@@H](Cc2ccccc2)C(=O)N2CCC[C@@H]2C(=O)N(C)[C@@H](C)C(=O)N(C)[C@H](CC(C)C)C(=O)N1C,-5.33
4010,CC(C)C[C@H]1C(=O)N[C@@H](Cc2ccccc2)C(=O)N2CCC[C@@H]2C(=O)N(C)[C@@H](C)C(=O)N(C)[C@H](CC(C)C)C(=O)N[C@H](CC(C)C)C(=O)N2CCC[C@H]2C(=O)N1C,-5.27
4009,CC(C)C[C@H]1C(=O)N[C@H](CC(C)C)C(=O)N2CCC[C@H]2C(=O)N(C)[C@H](CC(C)C)C(=O)N[C@@H](Cc2ccccc2)C(=O)N2CCC[C@@H]2C(=O)N(C)[C@@H](C)C(=O)N1C,-5.73
4008,CC(C)C[C@H]1NC(=O)[C@H](C)N(C)C(=O)[C@H]2CCCN2C(=O)[C@H](Cc2ccccc2)NC(=O)[C@@H](CC(C)C)N(C)C(=O)[C@@H]2CCCN2C(=O)[C@@H](CC(C)C)N(C)C1=O,-5.06
4007,CC(C)C[C@H]1NC(=O)[C@@H](CC(C)C)N(C)C(=O)[C@H](C)N(C)C(=O)[C@H]2CCCN2C(=O)[C@H](Cc2ccccc2)NC(=O)[C@@H](CC(C)C)N(C)C(=O)[C@@H]2CCCN2C1=O,-5.66
4006,CC(C)C[C@H]1NC(=O)[C@@H]2CCCN2C(=O)[C@@H](CC(C)C)N(C)C(=O)[C@@H](CC(C)C)N(C)C(=O)[C@H](C)N(C)C(=O)[C@H]2CCCN2C(=O)[C@H](Cc2ccccc2)NC1=O,-5.81
4005,CC(C)C[C@@H]1NC(=O)[C@@H]2CCCN2C(=O)[C@H](CC(C)C)N(C)C(=O)[C@H](CC(C)C)NC(=O)[C@H](C)N(C)C(=O)[C@H]2CCCN2C(=O)[C@H](Cc2ccccc2)NC1=O,-5.33
4004,CC(C)C[C@@H]1NC(=O)[C@H](C)N(C)C(=O)[C@H]2CCCN2C(=O)[C@H](Cc2ccccc2)NC(=O)[C@H](CC(C)C)N(C)C(=O)[C@@H]2CCCN2C(=O)[C@H](CC(C)C)NC1=O,-5.86
4003,CC(C)C[C@@H]1NC(=O)[C@@H]2CCCN2C(=O)[C@H](CC(C)C)NC(=O)[C@H](CC(C)C)N(C)C(=O)[C@H](C)N(C)C(=O)[C@H]2CCCN2C(=O)[C@H](Cc2ccccc2)NC1=O,-6.26
4002,CC(C)C[C@@H]1NC(=O)[C@@H]2CCCN2C(=O)[C@@H](CC(C)C)N(C)C(=O)[C@H](CC(C)C)NC(=O)[C@H](C)N(C)C(=O)[C@H]2CCCN2C(=O)[C@H](Cc2ccccc2)NC1=O,-5.32
4001,CC(C)C[C@@H]1NC(=O)[C@H](C)N(C)C(=O)[C@H]2CCCN2C(=O)[C@H](Cc2ccccc2)NC(=O)[C@@H](CC(C)C)N(C)C(=O)[C@@H]2CCCN2C(=O)[C@H](CC(C)C)NC1=O,-5.69
4000,CC(C)C[C@@H]1NC(=O)[C@H](C)N(C)C(=O)[C@H]2CCCN2C(=O)[C@H](Cc2ccccc2)NC(=O)[C@H](CC(C)C)N(C)C(=O)[C@@H]2CCCN2C(=O)[C@@H](CC(C)C)NC1=O,-5.5
3999,CC(C)C[C@@H]1NC(=O)[C@@H]2CCCN2C(=O)[C@@H](CC(C)C)NC(=O)[C@H](CC(C)C)N(C)C(=O)[C@H](C)N(C)C(=O)[C@H]2CCCN2C(=O)[C@H](Cc2ccccc2)NC1=O,-5.78
3998,CC(C)C[C@@H]1NC(=O)[C@@H]2CCCN2C(=O)[C@H](CC(C)C)NC(=O)[C@@H](CC(C)C)N(C)C(=O)[C@H](C)N(C)C(=O)[C@H]2CCCN2C(=O)[C@H](Cc2ccccc2)NC1=O,-5.63
3997,CC(C)C[C@@H]1NC(=O)[C@H](C)N(C)C(=O)[C@H]2CCCN2C(=O)[C@H](Cc2ccccc2)NC(=O)[C@@H](CC(C)C)NC(=O)[C@@H]2CCCN2C(=O)[C@H](CC(C)C)N(C)C1=O,-5.91
3996,CC(C)C[C@@H]1NC(=O)[C@H](C)N(C)C(=O)[C@H]2CCCN2C(=O)[C@H](Cc2ccccc2)NC(=O)[C@@H](CC(C)C)NC(=O)[C@@H]2CCCN2C(=O)[C@@H](CC(C)C)N(C)C1=O,-5.35
3995,CC(C)C[C@@H]1NC(=O)[C@H](C)N(C)C(=O)[C@H]2CCCN2C(=O)[C@H](Cc2ccccc2)NC(=O)[C@@H](CC(C)C)N(C)C(=O)[C@@H]2CCCN2C(=O)[C@@H](CC(C)C)NC1=O,-5.71
3994,CC(C)C[C@@H]1NC(=O)[C@@H](CC(C)C)N(C)C(=O)[C@H](C)N(C)C(=O)[C@H]2CCCN2C(=O)[C@H](Cc2ccccc2)NC(=O)[C@@H](CC(C)C)NC(=O)[C@@H]2CCCN2C1=O,-5.5
3993,CC(C)C[C@@H]1NC(=O)[C@@H](CC(C)C)NC(=O)[C@H](C)N(C)C(=O)[C@H]2CCCN2C(=O)[C@H](Cc2ccccc2)NC(=O)[C@@H](CC(C)C)N(C)C(=O)[C@@H]2CCCN2C1=O,-5.67
3992,CC(C)C[C@H]1C(=O)N2CCC[C@H]2C(=O)N[C@H](CC(C)C)C(=O)N[C@@H](Cc2ccccc2)C(=O)N2CCC[C@@H]2C(=O)N(C)[C@@H](C)C(=O)N[C@H](CC(C)C)C(=O)N1C,-5.85
3989,CC(C)C[C@H]1NC(=O)[C@@H]2CCCN2C(=O)[C@@H](CC(C)C)N(C)C(=O)[C@@H](CC(C)C)NC(=O)[C@H](C)N(C)C(=O)[C@H]2CCCN2C(=O)[C@H](Cc2ccccc2)NC1=O,-5.99
3988,CC(C)C[C@H]1NC(=O)[C@@H]2CCCN2C(=O)[C@@H](CC(C)C)NC(=O)[C@@H](CC(C)C)N(C)C(=O)[C@H](C)N(C)C(=O)[C@H]2CCCN2C(=O)[C@H](Cc2ccccc2)NC1=O,-6.54
3987,CC(C)C[C@H]1NC(=O)[C@H](C)N(C)C(=O)[C@H]2CCCN2C(=O)[C@H](Cc2ccccc2)NC(=O)[C@@H](CC(C)C)N(C)C(=O)[C@@H]2CCCN2C(=O)[C@@H](CC(C)C)NC1=O,-6.63
3986,CC(C)C[C@@H]1NC(=O)[C@H](C)N(C)C(=O)[C@H]2CCCN2C(=O)[C@H](Cc2ccccc2)NC(=O)[C@H](CC(C)C)NC(=O)[C@@H]2CCCN2C(=O)[C@@H](CC(C)C)NC1=O,-5.81
3984,CC(C)C[C@@H]1NC(=O)[C@H](C)N(C)C(=O)[C@H]2CCCN2C(=O)[C@H](Cc2ccccc2)NC(=O)[C@@H](CC(C)C)NC(=O)[C@@H]2CCCN2C(=O)[C@@H](CC(C)C)NC1=O,-6.4
3979,CC(C)C[C@H]1C(=O)N(Cc2ccccc2)CC(=O)N2CCC[C@@H]2C(=O)N(Cc2ccccc2)CC(=O)N[C@@H](Cc2ccccc2)C(=O)N2CCC[C@@H]2C(=O)N[C@H](C)C(=O)N1C,-6.94
3973,CC(C)C[C@H]1C(=O)N[C@@H](Cc2ccccc2)C(=O)N2CCC[C@@H]2C(=O)N[C@H](C)C(=O)N(C)[C@H](CC(C)C)C(=O)N[C@@H](Cc2ccccc2)CC(=O)N2CCC[C@@H]2C(=O)N1C,-5.18
3972,CC(C)C[C@@H]1C(=O)N[C@@H](Cc2ccccc2)CC(=O)N2CCC[C@@H]2C(=O)N(C)[C@H](CC(C)C)C(=O)N[C@@H](Cc2ccccc2)C(=O)N2CCC[C@@H]2C(=O)N[C@H](C)C(=O)N1C,-5.91
3971,CC(C)C[C@@H]1NC(=O)[C@@H](C)NC(=O)[C@H]2CCCN2C(=O)[C@H](Cc2ccccc2)NC(=O)CN(Cc2ccccc2)C(=O)[C@H]2CCCN2C(=O)CN(Cc2ccccc2)C1=O,-6.02
3969,CC(C)C[C@H]1C(=O)N(Cc2ccccc2)CC(=O)N2CCC[C@@H]2C(=O)N(C)[C@@H](CC(C)C)C(=O)N[C@@H](Cc2ccccc2)C(=O)N2CCC[C@@H]2C(=O)N[C@H](C)C(=O)N1C,-6.25
3967,CC(C)C[C@H]1NC(=O)[C@H]2CCCN2C(=O)CN(Cc2ccccc2)C(=O)CN(Cc2ccccc2)C(=O)[C@@H](C)NC(=O)[C@H]2CCCN2C(=O)[C@H](Cc2ccccc2)NC1=O,-6.32
3966,CC(C)C[C@H]1NC(=O)[C@@H](C)NC(=O)[C@H]2CCCN2C(=O)[C@H](Cc2ccccc2)NC(=O)CN(Cc2ccccc2)C(=O)[C@H]2CCCN2C(=O)CN(Cc2ccccc2)C1=O,-6.38
3965,CC(C)C[C@H]1C(=O)N(C)[C@H](CC(C)C)C(=O)N2CCC[C@@H]2C(=O)N(Cc2ccccc2)CC(=O)N[C@@H](Cc2ccccc2)C(=O)N2CCC[C@@H]2C(=O)N[C@H](C)C(=O)N1C,-5.79
3964,CC(C)C[C@H]1C(=O)N(Cc2ccccc2)CC(=O)N2CCC[C@@H]2C(=O)N(C)[C@H](CC(C)C)C(=O)N[C@@H](Cc2ccccc2)C(=O)N2CCC[C@@H]2C(=O)N[C@H](C)C(=O)N1C,-5.96
3963,CC(C)C[C@H]1C(=O)N2CCC[C@@H]2C(=O)N(Cc2ccccc2)CC(=O)N[C@@H](Cc2ccccc2)C(=O)N2CCC[C@@H]2C(=O)N[C@H](C)C(=O)N(C)[C@H](CC(C)C)C(=O)N1C,-5.64
3961,CC(C)C[C@H]1C(=O)N[C@@H](Cc2ccccc2)C(=O)N2CCC[C@@H]2C(=O)N[C@H](C)C(=O)N(C)[C@H](CC(C)C)C(=O)N(Cc2ccccc2)CC(=O)N2CCC[C@@H]2C(=O)N1C,-5.66
3960,CC(C)C[C@H]1C(=O)N[C@@H](Cc2ccccc2)CC(=O)N2CCC[C@@H]2C(=O)N[C@H](CC(C)C)C(=O)N[C@@H](Cc2ccccc2)C(=O)N2CCC[C@@H]2C(=O)N[C@H](C)C(=O)N1C,-5.76
3959,CC(C)C[C@@H]1C(=O)N(Cc2ccccc2)CC(=O)N2CCC[C@@H]2C(=O)N(C)[C@H](CC(C)C)C(=O)N[C@@H](Cc2ccccc2)C(=O)N2CCC[C@@H]2C(=O)N[C@H](C)C(=O)N1C,-5.78
3957,CC(C)C[C@H]1NC(=O)[C@@H](C)NC(=O)[C@H]2CCCN2C(=O)[C@H](Cc2ccccc2)NC(=O)[C@@H](CC(C)C)N(C)C(=O)[C@H]2CCCN2C(=O)C[C@H](Cc2ccccc2)NC1=O,-6.05
3956,CC(C)C[C@H]1NC(=O)[C@H]2CCCN2C(=O)C[C@H](Cc2ccccc2)NC(=O)[C@@H](CC(C)C)N(C)C(=O)[C@@H](C)NC(=O)[C@H]2CCCN2C(=O)[C@H](Cc2ccccc2)NC1=O,-6.07
3955,CC(C)C[C@@H]1C(=O)N2CCC[C@@H]2C(=O)N(C)[C@H](CC(C)C)C(=O)N[C@@H](Cc2ccccc2)C(=O)N2CCC[C@@H]2C(=O)N[C@H](C)C(=O)N(Cc2ccccc2)CC(=O)N1C,-6.15
3954,CC(C)C[C@@H]1NC(=O)CN(Cc2ccccc2)C(=O)[C@@H](C)NC(=O)[C@H]2CCCN2C(=O)[C@H](Cc2ccccc2)NC(=O)[C@H](CC(C)C)N(C)C(=O)[C@H]2CCCN2C1=O,-5.53
3953,CC(C)C[C@@H]1NC(=O)[C@@H](C)NC(=O)[C@H]2CCCN2C(=O)[C@H](Cc2ccccc2)NC(=O)[C@H](CC(C)C)N(C)C(=O)[C@H]2CCCN2C(=O)CN(Cc2ccccc2)C1=O,-6.12
3951,CC(C)C[C@@H]1NC(=O)[C@H]2CCCN2C(=O)CN(Cc2ccccc2)C(=O)[C@H](CC(C)C)N(C)C(=O)[C@@H](C)NC(=O)[C@H]2CCCN2C(=O)[C@H](Cc2ccccc2)NC1=O,-6.77
3949,CC(C)C[C@H]1C(=O)N2CCC[C@@H]2C(=O)N(C)[C@@H](CC(C)C)C(=O)N[C@@H](Cc2ccccc2)C(=O)N2CCC[C@@H]2C(=O)N[C@H](C)C(=O)N(C)[C@@H](CC(C)C)C(=O)N1C,-5.34
3948,CC(C)C[C@@H]1NC(=O)[C@@H](CC(C)C)N(C)C(=O)[C@@H](C)NC(=O)[C@H]2CCCN2C(=O)[C@H](Cc2ccccc2)NC(=O)CN(Cc2ccccc2)C(=O)[C@H]2CCCN2C1=O,-5.33
3947,CC(C)C[C@@H]1NC(=O)[C@@H](C)NC(=O)[C@H]2CCCN2C(=O)[C@H](Cc2ccccc2)NC(=O)[C@@H](CC(C)C)N(C)C(=O)[C@H]2CCCN2C(=O)CN(Cc2ccccc2)C1=O,-5.78
3944,CC(C)C[C@@H]1NC(=O)[C@H]2CCCN2C(=O)C[C@H](Cc2ccccc2)NC(=O)[C@@H](CC(C)C)NC(=O)[C@@H](C)NC(=O)[C@H]2CCCN2C(=O)[C@H](Cc2ccccc2)NC1=O,-6.87
3943,CC(C)C[C@H]1C(=O)N(C)[C@H](CC(C)C)C(=O)N2CCC[C@@H]2C(=O)N(C)[C@@H](CC(C)C)C(=O)N[C@@H](Cc2ccccc2)C(=O)N2CCC[C@@H]2C(=O)N[C@H](C)C(=O)N1C,-5.74
3942,CC(C)C[C@H]1C(=O)N2CCC[C@@H]2C(=O)N(C)[C@@H](CC(C)C)C(=O)N[C@@H](Cc2ccccc2)C(=O)N2CCC[C@@H]2C(=O)N[C@H](C)C(=O)N(C)[C@H](CC(C)C)C(=O)N1C,-5.5
3941,CC(C)C[C@H]1NC(=O)[C@@H](C)NC(=O)[C@H]2CCCN2C(=O)[C@H](Cc2ccccc2)NC(=O)[C@@H](CC(C)C)N(C)C(=O)[C@H]2CCCN2C(=O)CN(Cc2ccccc2)C1=O,-6.02
3940,CC(C)C[C@H]1NC(=O)[C@H]2CCCN2C(=O)CN(Cc2ccccc2)C(=O)[C@@H](CC(C)C)N(C)C(=O)[C@@H](C)NC(=O)[C@H]2CCCN2C(=O)[C@H](Cc2ccccc2)NC1=O,-5.86
3939,CC(C)C[C@H]1NC(=O)[C@@H](C)NC(=O)[C@H]2CCCN2C(=O)[C@H](Cc2ccccc2)NC(=O)CN(Cc2ccccc2)C(=O)[C@H]2CCCN2C(=O)[C@@H](CC(C)C)N(C)C1=O,-6.28
3938,CC(C)C[C@H]1C(=O)N(C)[C@H](CC(C)C)C(=O)N2CCC[C@@H]2C(=O)N(C)[C@H](CC(C)C)C(=O)N[C@@H](Cc2ccccc2)C(=O)N2CCC[C@@H]2C(=O)N[C@H](C)C(=O)N1C,-5.6
3937,CC(C)C[C@H]1C(=O)N2CCC[C@@H]2C(=O)N(C)[C@H](CC(C)C)C(=O)N[C@@H](Cc2ccccc2)C(=O)N2CCC[C@@H]2C(=O)N[C@H](C)C(=O)N(C)[C@H](CC(C)C)C(=O)N1C,-5.01
3935,CC(C)C[C@@H]1NC(=O)[C@@H](C)NC(=O)[C@H]2CCCN2C(=O)[C@H](Cc2ccccc2)NC(=O)CN(Cc2ccccc2)C(=O)[C@H]2CCCN2C(=O)[C@H](CC(C)C)NC1=O,-5.53
3934,CC(C)C[C@@H]1NC(=O)[C@H]2CCCN2C(=O)CN(Cc2ccccc2)C(=O)[C@H](CC(C)C)NC(=O)[C@@H](C)NC(=O)[C@H]2CCCN2C(=O)[C@H](Cc2ccccc2)NC1=O,-6.14
3933,CC(C)C[C@@H]1NC(=O)[C@H](CC(C)C)N(C)C(=O)[C@@H](C)NC(=O)[C@H]2CCCN2C(=O)[C@H](Cc2ccccc2)NC(=O)[C@H](CC(C)C)N(C)C(=O)[C@H]2CCCN2C1=O,-5.72
3932,CC(C)C[C@@H]1NC(=O)[C@@H](C)NC(=O)[C@H]2CCCN2C(=O)[C@H](Cc2ccccc2)NC(=O)[C@H](CC(C)C)N(C)C(=O)[C@H]2CCCN2C(=O)[C@H](CC(C)C)N(C)C1=O,-5.48
3931,CC(C)C[C@@H]1NC(=O)[C@@H](CC(C)C)NC(=O)[C@@H](C)NC(=O)[C@H]2CCCN2C(=O)[C@H](Cc2ccccc2)NC(=O)CN(Cc2ccccc2)C(=O)[C@H]2CCCN2C1=O,-6.04
3927,CC(C)C[C@@H]1NC(=O)[C@@H](CC(C)C)N(C)C(=O)[C@@H](C)NC(=O)[C@H]2CCCN2C(=O)[C@H](Cc2ccccc2)NC(=O)[C@H](CC(C)C)N(C)C(=O)[C@H]2CCCN2C1=O,-4.88
3926,CC(C)C[C@@H]1NC(=O)[C@@H](C)NC(=O)[C@H]2CCCN2C(=O)[C@H](Cc2ccccc2)NC(=O)[C@H](CC(C)C)N(C)C(=O)[C@H]2CCCN2C(=O)[C@@H](CC(C)C)N(C)C1=O,-5.76
3925,CC(C)C[C@H]1C(=O)N[C@H](CC(C)C)C(=O)N2CCC[C@@H]2C(=O)N(C)[C@@H](CC(C)C)C(=O)N[C@@H](Cc2ccccc2)C(=O)N2CCC[C@@H]2C(=O)N[C@H](C)C(=O)N1C,-5.79
3924,CC(C)C[C@H]1C(=O)N2CCC[C@@H]2C(=O)N(C)[C@@H](CC(C)C)C(=O)N[C@@H](Cc2ccccc2)C(=O)N2CCC[C@@H]2C(=O)N[C@H](C)C(=O)N[C@H](CC(C)C)C(=O)N1C,-5.86
3923,CC(C)C[C@@H]1NC(=O)[C@H](CC(C)C)N(C)C(=O)[C@@H](C)NC(=O)[C@H]2CCCN2C(=O)[C@H](Cc2ccccc2)NC(=O)[C@@H](CC(C)C)N(C)C(=O)[C@H]2CCCN2C1=O,-5.38
3922,CC(C)C[C@@H]1NC(=O)[C@@H](C)NC(=O)[C@H]2CCCN2C(=O)[C@H](Cc2ccccc2)NC(=O)[C@@H](CC(C)C)N(C)C(=O)[C@H]2CCCN2C(=O)[C@H](CC(C)C)N(C)C1=O,-5.75
3919,CC(C)C[C@H]1NC(=O)[C@@H](C)NC(=O)[C@H]2CCCN2C(=O)[C@H](Cc2ccccc2)NC(=O)CN(Cc2ccccc2)C(=O)[C@H]2CCCN2C(=O)[C@@H](CC(C)C)NC1=O,-6.48
3918,CC(C)C[C@H]1C(=O)N(C)[C@H](CC(C)C)C(=O)N2CCC[C@@H]2C(=O)N[C@H](CC(C)C)C(=O)N[C@@H](Cc2ccccc2)C(=O)N2CCC[C@@H]2C(=O)N[C@H](C)C(=O)N1C,-5.98
3917,CC(C)C[C@H]1C(=O)N[C@@H](Cc2ccccc2)C(=O)N2CCC[C@@H]2C(=O)N[C@H](C)C(=O)N(C)[C@H](CC(C)C)C(=O)N[C@H](CC(C)C)C(=O)N2CCC[C@@H]2C(=O)N1C,-5.82
3916,CC(C)C[C@H]1C(=O)N[C@@H](Cc2ccccc2)C(=O)N2CCC[C@@H]2C(=O)N[C@H](C)C(=O)N[C@H](CC(C)C)C(=O)N(C)[C@H](CC(C)C)C(=O)N2CCC[C@@H]2C(=O)N1C,-6.11
3915,CC(C)C[C@H]1C(=O)N[C@H](CC(C)C)C(=O)N2CCC[C@@H]2C(=O)N(C)[C@H](CC(C)C)C(=O)N[C@@H](Cc2ccccc2)C(=O)N2CCC[C@@H]2C(=O)N[C@H](C)C(=O)N1C,-6.85
3913,CC(C)C[C@H]1NC(=O)[C@@H](CC(C)C)N(C)C(=O)[C@@H](C)NC(=O)[C@H]2CCCN2C(=O)[C@H](Cc2ccccc2)NC(=O)[C@@H](CC(C)C)N(C)C(=O)[C@H]2CCCN2C1=O,-5.71
3912,CC(C)C[C@H]1NC(=O)[C@@H](C)NC(=O)[C@H]2CCCN2C(=O)[C@H](Cc2ccccc2)NC(=O)[C@@H](CC(C)C)N(C)C(=O)[C@H]2CCCN2C(=O)[C@@H](CC(C)C)N(C)C1=O,-6.66
3911,CC(C)C[C@@H]1NC(=O)[C@@H](C)NC(=O)[C@H]2CCCN2C(=O)[C@H](Cc2ccccc2)NC(=O)[C@H](CC(C)C)N(C)C(=O)[C@H]2CCCN2C(=O)[C@H](CC(C)C)NC1=O,-5.3
3910,CC(C)C[C@@H]1NC(=O)[C@H]2CCCN2C(=O)[C@H](CC(C)C)N(C)C(=O)[C@H](CC(C)C)NC(=O)[C@@H](C)NC(=O)[C@H]2CCCN2C(=O)[C@H](Cc2ccccc2)NC1=O,-5.98
3909,CC(C)C[C@@H]1NC(=O)[C@@H](CC(C)C)NC(=O)[C@@H](C)NC(=O)[C@H]2CCCN2C(=O)[C@H](Cc2ccccc2)NC(=O)[C@H](CC(C)C)N(C)C(=O)[C@H]2CCCN2C1=O,-6.0
3908,CC(C)C[C@@H]1NC(=O)[C@@H](C)NC(=O)[C@H]2CCCN2C(=O)[C@H](Cc2ccccc2)NC(=O)[C@H](CC(C)C)N(C)C(=O)[C@H]2CCCN2C(=O)[C@@H](CC(C)C)NC1=O,-5.68
3907,CC(C)C[C@@H]1NC(=O)[C@H]2CCCN2C(=O)[C@H](CC(C)C)NC(=O)[C@@H](CC(C)C)N(C)C(=O)[C@@H](C)NC(=O)[C@H]2CCCN2C(=O)[C@H](Cc2ccccc2)NC1=O,-5.85
3906,CC(C)C[C@@H]1NC(=O)[C@H]2CCCN2C(=O)[C@@H](CC(C)C)N(C)C(=O)[C@H](CC(C)C)NC(=O)[C@@H](C)NC(=O)[C@H]2CCCN2C(=O)[C@H](Cc2ccccc2)NC1=O,-4.0
3903,CC(C)C[C@@H]1NC(=O)[C@H]2CCCN2C(=O)[C@@H](CC(C)C)NC(=O)[C@H](CC(C)C)N(C)C(=O)[C@@H](C)NC(=O)[C@H]2CCCN2C(=O)[C@H](Cc2ccccc2)NC1=O,-4.0
3902,CC(C)C[C@@H]1NC(=O)[C@@H](CC(C)C)N(C)C(=O)[C@@H](C)NC(=O)[C@H]2CCCN2C(=O)[C@H](Cc2ccccc2)NC(=O)[C@@H](CC(C)C)NC(=O)[C@H]2CCCN2C1=O,-5.3
3901,CC(C)C[C@@H]1NC(=O)[C@@H](CC(C)C)NC(=O)[C@@H](C)NC(=O)[C@H]2CCCN2C(=O)[C@H](Cc2ccccc2)NC(=O)[C@@H](CC(C)C)N(C)C(=O)[C@H]2CCCN2C1=O,-5.79
3900,CC(C)C[C@@H]1NC(=O)[C@@H](C)NC(=O)[C@H]2CCCN2C(=O)[C@H](Cc2ccccc2)NC(=O)[C@@H](CC(C)C)NC(=O)[C@H]2CCCN2C(=O)[C@@H](CC(C)C)N(C)C1=O,-5.87
3897,CC(C)C[C@H]1NC(=O)[C@@H](C)NC(=O)[C@H]2CCCN2C(=O)[C@H](Cc2ccccc2)NC(=O)[C@@H](CC(C)C)N(C)C(=O)[C@H]2CCCN2C(=O)[C@@H](CC(C)C)NC1=O,-5.83
3895,CC(C)C[C@H]1NC(=O)[C@H]2CCCN2C(=O)[C@@H](CC(C)C)N(C)C(=O)[C@@H](CC(C)C)NC(=O)[C@@H](C)NC(=O)[C@H]2CCCN2C(=O)[C@H](Cc2ccccc2)NC1=O,-6.62
3894,CC(C)C[C@@H]1NC(=O)[C@@H](C)NC(=O)[C@H]2CCCN2C(=O)[C@H](Cc2ccccc2)NC(=O)[C@H](CC(C)C)NC(=O)[C@H]2CCCN2C(=O)[C@H](CC(C)C)NC1=O,-5.92
3893,CC(C)C[C@@H]1NC(=O)[C@@H](C)NC(=O)[C@H]2CCCN2C(=O)[C@H](Cc2ccccc2)NC(=O)[C@@H](CC(C)C)NC(=O)[C@H]2CCCN2C(=O)[C@H](CC(C)C)NC1=O,-5.34
3891,CC(C)C[C@@H]1NC(=O)[C@@H](C)NC(=O)[C@H]2CCCN2C(=O)[C@H](Cc2ccccc2)NC(=O)[C@H](CC(C)C)NC(=O)[C@H]2CCCN2C(=O)[C@@H](CC(C)C)NC1=O,-7.85
3890,CC(C)C[C@@H]1NC(=O)[C@@H](CC(C)C)NC(=O)[C@@H](C)NC(=O)[C@H]2CCCN2C(=O)[C@H](Cc2ccccc2)NC(=O)[C@@H](CC(C)C)NC(=O)[C@H]2CCCN2C1=O,-6.07
3889,CC(C)C[C@@H]1NC(=O)[C@@H](C)NC(=O)[C@H]2CCCN2C(=O)[C@H](Cc2ccccc2)NC(=O)[C@@H](CC(C)C)NC(=O)[C@H]2CCCN2C(=O)[C@@H](CC(C)C)NC1=O,-6.01
3888,CC(C)C[C@@H]1NC(=O)[C@H]2CCCN2C(=O)[C@@H](CC(C)C)NC(=O)[C@@H](CC(C)C)NC(=O)[C@@H](C)NC(=O)[C@H]2CCCN2C(=O)[C@H](Cc2ccccc2)NC1=O,-6.96
3887,CC(C)C[C@H]1NC(=O)[C@@H](C)NC(=O)[C@H]2CCCN2C(=O)[C@H](Cc2ccccc2)NC(=O)[C@@H](CC(C)C)NC(=O)[C@H]2CCCN2C(=O)[C@@H](CC(C)C)NC1=O,-6.79
3882,CC(C)C[C@H]1C(=O)N[C@@H](Cc2ccccc2)C(=O)N2CCC[C@@H]2C(=O)N[C@@H](C)C(=O)N(C)[C@H](CC(C)C)C(=O)N[C@@H](Cc2ccccc2)CC(=O)N2CCC[C@@H]2C(=O)N1C,-5.79
3881,CC(C)C[C@@H]1C(=O)N[C@@H](Cc2ccccc2)CC(=O)N2CCC[C@@H]2C(=O)N(C)[C@H](CC(C)C)C(=O)N[C@@H](Cc2ccccc2)C(=O)N2CCC[C@@H]2C(=O)N[C@@H](C)C(=O)N1C,-5.52
3880,CC(C)C[C@@H]1NC(=O)[C@H](C)NC(=O)[C@H]2CCCN2C(=O)[C@H](Cc2ccccc2)NC(=O)CN(Cc2ccccc2)C(=O)[C@H]2CCCN2C(=O)CN(Cc2ccccc2)C1=O,-6.22
3879,CC(C)C[C@@H]1NC(=O)[C@H]2CCCN2C(=O)CN(Cc2ccccc2)C(=O)CN(Cc2ccccc2)C(=O)[C@H](C)NC(=O)[C@H]2CCCN2C(=O)[C@H](Cc2ccccc2)NC1=O,-6.76
3878,CC(C)C[C@H]1C(=O)N2CCC[C@@H]2C(=O)N(C)[C@@H](CC(C)C)C(=O)N[C@@H](Cc2ccccc2)C(=O)N2CCC[C@@H]2C(=O)N[C@@H](C)C(=O)N(Cc2ccccc2)CC(=O)N1C,-5.07
3877,CC(C)C[C@H]1C(=O)N(Cc2ccccc2)CC(=O)N2CCC[C@@H]2C(=O)N(C)[C@@H](CC(C)C)C(=O)N[C@@H](Cc2ccccc2)C(=O)N2CCC[C@@H]2C(=O)N[C@@H](C)C(=O)N1C,-5.6
3876,CC(C)C[C@@H]1NC(=O)[C@H](C)NC(=O)[C@H]2CCCN2C(=O)[C@H](Cc2ccccc2)NC(=O)[C@H](CC(C)C)N(C)C(=O)[C@H]2CCCN2C(=O)C[C@H](Cc2ccccc2)NC1=O,-5.95
3875,CC(C)C[C@H]1NC(=O)[C@H](C)NC(=O)[C@H]2CCCN2C(=O)[C@H](Cc2ccccc2)NC(=O)CN(Cc2ccccc2)C(=O)[C@H]2CCCN2C(=O)CN(Cc2ccccc2)C1=O,-5.79
3874,CC(C)C[C@H]1C(=O)N2CCC[C@@H]2C(=O)N(Cc2ccccc2)CC(=O)N[C@@H](Cc2ccccc2)C(=O)N2CCC[C@@H]2C(=O)N[C@@H](C)C(=O)N(C)[C@H](CC(C)C)C(=O)N1C,-5.34
3873,CC(C)C[C@H]1C(=O)N(Cc2ccccc2)CC(=O)N2CCC[C@@H]2C(=O)N(C)[C@H](CC(C)C)C(=O)N[C@@H](Cc2ccccc2)C(=O)N2CCC[C@@H]2C(=O)N[C@@H](C)C(=O)N1C,-6.43
3871,CC(C)C[C@@H]1NC(=O)[C@H](C)NC(=O)[C@H]2CCCN2C(=O)[C@H](Cc2ccccc2)NC(=O)[C@H](CC(C)C)N(C)C(=O)[C@H]2CCCN2C(=O)CN(Cc2ccccc2)C1=O,-6.12
3869,CC(C)C[C@@H]1NC(=O)[C@@H](CC(C)C)N(C)C(=O)[C@H](C)NC(=O)[C@H]2CCCN2C(=O)[C@H](Cc2ccccc2)NC(=O)CN(Cc2ccccc2)C(=O)[C@H]2CCCN2C1=O,-5.51
3867,CC(C)C[C@H]1C(=O)N(Cc2ccccc2)CC(=O)N2CCC[C@@H]2C(=O)N[C@H](CC(C)C)C(=O)N[C@@H](Cc2ccccc2)C(=O)N2CCC[C@@H]2C(=O)N[C@@H](C)C(=O)N1C,-6.15
3864,CC(C)C[C@H]1C(=O)N2CCC[C@@H]2C(=O)N(C)[C@@H](CC(C)C)C(=O)N[C@@H](Cc2ccccc2)C(=O)N2CCC[C@@H]2C(=O)N[C@@H](C)C(=O)N(C)[C@H](CC(C)C)C(=O)N1C,-4.93
3863,CC(C)C[C@H]1NC(=O)[C@H]2CCCN2C(=O)CN(Cc2ccccc2)C(=O)[C@@H](CC(C)C)N(C)C(=O)[C@H](C)NC(=O)[C@H]2CCCN2C(=O)[C@H](Cc2ccccc2)NC1=O,-5.86
3862,CC(C)C[C@H]1NC(=O)[C@H](C)NC(=O)[C@H]2CCCN2C(=O)[C@H](Cc2ccccc2)NC(=O)[C@@H](CC(C)C)N(C)C(=O)[C@H]2CCCN2C(=O)CN(Cc2ccccc2)C1=O,-5.62
3861,CC(C)C[C@H]1NC(=O)[C@H](C)NC(=O)[C@H]2CCCN2C(=O)[C@H](Cc2ccccc2)NC(=O)CN(Cc2ccccc2)C(=O)[C@H]2CCCN2C(=O)[C@@H](CC(C)C)N(C)C1=O,-6.16
3860,CC(C)C[C@H]1C(=O)N2CCC[C@@H]2C(=O)N(C)[C@H](CC(C)C)C(=O)N[C@@H](Cc2ccccc2)C(=O)N2CCC[C@@H]2C(=O)N[C@@H](C)C(=O)N(C)[C@H](CC(C)C)C(=O)N1C,-5.01
3859,CC(C)C[C@H]1C(=O)N[C@@H](Cc2ccccc2)C(=O)N2CCC[C@@H]2C(=O)N[C@@H](C)C(=O)N(C)[C@H](CC(C)C)C(=O)N(C)[C@H](CC(C)C)C(=O)N2CCC[C@@H]2C(=O)N1C,-4.79
3858,CC(C)C[C@@H]1C(=O)N(C)[C@H](CC(C)C)C(=O)N2CCC[C@@H]2C(=O)N(C)[C@H](CC(C)C)C(=O)N[C@@H](Cc2ccccc2)C(=O)N2CCC[C@@H]2C(=O)N[C@@H](C)C(=O)N1C,-6.07
3857,CC(C)C[C@@H]1NC(=O)[C@H](C)NC(=O)[C@H]2CCCN2C(=O)[C@H](Cc2ccccc2)NC(=O)CN(Cc2ccccc2)C(=O)[C@H]2CCCN2C(=O)[C@H](CC(C)C)NC1=O,-5.76
3856,CC(C)C[C@@H]1NC(=O)[C@H]2CCCN2C(=O)CN(Cc2ccccc2)C(=O)[C@H](CC(C)C)NC(=O)[C@H](C)NC(=O)[C@H]2CCCN2C(=O)[C@H](Cc2ccccc2)NC1=O,-6.22
3854,CC(C)C[C@@H]1NC(=O)[C@H](C)NC(=O)[C@H]2CCCN2C(=O)[C@H](Cc2ccccc2)NC(=O)[C@H](CC(C)C)N(C)C(=O)[C@H]2CCCN2C(=O)[C@H](CC(C)C)N(C)C1=O,-5.57
3853,CC(C)C[C@@H]1NC(=O)[C@@H](CC(C)C)NC(=O)[C@H](C)NC(=O)[C@H]2CCCN2C(=O)[C@H](Cc2ccccc2)NC(=O)CN(Cc2ccccc2)C(=O)[C@H]2CCCN2C1=O,-6.81
3850,CC(C)C[C@@H]1NC(=O)[C@H]2CCCN2C(=O)CN(Cc2ccccc2)C(=O)[C@@H](CC(C)C)NC(=O)[C@H](C)NC(=O)[C@H]2CCCN2C(=O)[C@H](Cc2ccccc2)NC1=O,-6.07
3849,CC(C)C[C@H]1C(=O)N2CCC[C@@H]2C(=O)N(C)[C@@H](CC(C)C)C(=O)N[C@@H](Cc2ccccc2)C(=O)N2CCC[C@@H]2C(=O)N[C@@H](C)C(=O)N[C@H](CC(C)C)C(=O)N1C,-5.73
3848,CC(C)C[C@@H]1NC(=O)[C@H](C)NC(=O)[C@H]2CCCN2C(=O)[C@H](Cc2ccccc2)NC(=O)[C@H](CC(C)C)N(C)C(=O)[C@H]2CCCN2C(=O)[C@@H](CC(C)C)N(C)C1=O,-6.24
3847,CC(C)C[C@@H]1NC(=O)[C@H]2CCCN2C(=O)[C@H](CC(C)C)N(C)C(=O)[C@@H](CC(C)C)N(C)C(=O)[C@H](C)NC(=O)[C@H]2CCCN2C(=O)[C@H](Cc2ccccc2)NC1=O,-6.17
3846,CC(C)C[C@H]1NC(=O)[C@H](C)NC(=O)[C@H]2CCCN2C(=O)[C@H](Cc2ccccc2)NC(=O)CN(Cc2ccccc2)C(=O)[C@H]2CCCN2C(=O)[C@@H](CC(C)C)NC1=O,-6.67
3845,CC(C)C[C@@H]1NC(=O)[C@@H](CC(C)C)N(C)C(=O)[C@H](C)NC(=O)[C@H]2CCCN2C(=O)[C@H](Cc2ccccc2)NC(=O)[C@@H](CC(C)C)N(C)C(=O)[C@H]2CCCN2C1=O,-4.92
3844,CC(C)C[C@@H]1NC(=O)[C@H]2CCCN2C(=O)[C@@H](CC(C)C)N(C)C(=O)[C@@H](CC(C)C)N(C)C(=O)[C@H](C)NC(=O)[C@H]2CCCN2C(=O)[C@H](Cc2ccccc2)NC1=O,-5.61
3843,CC(C)C[C@@H]1NC(=O)[C@H](C)NC(=O)[C@H]2CCCN2C(=O)[C@H](Cc2ccccc2)NC(=O)[C@@H](CC(C)C)N(C)C(=O)[C@H]2CCCN2C(=O)[C@@H](CC(C)C)N(C)C1=O,-5.98
3842,CC(C)C[C@H]1C(=O)N2CCC[C@@H]2C(=O)N(C)[C@H](CC(C)C)C(=O)N[C@@H](Cc2ccccc2)C(=O)N2CCC[C@@H]2C(=O)N[C@@H](C)C(=O)N[C@H](CC(C)C)C(=O)N1C,-5.73
3841,CC(C)C[C@H]1C(=O)N[C@@H](Cc2ccccc2)C(=O)N2CCC[C@@H]2C(=O)N[C@@H](C)C(=O)N(C)[C@H](CC(C)C)C(=O)N[C@H](CC(C)C)C(=O)N2CCC[C@@H]2C(=O)N1C,-5.55
3839,CC(C)C[C@H]1C(=O)N[C@@H](Cc2ccccc2)C(=O)N2CCC[C@@H]2C(=O)N[C@@H](C)C(=O)N[C@H](CC(C)C)C(=O)N(C)[C@H](CC(C)C)C(=O)N2CCC[C@@H]2C(=O)N1C,-5.75
3838,CC(C)C[C@H]1NC(=O)[C@@H](CC(C)C)N(C)C(=O)[C@H](C)NC(=O)[C@H]2CCCN2C(=O)[C@H](Cc2ccccc2)NC(=O)[C@@H](CC(C)C)N(C)C(=O)[C@H]2CCCN2C1=O,-5.31
3836,CC(C)C[C@@H]1NC(=O)[C@H](C)NC(=O)[C@H]2CCCN2C(=O)[C@H](Cc2ccccc2)NC(=O)[C@H](CC(C)C)N(C)C(=O)[C@H]2CCCN2C(=O)[C@H](CC(C)C)NC1=O,-5.83
3835,CC(C)C[C@@H]1NC(=O)[C@H]2CCCN2C(=O)[C@H](CC(C)C)N(C)C(=O)[C@H](CC(C)C)NC(=O)[C@H](C)NC(=O)[C@H]2CCCN2C(=O)[C@H](Cc2ccccc2)NC1=O,-6.6
3834,CC(C)C[C@@H]1NC(=O)[C@@H](CC(C)C)NC(=O)[C@H](C)NC(=O)[C@H]2CCCN2C(=O)[C@H](Cc2ccccc2)NC(=O)[C@H](CC(C)C)N(C)C(=O)[C@H]2CCCN2C1=O,-6.25
3833,CC(C)C[C@@H]1NC(=O)[C@H](C)NC(=O)[C@H]2CCCN2C(=O)[C@H](Cc2ccccc2)NC(=O)[C@@H](CC(C)C)N(C)C(=O)[C@H]2CCCN2C(=O)[C@H](CC(C)C)NC1=O,-5.96
3832,CC(C)C[C@@H]1NC(=O)[C@H](C)NC(=O)[C@H]2CCCN2C(=O)[C@H](Cc2ccccc2)NC(=O)[C@H](CC(C)C)N(C)C(=O)[C@H]2CCCN2C(=O)[C@@H](CC(C)C)NC1=O,-6.68
3831,CC(C)C[C@@H]1NC(=O)[C@H]2CCCN2C(=O)[C@@H](CC(C)C)NC(=O)[C@H](CC(C)C)N(C)C(=O)[C@H](C)NC(=O)[C@H]2CCCN2C(=O)[C@H](Cc2ccccc2)NC1=O,-6.06
3830,CC(C)C[C@@H]1NC(=O)[C@H]2CCCN2C(=O)[C@@H](CC(C)C)N(C)C(=O)[C@H](CC(C)C)NC(=O)[C@H](C)NC(=O)[C@H]2CCCN2C(=O)[C@H](Cc2ccccc2)NC1=O,-5.98
3829,CC(C)C[C@@H]1NC(=O)[C@H]2CCCN2C(=O)[C@H](CC(C)C)NC(=O)[C@@H](CC(C)C)N(C)C(=O)[C@H](C)NC(=O)[C@H]2CCCN2C(=O)[C@H](Cc2ccccc2)NC1=O,-5.69
3828,CC(C)C[C@@H]1NC(=O)[C@H]2CCCN2C(=O)[C@H](CC(C)C)N(C)C(=O)[C@@H](CC(C)C)NC(=O)[C@H](C)NC(=O)[C@H]2CCCN2C(=O)[C@H](Cc2ccccc2)NC1=O,-6.95
3827,CC(C)C[C@@H]1NC(=O)[C@@H](CC(C)C)NC(=O)[C@H](C)NC(=O)[C@H]2CCCN2C(=O)[C@H](Cc2ccccc2)NC(=O)[C@@H](CC(C)C)N(C)C(=O)[C@H]2CCCN2C1=O,-5.89
3826,CC(C)C[C@H]1C(=O)N[C@@H](Cc2ccccc2)C(=O)N2CCC[C@@H]2C(=O)N[C@@H](C)C(=O)N[C@H](CC(C)C)C(=O)N[C@H](CC(C)C)C(=O)N2CCC[C@@H]2C(=O)N1C,-6.54
3825,CC(C)C[C@@H]1NC(=O)[C@H](C)NC(=O)[C@H]2CCCN2C(=O)[C@H](Cc2ccccc2)NC(=O)[C@@H](CC(C)C)N(C)C(=O)[C@H]2CCCN2C(=O)[C@@H](CC(C)C)NC1=O,-6.6
3823,CC(C)C[C@H]1NC(=O)[C@H]2CCCN2C(=O)[C@@H](CC(C)C)NC(=O)[C@@H](CC(C)C)N(C)C(=O)[C@H](C)NC(=O)[C@H]2CCCN2C(=O)[C@H](Cc2ccccc2)NC1=O,-5.93
3822,CC(C)C[C@H]1NC(=O)[C@H](C)NC(=O)[C@H]2CCCN2C(=O)[C@H](Cc2ccccc2)NC(=O)[C@@H](CC(C)C)N(C)C(=O)[C@H]2CCCN2C(=O)[C@@H](CC(C)C)NC1=O,-6.51
3820,CC(C)C[C@@H]1NC(=O)[C@H](C)NC(=O)[C@H]2CCCN2C(=O)[C@H](Cc2ccccc2)NC(=O)[C@H](CC(C)C)NC(=O)[C@H]2CCCN2C(=O)[C@H](CC(C)C)NC1=O,-6.57
3819,CC(C)C[C@@H]1NC(=O)[C@H](C)NC(=O)[C@H]2CCCN2C(=O)[C@H](Cc2ccccc2)NC(=O)[C@@H](CC(C)C)NC(=O)[C@H]2CCCN2C(=O)[C@H](CC(C)C)NC1=O,-5.92
3816,CC(C)C[C@@H]1NC(=O)[C@@H](CC(C)C)NC(=O)[C@H](C)NC(=O)[C@H]2CCCN2C(=O)[C@H](Cc2ccccc2)NC(=O)[C@@H](CC(C)C)NC(=O)[C@H]2CCCN2C1=O,-6.37
3814,CC(C)C[C@H]1NC(=O)[C@H](C)NC(=O)[C@H]2CCCN2C(=O)[C@H](Cc2ccccc2)NC(=O)[C@@H](CC(C)C)NC(=O)[C@H]2CCCN2C(=O)[C@@H](CC(C)C)NC1=O,-6.76
3813,C[C@H]1NC(=O)[C@H]2CCCN2C(=O)[C@H](Cc2ccccc2)NC(=O)CN(Cc2ccccc2)C(=O)[C@@H]2CCCN2C(=O)CN(Cc2ccccc2)C(=O)CN(Cc2ccccc2)C1=O,-6.19
3810,CC(C)C[C@H]1C(=O)N[C@@H](Cc2ccccc2)C(=O)N2CCC[C@@H]2C(=O)N[C@H](C)C(=O)N(C)[C@@H](CC(C)C)C(=O)N[C@@H](Cc2ccccc2)CC(=O)N2CCC[C@H]2C(=O)N1C,-5.04
3808,CC(C)C[C@H]1C(=O)N[C@@H](Cc2ccccc2)C(=O)N2CCC[C@@H]2C(=O)N[C@H](C)C(=O)N(C)[C@H](CC(C)C)C(=O)N[C@@H](Cc2ccccc2)CC(=O)N2CCC[C@H]2C(=O)N1C,-5.04
3807,CC(C)C[C@H]1C(=O)N[C@@H](Cc2ccccc2)CC(=O)N2CCC[C@H]2C(=O)N(C)[C@H](CC(C)C)C(=O)N[C@@H](Cc2ccccc2)C(=O)N2CCC[C@@H]2C(=O)N[C@H](C)C(=O)N1C,-5.55
3806,CC(C)C[C@@H]1C(=O)N[C@@H](Cc2ccccc2)C(=O)N2CCC[C@@H]2C(=O)N[C@H](C)C(=O)N(C)[C@H](CC(C)C)C(=O)N[C@@H](Cc2ccccc2)CC(=O)N2CCC[C@H]2C(=O)N1C,-5.64
3805,CC(C)C[C@@H]1NC(=O)[C@@H](C)NC(=O)[C@H]2CCCN2C(=O)[C@H](Cc2ccccc2)NC(=O)CN(Cc2ccccc2)C(=O)[C@@H]2CCCN2C(=O)CN(Cc2ccccc2)C1=O,-5.49
3803,CC(C)C[C@@H]1NC(=O)[C@@H]2CCCN2C(=O)CN(Cc2ccccc2)C(=O)CN(Cc2ccccc2)C(=O)[C@@H](C)NC(=O)[C@H]2CCCN2C(=O)[C@H](Cc2ccccc2)NC1=O,-6.73
3802,CC(C)C[C@H]1C(=O)N[C@@H](Cc2ccccc2)C(=O)N2CCC[C@@H]2C(=O)N[C@H](C)C(=O)N(C)[C@@H](CC(C)C)C(=O)N(Cc2ccccc2)CC(=O)N2CCC[C@H]2C(=O)N1C,-6.04
3801,CC(C)C[C@H]1NC(=O)[C@@H](C)NC(=O)[C@H]2CCCN2C(=O)[C@H](Cc2ccccc2)NC(=O)CN(Cc2ccccc2)C(=O)[C@@H]2CCCN2C(=O)CN(Cc2ccccc2)C1=O,-6.54
3800,CC(C)C[C@H]1C(=O)N(Cc2ccccc2)CC(=O)N2CCC[C@H]2C(=O)N(C)[C@H](CC(C)C)C(=O)N[C@@H](Cc2ccccc2)C(=O)N2CCC[C@@H]2C(=O)N[C@H](C)C(=O)N1C,-6.38
3798,CC(C)C[C@H]1C(=O)N(C)[C@H](CC(C)C)C(=O)N2CCC[C@H]2C(=O)N(Cc2ccccc2)CC(=O)N[C@@H](Cc2ccccc2)C(=O)N2CCC[C@@H]2C(=O)N[C@H](C)C(=O)N1C,-5.91
3797,CC(C)C[C@H]1C(=O)N2CCC[C@H]2C(=O)N(Cc2ccccc2)CC(=O)N[C@@H](Cc2ccccc2)C(=O)N2CCC[C@@H]2C(=O)N[C@H](C)C(=O)N(C)[C@H](CC(C)C)C(=O)N1C,-5.79
3796,CC(C)C[C@H]1C(=O)N[C@@H](Cc2ccccc2)C(=O)N2CCC[C@@H]2C(=O)N[C@H](C)C(=O)N(C)[C@H](CC(C)C)C(=O)N(Cc2ccccc2)CC(=O)N2CCC[C@H]2C(=O)N1C,-5.82
3795,CC(C)C[C@@H]1NC(=O)[C@@H]2CCCN2C(=O)C[C@H](Cc2ccccc2)NC(=O)[C@@H](CC(C)C)N(C)C(=O)[C@@H](C)NC(=O)[C@H]2CCCN2C(=O)[C@H](Cc2ccccc2)NC1=O,-6.25
3794,CC(C)C[C@@H]1C(=O)N[C@@H](Cc2ccccc2)C(=O)N2CCC[C@@H]2C(=O)N[C@H](C)C(=O)N(C)[C@H](CC(C)C)C(=O)N(Cc2ccccc2)CC(=O)N2CCC[C@H]2C(=O)N1C,-5.45
3793,CC(C)C[C@H]1NC(=O)[C@@H](C)NC(=O)[C@H]2CCCN2C(=O)[C@H](Cc2ccccc2)NC(=O)[C@@H](CC(C)C)N(C)C(=O)[C@@H]2CCCN2C(=O)C[C@H](Cc2ccccc2)NC1=O,-6.36
3792,CC(C)C[C@@H]1NC(=O)[C@@H](C)NC(=O)[C@H]2CCCN2C(=O)[C@H](Cc2ccccc2)NC(=O)[C@H](CC(C)C)N(C)C(=O)[C@@H]2CCCN2C(=O)CN(Cc2ccccc2)C1=O,-5.9
3791,CC(C)C[C@@H]1NC(=O)[C@@H]2CCCN2C(=O)CN(Cc2ccccc2)C(=O)[C@H](CC(C)C)N(C)C(=O)[C@@H](C)NC(=O)[C@H]2CCCN2C(=O)[C@H](Cc2ccccc2)NC1=O,-6.23
3790,CC(C)C[C@@H]1NC(=O)[C@@H]2CCCN2C(=O)C[C@H](Cc2ccccc2)NC(=O)[C@H](CC(C)C)NC(=O)[C@@H](C)NC(=O)[C@H]2CCCN2C(=O)[C@H](Cc2ccccc2)NC1=O,-6.16
3789,CC(C)C[C@H]1C(=O)N(Cc2ccccc2)CC(=O)N2CCC[C@H]2C(=O)N[C@H](CC(C)C)C(=O)N[C@@H](Cc2ccccc2)C(=O)N2CCC[C@@H]2C(=O)N[C@H](C)C(=O)N1C,-5.26
3788,CC(C)C[C@@H]1NC(=O)[C@@H](C)NC(=O)[C@H]2CCCN2C(=O)[C@H](Cc2ccccc2)NC(=O)CN(Cc2ccccc2)C(=O)[C@@H]2CCCN2C(=O)[C@@H](CC(C)C)N(C)C1=O,-5.72
3787,CC(C)C[C@@H]1NC(=O)[C@@H](C)NC(=O)[C@H]2CCCN2C(=O)[C@H](Cc2ccccc2)NC(=O)[C@@H](CC(C)C)N(C)C(=O)[C@@H]2CCCN2C(=O)CN(Cc2ccccc2)C1=O,-5.75
3786,CC(C)C[C@@H]1NC(=O)[C@@H](CC(C)C)N(C)C(=O)[C@@H](C)NC(=O)[C@H]2CCCN2C(=O)[C@H](Cc2ccccc2)NC(=O)CN(Cc2ccccc2)C(=O)[C@@H]2CCCN2C1=O,-5.85
3785,CC(C)C[C@H]1C(=O)N[C@H](CC(C)C)C(=O)N2CCC[C@H]2C(=O)N(Cc2ccccc2)CC(=O)N[C@@H](Cc2ccccc2)C(=O)N2CCC[C@@H]2C(=O)N[C@H](C)C(=O)N1C,-6.02
3784,CC(C)C[C@H]1C(=O)N[C@@H](Cc2ccccc2)C(=O)N2CCC[C@@H]2C(=O)N[C@H](C)C(=O)N[C@H](CC(C)C)C(=O)N(Cc2ccccc2)CC(=O)N2CCC[C@H]2C(=O)N1C,-6.05
3783,CC(C)C[C@H]1C(=O)N2CCC[C@H]2C(=O)N(Cc2ccccc2)CC(=O)N[C@@H](Cc2ccccc2)C(=O)N2CCC[C@@H]2C(=O)N[C@H](C)C(=O)N[C@H](CC(C)C)C(=O)N1C,-6.18
3781,CC(C)C[C@@H]1NC(=O)[C@@H]2CCCN2C(=O)C[C@H](Cc2ccccc2)NC(=O)[C@@H](CC(C)C)NC(=O)[C@@H](C)NC(=O)[C@H]2CCCN2C(=O)[C@H](Cc2ccccc2)NC1=O,-6.99
3780,CC(C)C[C@H]1C(=O)N[C@@H](Cc2ccccc2)C(=O)N2CCC[C@@H]2C(=O)N[C@H](C)C(=O)N(C)[C@@H](CC(C)C)C(=O)N(C)[C@H](CC(C)C)C(=O)N2CCC[C@H]2C(=O)N1C,-5.23
3779,CC(C)C[C@H]1C(=O)N2CCC[C@H]2C(=O)N(C)[C@H](CC(C)C)C(=O)N[C@@H](Cc2ccccc2)C(=O)N2CCC[C@@H]2C(=O)N[C@H](C)C(=O)N(C)[C@@H](CC(C)C)C(=O)N1C,-5.5
3778,CC(C)C[C@H]1C(=O)N[C@@H](Cc2ccccc2)C(=O)N2CCC[C@@H]2C(=O)N[C@H](C)C(=O)N(C)[C@H](CC(C)C)C(=O)N(C)[C@@H](CC(C)C)C(=O)N2CCC[C@H]2C(=O)N1C,-5.3
3777,CC(C)C[C@H]1NC(=O)[C@@H]2CCCN2C(=O)CN(Cc2ccccc2)C(=O)[C@@H](CC(C)C)N(C)C(=O)[C@@H](C)NC(=O)[C@H]2CCCN2C(=O)[C@H](Cc2ccccc2)NC1=O,-5.49
3776,CC(C)C[C@H]1NC(=O)[C@@H](C)NC(=O)[C@H]2CCCN2C(=O)[C@H](Cc2ccccc2)NC(=O)[C@@H](CC(C)C)N(C)C(=O)[C@@H]2CCCN2C(=O)CN(Cc2ccccc2)C1=O,-6.21
3775,CC(C)C[C@H]1NC(=O)[C@@H](C)NC(=O)[C@H]2CCCN2C(=O)[C@H](Cc2ccccc2)NC(=O)CN(Cc2ccccc2)C(=O)[C@@H]2CCCN2C(=O)[C@@H](CC(C)C)N(C)C1=O,-6.42
3774,CC(C)C[C@H]1C(=O)N(C)[C@H](CC(C)C)C(=O)N2CCC[C@H]2C(=O)N(C)[C@H](CC(C)C)C(=O)N[C@@H](Cc2ccccc2)C(=O)N2CCC[C@@H]2C(=O)N[C@H](C)C(=O)N1C,-5.14
3773,CC(C)C[C@H]1C(=O)N2CCC[C@H]2C(=O)N(C)[C@H](CC(C)C)C(=O)N[C@@H](Cc2ccccc2)C(=O)N2CCC[C@@H]2C(=O)N[C@H](C)C(=O)N(C)[C@H](CC(C)C)C(=O)N1C,-5.13
3772,CC(C)C[C@@H]1NC(=O)[C@@H](C)NC(=O)[C@H]2CCCN2C(=O)[C@H](Cc2ccccc2)NC(=O)CN(Cc2ccccc2)C(=O)[C@@H]2CCCN2C(=O)[C@H](CC(C)C)NC1=O,-6.4
3771,CC(C)C[C@@H]1NC(=O)[C@H](CC(C)C)N(C)C(=O)[C@@H](C)NC(=O)[C@H]2CCCN2C(=O)[C@H](Cc2ccccc2)NC(=O)[C@H](CC(C)C)N(C)C(=O)[C@@H]2CCCN2C1=O,-5.72
3770,CC(C)C[C@@H]1NC(=O)[C@@H](C)NC(=O)[C@H]2CCCN2C(=O)[C@H](Cc2ccccc2)NC(=O)[C@H](CC(C)C)N(C)C(=O)[C@@H]2CCCN2C(=O)[C@H](CC(C)C)N(C)C1=O,-5.58
3769,CC(C)C[C@@H]1NC(=O)[C@@H]2CCCN2C(=O)[C@H](CC(C)C)N(C)C(=O)[C@H](CC(C)C)N(C)C(=O)[C@@H](C)NC(=O)[C@H]2CCCN2C(=O)[C@H](Cc2ccccc2)NC1=O,-5.61
3768,CC(C)C[C@@H]1NC(=O)[C@@H](C)NC(=O)[C@H]2CCCN2C(=O)[C@H](Cc2ccccc2)NC(=O)CN(Cc2ccccc2)C(=O)[C@@H]2CCCN2C(=O)[C@@H](CC(C)C)NC1=O,-6.25
3767,CC(C)C[C@@H]1NC(=O)[C@@H](CC(C)C)NC(=O)[C@@H](C)NC(=O)[C@H]2CCCN2C(=O)[C@H](Cc2ccccc2)NC(=O)CN(Cc2ccccc2)C(=O)[C@@H]2CCCN2C1=O,-6.61
3766,CC(C)C[C@@H]1NC(=O)[C@@H](C)NC(=O)[C@H]2CCCN2C(=O)[C@H](Cc2ccccc2)NC(=O)[C@@H](CC(C)C)NC(=O)[C@@H]2CCCN2C(=O)CN(Cc2ccccc2)C1=O,-6.69
3764,CC(C)C[C@@H]1NC(=O)[C@@H](C)NC(=O)[C@H]2CCCN2C(=O)[C@H](Cc2ccccc2)NC(=O)[C@H](CC(C)C)N(C)C(=O)[C@@H]2CCCN2C(=O)[C@@H](CC(C)C)N(C)C1=O,-5.61
3763,CC(C)C[C@@H]1NC(=O)[C@H](CC(C)C)N(C)C(=O)[C@@H](C)NC(=O)[C@H]2CCCN2C(=O)[C@H](Cc2ccccc2)NC(=O)[C@@H](CC(C)C)N(C)C(=O)[C@@H]2CCCN2C1=O,-5.38
3762,CC(C)C[C@H]1C(=O)N[C@@H](Cc2ccccc2)C(=O)N2CCC[C@@H]2C(=O)N[C@H](C)C(=O)N(C)[C@@H](CC(C)C)C(=O)N[C@H](CC(C)C)C(=O)N2CCC[C@H]2C(=O)N1C,-5.91
3761,CC(C)C[C@@H]1NC(=O)[C@@H](CC(C)C)N(C)C(=O)[C@@H](C)NC(=O)[C@H]2CCCN2C(=O)[C@H](Cc2ccccc2)NC(=O)[C@H](CC(C)C)N(C)C(=O)[C@@H]2CCCN2C1=O,-5.58
3760,CC(C)C[C@H]1C(=O)N[C@@H](Cc2ccccc2)C(=O)N2CCC[C@@H]2C(=O)N[C@H](C)C(=O)N[C@H](CC(C)C)C(=O)N(C)[C@@H](CC(C)C)C(=O)N2CCC[C@H]2C(=O)N1C,-5.78
3759,CC(C)C[C@@H]1NC(=O)[C@@H]2CCCN2C(=O)[C@@H](CC(C)C)N(C)C(=O)[C@H](CC(C)C)N(C)C(=O)[C@@H](C)NC(=O)[C@H]2CCCN2C(=O)[C@H](Cc2ccccc2)NC1=O,-5.87
3757,CC(C)C[C@H]1NC(=O)[C@@H](C)NC(=O)[C@H]2CCCN2C(=O)[C@H](Cc2ccccc2)NC(=O)CN(Cc2ccccc2)C(=O)[C@@H]2CCCN2C(=O)[C@@H](CC(C)C)NC1=O,-6.3
3756,CC(C)C[C@H]1NC(=O)[C@@H]2CCCN2C(=O)CN(Cc2ccccc2)C(=O)[C@@H](CC(C)C)NC(=O)[C@@H](C)NC(=O)[C@H]2CCCN2C(=O)[C@H](Cc2ccccc2)NC1=O,-7.35
3755,CC(C)C[C@H]1C(=O)N[C@H](CC(C)C)C(=O)N2CCC[C@H]2C(=O)N(C)[C@H](CC(C)C)C(=O)N[C@@H](Cc2ccccc2)C(=O)N2CCC[C@@H]2C(=O)N[C@H](C)C(=O)N1C,-5.11
3753,CC(C)C[C@@H]1NC(=O)[C@@H](CC(C)C)N(C)C(=O)[C@@H](C)NC(=O)[C@H]2CCCN2C(=O)[C@H](Cc2ccccc2)NC(=O)[C@@H](CC(C)C)N(C)C(=O)[C@@H]2CCCN2C1=O,-5.18
3752,CC(C)C[C@H]1C(=O)N2CCC[C@H]2C(=O)N(C)[C@H](CC(C)C)C(=O)N[C@@H](Cc2ccccc2)C(=O)N2CCC[C@@H]2C(=O)N[C@H](C)C(=O)N[C@H](CC(C)C)C(=O)N1C,-5.96
3751,CC(C)C[C@H]1C(=O)N[C@@H](Cc2ccccc2)C(=O)N2CCC[C@@H]2C(=O)N[C@H](C)C(=O)N(C)[C@H](CC(C)C)C(=O)N[C@H](CC(C)C)C(=O)N2CCC[C@H]2C(=O)N1C,-6.2
3750,CC(C)C[C@H]1C(=O)N2CCC[C@H]2C(=O)N[C@H](CC(C)C)C(=O)N[C@@H](Cc2ccccc2)C(=O)N2CCC[C@@H]2C(=O)N[C@H](C)C(=O)N(C)[C@H](CC(C)C)C(=O)N1C,-6.45
3749,CC(C)C[C@H]1C(=O)N[C@@H](Cc2ccccc2)C(=O)N2CCC[C@@H]2C(=O)N[C@H](C)C(=O)N[C@H](CC(C)C)C(=O)N(C)[C@H](CC(C)C)C(=O)N2CCC[C@H]2C(=O)N1C,-6.12
3748,CC(C)C[C@H]1NC(=O)[C@@H](CC(C)C)N(C)C(=O)[C@@H](C)NC(=O)[C@H]2CCCN2C(=O)[C@H](Cc2ccccc2)NC(=O)[C@@H](CC(C)C)N(C)C(=O)[C@@H]2CCCN2C1=O,-5.24
3747,CC(C)C[C@H]1NC(=O)[C@@H](C)NC(=O)[C@H]2CCCN2C(=O)[C@H](Cc2ccccc2)NC(=O)[C@@H](CC(C)C)N(C)C(=O)[C@@H]2CCCN2C(=O)[C@@H](CC(C)C)N(C)C1=O,-6.11
3746,CC(C)C[C@@H]1NC(=O)[C@@H](C)NC(=O)[C@H]2CCCN2C(=O)[C@H](Cc2ccccc2)NC(=O)[C@H](CC(C)C)N(C)C(=O)[C@@H]2CCCN2C(=O)[C@H](CC(C)C)NC1=O,-6.31
3745,CC(C)C[C@@H]1NC(=O)[C@@H]2CCCN2C(=O)[C@@H](CC(C)C)N(C)C(=O)[C@H](CC(C)C)NC(=O)[C@@H](C)NC(=O)[C@H]2CCCN2C(=O)[C@H](Cc2ccccc2)NC1=O,-5.9
3744,CC(C)C[C@@H]1NC(=O)[C@@H](C)NC(=O)[C@H]2CCCN2C(=O)[C@H](Cc2ccccc2)NC(=O)[C@@H](CC(C)C)N(C)C(=O)[C@@H]2CCCN2C(=O)[C@H](CC(C)C)NC1=O,-6.38
3743,CC(C)C[C@@H]1NC(=O)[C@@H](C)NC(=O)[C@H]2CCCN2C(=O)[C@H](Cc2ccccc2)NC(=O)[C@H](CC(C)C)N(C)C(=O)[C@@H]2CCCN2C(=O)[C@@H](CC(C)C)NC1=O,-6.54
3742,CC(C)C[C@@H]1NC(=O)[C@@H]2CCCN2C(=O)[C@H](CC(C)C)N(C)C(=O)[C@@H](CC(C)C)NC(=O)[C@@H](C)NC(=O)[C@H]2CCCN2C(=O)[C@H](Cc2ccccc2)NC1=O,-5.66
3740,CC(C)C[C@@H]1NC(=O)[C@@H](C)NC(=O)[C@H]2CCCN2C(=O)[C@H](Cc2ccccc2)NC(=O)[C@@H](CC(C)C)N(C)C(=O)[C@@H]2CCCN2C(=O)[C@@H](CC(C)C)NC1=O,-6.38
3739,CC(C)C[C@@H]1NC(=O)[C@@H](C)NC(=O)[C@H]2CCCN2C(=O)[C@H](Cc2ccccc2)NC(=O)[C@@H](CC(C)C)NC(=O)[C@@H]2CCCN2C(=O)[C@@H](CC(C)C)N(C)C1=O,-5.98
3738,CC(C)C[C@@H]1NC(=O)[C@@H](CC(C)C)NC(=O)[C@@H](C)NC(=O)[C@H]2CCCN2C(=O)[C@H](Cc2ccccc2)NC(=O)[C@@H](CC(C)C)N(C)C(=O)[C@@H]2CCCN2C1=O,-6.54
3737,CC(C)C[C@H]1C(=O)N[C@@H](Cc2ccccc2)C(=O)N2CCC[C@@H]2C(=O)N[C@H](C)C(=O)N[C@H](CC(C)C)C(=O)N[C@H](CC(C)C)C(=O)N2CCC[C@H]2C(=O)N1C,-6.43
3736,CC(C)C[C@H]1NC(=O)[C@@H](C)NC(=O)[C@H]2CCCN2C(=O)[C@H](Cc2ccccc2)NC(=O)[C@@H](CC(C)C)N(C)C(=O)[C@@H]2CCCN2C(=O)[C@@H](CC(C)C)NC1=O,-6.41
3735,CC(C)C[C@H]1NC(=O)[C@@H]2CCCN2C(=O)[C@@H](CC(C)C)N(C)C(=O)[C@@H](CC(C)C)NC(=O)[C@@H](C)NC(=O)[C@H]2CCCN2C(=O)[C@H](Cc2ccccc2)NC1=O,-6.28
3733,CC(C)C[C@@H]1NC(=O)[C@@H]2CCCN2C(=O)[C@@H](CC(C)C)NC(=O)[C@H](CC(C)C)NC(=O)[C@@H](C)NC(=O)[C@H]2CCCN2C(=O)[C@H](Cc2ccccc2)NC1=O,-5.9
3730,CC(C)C[C@@H]1NC(=O)[C@@H](C)NC(=O)[C@H]2CCCN2C(=O)[C@H](Cc2ccccc2)NC(=O)[C@@H](CC(C)C)NC(=O)[C@@H]2CCCN2C(=O)[C@@H](CC(C)C)NC1=O,-6.51
3727,C[C@@H]1NC(=O)[C@H]2CCCN2C(=O)[C@H](Cc2ccccc2)NC(=O)CN(Cc2ccccc2)C(=O)[C@@H]2CCCN2C(=O)CN(Cc2ccccc2)C(=O)CN(Cc2ccccc2)C1=O,-6.03
3723,CC(C)C[C@H]1C(=O)N(Cc2ccccc2)CC(=O)N2CCC[C@H]2C(=O)N(Cc2ccccc2)CC(=O)N[C@@H](Cc2ccccc2)C(=O)N2CCC[C@@H]2C(=O)N[C@@H](C)C(=O)N1C,-6.05
3722,CC(C)C[C@@H]1C(=O)N[C@@H](Cc2ccccc2)C(=O)N2CCC[C@@H]2C(=O)N[C@@H](C)C(=O)N(Cc2ccccc2)CC(=O)N(Cc2ccccc2)CC(=O)N2CCC[C@H]2C(=O)N1C,-6.3
3719,CC(C)C[C@H]1C(=O)N[C@@H](Cc2ccccc2)C(=O)N2CCC[C@@H]2C(=O)N[C@@H](C)C(=O)N(C)[C@H](CC(C)C)C(=O)N[C@@H](Cc2ccccc2)CC(=O)N2CCC[C@H]2C(=O)N1C,-5.94
3718,CC(C)C[C@H]1C(=O)N[C@@H](Cc2ccccc2)CC(=O)N2CCC[C@H]2C(=O)N(C)[C@H](CC(C)C)C(=O)N[C@@H](Cc2ccccc2)C(=O)N2CCC[C@@H]2C(=O)N[C@@H](C)C(=O)N1C,-5.65
3717,CC(C)C[C@@H]1C(=O)N[C@@H](Cc2ccccc2)CC(=O)N2CCC[C@H]2C(=O)N(C)[C@H](CC(C)C)C(=O)N[C@@H](Cc2ccccc2)C(=O)N2CCC[C@@H]2C(=O)N[C@@H](C)C(=O)N1C,-5.37
3716,CC(C)C[C@@H]1NC(=O)[C@@H]2CCCN2C(=O)CN(Cc2ccccc2)C(=O)CN(Cc2ccccc2)C(=O)[C@H](C)NC(=O)[C@H]2CCCN2C(=O)[C@H](Cc2ccccc2)NC1=O,-6.37
3715,CC(C)C[C@@H]1NC(=O)[C@H](C)NC(=O)[C@H]2CCCN2C(=O)[C@H](Cc2ccccc2)NC(=O)[C@H](CC(C)C)N(C)C(=O)[C@@H]2CCCN2C(=O)C[C@H](Cc2ccccc2)NC1=O,-5.82
3714,CC(C)C[C@H]1C(=O)N(C)[C@@H](CC(C)C)C(=O)N2CCC[C@H]2C(=O)N(Cc2ccccc2)CC(=O)N[C@@H](Cc2ccccc2)C(=O)N2CCC[C@@H]2C(=O)N[C@@H](C)C(=O)N1C,-5.81
3713,CC(C)C[C@@H]1NC(=O)[C@@H]2CCCN2C(=O)C[C@H](Cc2ccccc2)NC(=O)[C@H](CC(C)C)N(C)C(=O)[C@H](C)NC(=O)[C@H]2CCCN2C(=O)[C@H](Cc2ccccc2)NC1=O,-5.65
3712,CC(C)C[C@H]1NC(=O)[C@H](C)NC(=O)[C@H]2CCCN2C(=O)[C@H](Cc2ccccc2)NC(=O)CN(Cc2ccccc2)C(=O)[C@@H]2CCCN2C(=O)CN(Cc2ccccc2)C1=O,-5.66
3711,CC(C)C[C@H]1C(=O)N[C@@H](Cc2ccccc2)C(=O)N2CCC[C@@H]2C(=O)N[C@@H](C)C(=O)N(C)[C@H](CC(C)C)C(=O)N(Cc2ccccc2)CC(=O)N2CCC[C@H]2C(=O)N1C,-5.56
3710,CC(C)C[C@H]1C(=O)N(Cc2ccccc2)CC(=O)N2CCC[C@H]2C(=O)N(C)[C@H](CC(C)C)C(=O)N[C@@H](Cc2ccccc2)C(=O)N2CCC[C@@H]2C(=O)N[C@@H](C)C(=O)N1C,-6.03
3709,CC(C)C[C@@H]1C(=O)N(Cc2ccccc2)CC(=O)N2CCC[C@H]2C(=O)N(C)[C@H](CC(C)C)C(=O)N[C@@H](Cc2ccccc2)C(=O)N2CCC[C@@H]2C(=O)N[C@@H](C)C(=O)N1C,-5.81
3708,CC(C)C[C@H]1NC(=O)[C@@H]2CCCN2C(=O)C[C@H](Cc2ccccc2)NC(=O)[C@@H](CC(C)C)N(C)C(=O)[C@H](C)NC(=O)[C@H]2CCCN2C(=O)[C@H](Cc2ccccc2)NC1=O,-6.34
3707,CC(C)C[C@@H]1NC(=O)[C@H](C)NC(=O)[C@H]2CCCN2C(=O)[C@H](Cc2ccccc2)NC(=O)[C@H](CC(C)C)N(C)C(=O)[C@@H]2CCCN2C(=O)CN(Cc2ccccc2)C1=O,-5.93
3706,CC(C)C[C@@H]1NC(=O)[C@H](C)NC(=O)[C@H]2CCCN2C(=O)[C@H](Cc2ccccc2)NC(=O)[C@H](CC(C)C)NC(=O)[C@@H]2CCCN2C(=O)C[C@H](Cc2ccccc2)NC1=O,-5.94
3705,CC(C)C[C@@H]1NC(=O)[C@@H]2CCCN2C(=O)CN(Cc2ccccc2)C(=O)[C@@H](CC(C)C)N(C)C(=O)[C@H](C)NC(=O)[C@H]2CCCN2C(=O)[C@H](Cc2ccccc2)NC1=O,-5.79
3704,CC(C)C[C@H]1C(=O)N[C@H](CC(C)C)C(=O)N2CCC[C@H]2C(=O)N(Cc2ccccc2)CC(=O)N[C@@H](Cc2ccccc2)C(=O)N2CCC[C@@H]2C(=O)N[C@@H](C)C(=O)N1C,-5.6
3703,CC(C)C[C@H]1C(=O)N2CCC[C@H]2C(=O)N(Cc2ccccc2)CC(=O)N[C@@H](Cc2ccccc2)C(=O)N2CCC[C@@H]2C(=O)N[C@@H](C)C(=O)N[C@H](CC(C)C)C(=O)N1C,-6.02
3702,CC(C)C[C@H]1C(=O)N(Cc2ccccc2)CC(=O)N2CCC[C@H]2C(=O)N[C@H](CC(C)C)C(=O)N[C@@H](Cc2ccccc2)C(=O)N2CCC[C@@H]2C(=O)N[C@@H](C)C(=O)N1C,-6.04
3701,CC(C)C[C@@H]1NC(=O)[C@H](C)NC(=O)[C@H]2CCCN2C(=O)[C@H](Cc2ccccc2)NC(=O)[C@@H](CC(C)C)N(C)C(=O)[C@@H]2CCCN2C(=O)CN(Cc2ccccc2)C1=O,-6.31
3700,CC(C)C[C@@H]1NC(=O)[C@@H]2CCCN2C(=O)C[C@H](Cc2ccccc2)NC(=O)[C@@H](CC(C)C)NC(=O)[C@H](C)NC(=O)[C@H]2CCCN2C(=O)[C@H](Cc2ccccc2)NC1=O,-6.89
3699,CC(C)C[C@H]1C(=O)N(C)[C@H](CC(C)C)C(=O)N2CCC[C@H]2C(=O)N(C)[C@@H](CC(C)C)C(=O)N[C@@H](Cc2ccccc2)C(=O)N2CCC[C@@H]2C(=O)N[C@@H](C)C(=O)N1C,-5.19
3698,CC(C)C[C@H]1C(=O)N[C@@H](Cc2ccccc2)C(=O)N2CCC[C@@H]2C(=O)N[C@@H](C)C(=O)N(C)[C@H](CC(C)C)C(=O)N(C)[C@@H](CC(C)C)C(=O)N2CCC[C@H]2C(=O)N1C,-6.03
3697,CC(C)C[C@H]1C(=O)N(C)[C@@H](CC(C)C)C(=O)N2CCC[C@H]2C(=O)N(C)[C@H](CC(C)C)C(=O)N[C@@H](Cc2ccccc2)C(=O)N2CCC[C@@H]2C(=O)N[C@@H](C)C(=O)N1C,-6.06
3696,CC(C)C[C@H]1NC(=O)[C@H](C)NC(=O)[C@H]2CCCN2C(=O)[C@H](Cc2ccccc2)NC(=O)[C@@H](CC(C)C)N(C)C(=O)[C@@H]2CCCN2C(=O)CN(Cc2ccccc2)C1=O,-5.25
3695,CC(C)C[C@H]1NC(=O)[C@@H](CC(C)C)N(C)C(=O)[C@H](C)NC(=O)[C@H]2CCCN2C(=O)[C@H](Cc2ccccc2)NC(=O)CN(Cc2ccccc2)C(=O)[C@@H]2CCCN2C1=O,-5.75
3694,CC(C)C[C@H]1NC(=O)[C@H](C)NC(=O)[C@H]2CCCN2C(=O)[C@H](Cc2ccccc2)NC(=O)CN(Cc2ccccc2)C(=O)[C@@H]2CCCN2C(=O)[C@@H](CC(C)C)N(C)C1=O,-5.91
3693,CC(C)C[C@H]1C(=O)N2CCC[C@H]2C(=O)N(C)[C@H](CC(C)C)C(=O)N[C@@H](Cc2ccccc2)C(=O)N2CCC[C@@H]2C(=O)N[C@@H](C)C(=O)N(C)[C@H](CC(C)C)C(=O)N1C,-5.17
3692,CC(C)C[C@H]1C(=O)N(C)[C@H](CC(C)C)C(=O)N2CCC[C@H]2C(=O)N(C)[C@H](CC(C)C)C(=O)N[C@@H](Cc2ccccc2)C(=O)N2CCC[C@@H]2C(=O)N[C@@H](C)C(=O)N1C,-5.23
3691,CC(C)C[C@@H]1C(=O)N(C)[C@H](CC(C)C)C(=O)N2CCC[C@H]2C(=O)N(C)[C@H](CC(C)C)C(=O)N[C@@H](Cc2ccccc2)C(=O)N2CCC[C@@H]2C(=O)N[C@@H](C)C(=O)N1C,-5.58
3690,CC(C)C[C@@H]1NC(=O)[C@@H]2CCCN2C(=O)CN(Cc2ccccc2)C(=O)[C@H](CC(C)C)NC(=O)[C@H](C)NC(=O)[C@H]2CCCN2C(=O)[C@H](Cc2ccccc2)NC1=O,-6.17
3689,CC(C)C[C@@H]1NC(=O)[C@H](C)NC(=O)[C@H]2CCCN2C(=O)[C@H](Cc2ccccc2)NC(=O)CN(Cc2ccccc2)C(=O)[C@@H]2CCCN2C(=O)[C@@H](CC(C)C)NC1=O,-6.39
3688,CC(C)C[C@@H]1NC(=O)[C@@H](CC(C)C)NC(=O)[C@H](C)NC(=O)[C@H]2CCCN2C(=O)[C@H](Cc2ccccc2)NC(=O)CN(Cc2ccccc2)C(=O)[C@@H]2CCCN2C1=O,-6.68
3687,CC(C)C[C@@H]1NC(=O)[C@@H]2CCCN2C(=O)CN(Cc2ccccc2)C(=O)[C@@H](CC(C)C)NC(=O)[C@H](C)NC(=O)[C@H]2CCCN2C(=O)[C@H](Cc2ccccc2)NC1=O,-6.5
3686,CC(C)C[C@H]1C(=O)N[C@H](CC(C)C)C(=O)N2CCC[C@H]2C(=O)N(C)[C@@H](CC(C)C)C(=O)N[C@@H](Cc2ccccc2)C(=O)N2CCC[C@@H]2C(=O)N[C@@H](C)C(=O)N1C,-5.22
3685,CC(C)C[C@@H]1NC(=O)[C@@H](CC(C)C)N(C)C(=O)[C@H](C)NC(=O)[C@H]2CCCN2C(=O)[C@H](Cc2ccccc2)NC(=O)[C@H](CC(C)C)N(C)C(=O)[C@@H]2CCCN2C1=O,-5.36
3684,CC(C)C[C@@H]1NC(=O)[C@@H]2CCCN2C(=O)[C@H](CC(C)C)N(C)C(=O)[C@@H](CC(C)C)N(C)C(=O)[C@H](C)NC(=O)[C@H]2CCCN2C(=O)[C@H](Cc2ccccc2)NC1=O,-5.9
3683,CC(C)C[C@H]1C(=O)N[C@@H](Cc2ccccc2)C(=O)N2CCC[C@@H]2C(=O)N[C@@H](C)C(=O)N[C@H](CC(C)C)C(=O)N(C)[C@@H](CC(C)C)C(=O)N2CCC[C@H]2C(=O)N1C,-5.73
3682,CC(C)C[C@@H]1NC(=O)[C@H](C)NC(=O)[C@H]2CCCN2C(=O)[C@H](Cc2ccccc2)NC(=O)[C@@H](CC(C)C)N(C)C(=O)[C@@H]2CCCN2C(=O)[C@H](CC(C)C)N(C)C1=O,-6.17
3681,CC(C)C[C@@H]1NC(=O)[C@@H]2CCCN2C(=O)[C@@H](CC(C)C)N(C)C(=O)[C@H](CC(C)C)N(C)C(=O)[C@H](C)NC(=O)[C@H]2CCCN2C(=O)[C@H](Cc2ccccc2)NC1=O,-6.34
3680,CC(C)C[C@H]1NC(=O)[C@@H]2CCCN2C(=O)CN(Cc2ccccc2)C(=O)[C@@H](CC(C)C)NC(=O)[C@H](C)NC(=O)[C@H]2CCCN2C(=O)[C@H](Cc2ccccc2)NC1=O,-6.27
3679,CC(C)C[C@@H]1NC(=O)[C@H](C)NC(=O)[C@H]2CCCN2C(=O)[C@H](Cc2ccccc2)NC(=O)[C@@H](CC(C)C)N(C)C(=O)[C@@H]2CCCN2C(=O)[C@@H](CC(C)C)N(C)C1=O,-6.1
3678,CC(C)C[C@@H]1NC(=O)[C@@H](CC(C)C)N(C)C(=O)[C@H](C)NC(=O)[C@H]2CCCN2C(=O)[C@H](Cc2ccccc2)NC(=O)[C@@H](CC(C)C)N(C)C(=O)[C@@H]2CCCN2C1=O,-5.4
3676,CC(C)C[C@H]1NC(=O)[C@@H](CC(C)C)N(C)C(=O)[C@H](C)NC(=O)[C@H]2CCCN2C(=O)[C@H](Cc2ccccc2)NC(=O)[C@@H](CC(C)C)N(C)C(=O)[C@@H]2CCCN2C1=O,-5.74
3675,CC(C)C[C@H]1NC(=O)[C@@H]2CCCN2C(=O)[C@@H](CC(C)C)N(C)C(=O)[C@@H](CC(C)C)N(C)C(=O)[C@H](C)NC(=O)[C@H]2CCCN2C(=O)[C@H](Cc2ccccc2)NC1=O,-6.22
3674,CC(C)C[C@@H]1NC(=O)[C@@H]2CCCN2C(=O)[C@H](CC(C)C)N(C)C(=O)[C@H](CC(C)C)NC(=O)[C@H](C)NC(=O)[C@H]2CCCN2C(=O)[C@H](Cc2ccccc2)NC1=O,-6.21
3673,CC(C)C[C@@H]1NC(=O)[C@@H]2CCCN2C(=O)[C@H](CC(C)C)NC(=O)[C@H](CC(C)C)N(C)C(=O)[C@H](C)NC(=O)[C@H]2CCCN2C(=O)[C@H](Cc2ccccc2)NC1=O,-6.56
3672,CC(C)C[C@@H]1NC(=O)[C@@H]2CCCN2C(=O)[C@H](CC(C)C)NC(=O)[C@@H](CC(C)C)N(C)C(=O)[C@H](C)NC(=O)[C@H]2CCCN2C(=O)[C@H](Cc2ccccc2)NC1=O,-6.1
3671,CC(C)C[C@@H]1NC(=O)[C@H](C)NC(=O)[C@H]2CCCN2C(=O)[C@H](Cc2ccccc2)NC(=O)[C@@H](CC(C)C)N(C)C(=O)[C@@H]2CCCN2C(=O)[C@H](CC(C)C)NC1=O,-6.11
3670,CC(C)C[C@@H]1NC(=O)[C@@H]2CCCN2C(=O)[C@@H](CC(C)C)N(C)C(=O)[C@H](CC(C)C)NC(=O)[C@H](C)NC(=O)[C@H]2CCCN2C(=O)[C@H](Cc2ccccc2)NC1=O,-6.12
3669,CC(C)C[C@@H]1NC(=O)[C@@H](CC(C)C)NC(=O)[C@H](C)NC(=O)[C@H]2CCCN2C(=O)[C@H](Cc2ccccc2)NC(=O)[C@H](CC(C)C)N(C)C(=O)[C@@H]2CCCN2C1=O,-6.34
3668,CC(C)C[C@@H]1NC(=O)[C@@H](CC(C)C)NC(=O)[C@H](C)NC(=O)[C@H]2CCCN2C(=O)[C@H](Cc2ccccc2)NC(=O)[C@@H](CC(C)C)N(C)C(=O)[C@@H]2CCCN2C1=O,-6.28
3667,CC(C)C[C@@H]1NC(=O)[C@@H]2CCCN2C(=O)[C@@H](CC(C)C)NC(=O)[C@@H](CC(C)C)N(C)C(=O)[C@H](C)NC(=O)[C@H]2CCCN2C(=O)[C@H](Cc2ccccc2)NC1=O,-5.92
3666,CC(C)C[C@@H]1NC(=O)[C@@H](CC(C)C)N(C)C(=O)[C@H](C)NC(=O)[C@H]2CCCN2C(=O)[C@H](Cc2ccccc2)NC(=O)[C@@H](CC(C)C)NC(=O)[C@@H]2CCCN2C1=O,-6.08
3665,CC(C)C[C@H]1C(=O)N[C@@H](Cc2ccccc2)C(=O)N2CCC[C@@H]2C(=O)N[C@@H](C)C(=O)N[C@H](CC(C)C)C(=O)N[C@H](CC(C)C)C(=O)N2CCC[C@H]2C(=O)N1C,-6.29
3664,CC(C)C[C@@H]1NC(=O)[C@H](C)NC(=O)[C@H]2CCCN2C(=O)[C@H](Cc2ccccc2)NC(=O)[C@@H](CC(C)C)N(C)C(=O)[C@@H]2CCCN2C(=O)[C@@H](CC(C)C)NC1=O,-6.44
3663,CC(C)C[C@H]1C(=O)N[C@H](CC(C)C)C(=O)N2CCC[C@H]2C(=O)N[C@H](CC(C)C)C(=O)N[C@@H](Cc2ccccc2)C(=O)N2CCC[C@@H]2C(=O)N[C@@H](C)C(=O)N1C,-5.78
3661,CC(C)C[C@H]1NC(=O)[C@H](C)NC(=O)[C@H]2CCCN2C(=O)[C@H](Cc2ccccc2)NC(=O)[C@@H](CC(C)C)N(C)C(=O)[C@@H]2CCCN2C(=O)[C@@H](CC(C)C)NC1=O,-6.06
3660,CC(C)C[C@H]1NC(=O)[C@@H]2CCCN2C(=O)[C@@H](CC(C)C)NC(=O)[C@@H](CC(C)C)N(C)C(=O)[C@H](C)NC(=O)[C@H]2CCCN2C(=O)[C@H](Cc2ccccc2)NC1=O,-6.28
3659,CC(C)C[C@@H]1NC(=O)[C@H](C)NC(=O)[C@H]2CCCN2C(=O)[C@H](Cc2ccccc2)NC(=O)[C@H](CC(C)C)NC(=O)[C@@H]2CCCN2C(=O)[C@H](CC(C)C)NC1=O,-6.45
3658,CC(C)C[C@@H]1NC(=O)[C@H](C)NC(=O)[C@H]2CCCN2C(=O)[C@H](Cc2ccccc2)NC(=O)[C@H](CC(C)C)NC(=O)[C@@H]2CCCN2C(=O)[C@@H](CC(C)C)NC1=O,-6.26
3652,CC(C)C[C@H]1NC(=O)[C@H](C)NC(=O)[C@H]2CCCN2C(=O)[C@H](Cc2ccccc2)NC(=O)[C@@H](CC(C)C)NC(=O)[C@@H]2CCCN2C(=O)[C@@H](CC(C)C)NC1=O,-6.46
3651,CCCN1CC(=O)N(Cc2ccccc2)CC(=O)N(Cc2ccccc2)CC(=O)N2CCC[C@H]2C(=O)N(Cc2ccccc2)CC(=O)N[C@@H](Cc2ccccc2)C(=O)N2CCC[C@@H]2C1=O,-6.28
3647,CCCN1CC(=O)N(C)[C@@H](CC(C)C)C(=O)N[C@@H](Cc2ccccc2)CC(=O)N2CCC[C@H]2C(=O)N(C)[C@@H](CC(C)C)C(=O)N[C@@H](Cc2ccccc2)C(=O)N2CCC[C@@H]2C1=O,-5.12
3644,CCCN1CC(=O)N(C)[C@@H](CC(C)C)C(=O)N[C@@H](Cc2ccccc2)CC(=O)N2CCC[C@H]2C(=O)N(C)[C@H](CC(C)C)C(=O)N[C@@H](Cc2ccccc2)C(=O)N2CCC[C@@H]2C1=O,-5.77
3643,CCCN1CC(=O)N(C)[C@H](CC(C)C)C(=O)N[C@@H](Cc2ccccc2)CC(=O)N2CCC[C@H]2C(=O)N(C)[C@H](CC(C)C)C(=O)N[C@@H](Cc2ccccc2)C(=O)N2CCC[C@@H]2C1=O,-5.6
3642,CCCN1CC(=O)N[C@@H](CC(C)C)C(=O)N(Cc2ccccc2)CC(=O)N2CCC[C@H]2C(=O)N(Cc2ccccc2)CC(=O)N[C@@H](Cc2ccccc2)C(=O)N2CCC[C@@H]2C1=O,-5.62
3640,CCCN1CC(=O)N[C@@H](CC(C)C)C(=O)N[C@@H](Cc2ccccc2)CC(=O)N2CCC[C@H]2C(=O)N(C)[C@@H](CC(C)C)C(=O)N[C@@H](Cc2ccccc2)C(=O)N2CCC[C@@H]2C1=O,-5.26
3637,CCCN1CC(=O)N[C@H](CC(C)C)C(=O)N(Cc2ccccc2)CC(=O)N2CCC[C@H]2C(=O)N(Cc2ccccc2)CC(=O)N[C@@H](Cc2ccccc2)C(=O)N2CCC[C@@H]2C1=O,-5.84
3636,CCCN1CC(=O)N[C@@H](CC(C)C)C(=O)N[C@@H](Cc2ccccc2)CC(=O)N2CCC[C@H]2C(=O)N(C)[C@H](CC(C)C)C(=O)N[C@@H](Cc2ccccc2)C(=O)N2CCC[C@@H]2C1=O,-5.44
3635,CCCN1CC(=O)N(C)[C@H](CC(C)C)C(=O)N(Cc2ccccc2)CC(=O)N2CCC[C@H]2C(=O)N(C)[C@@H](CC(C)C)C(=O)N[C@@H](Cc2ccccc2)C(=O)N2CCC[C@@H]2C1=O,-5.09
3632,CCCN1CC(=O)N(C)[C@@H](CC(C)C)C(=O)N[C@@H](Cc2ccccc2)CC(=O)N2CCC[C@H]2C(=O)N[C@H](CC(C)C)C(=O)N[C@@H](Cc2ccccc2)C(=O)N2CCC[C@@H]2C1=O,-5.94
3630,CCCN1CC(=O)N[C@H](CC(C)C)C(=O)N[C@@H](Cc2ccccc2)CC(=O)N2CCC[C@H]2C(=O)N(C)[C@H](CC(C)C)C(=O)N[C@@H](Cc2ccccc2)C(=O)N2CCC[C@@H]2C1=O,-5.9
3629,CCCN1CC(=O)N(C)[C@H](CC(C)C)C(=O)N(C)[C@H](CC(C)C)C(=O)N2CCC[C@H]2C(=O)N(Cc2ccccc2)CC(=O)N[C@@H](Cc2ccccc2)C(=O)N2CCC[C@@H]2C1=O,-5.33
3628,CCCN1CC(=O)N[C@@H](CC(C)C)C(=O)N(C)[C@@H](CC(C)C)C(=O)N2CCC[C@H]2C(=O)N(Cc2ccccc2)CC(=O)N[C@@H](Cc2ccccc2)C(=O)N2CCC[C@@H]2C1=O,-5.2
3627,CCCN1CC(=O)N(Cc2ccccc2)CC(=O)N[C@@H](CC(C)C)C(=O)N2CCC[C@H]2C(=O)N(C)[C@@H](CC(C)C)C(=O)N[C@@H](Cc2ccccc2)C(=O)N2CCC[C@@H]2C1=O,-5.18
3625,CCCN1CC(=O)N[C@@H](CC(C)C)C(=O)N(C)[C@H](CC(C)C)C(=O)N2CCC[C@H]2C(=O)N(Cc2ccccc2)CC(=O)N[C@@H](Cc2ccccc2)C(=O)N2CCC[C@@H]2C1=O,-5.64
3623,CCCN1CC(=O)N(Cc2ccccc2)CC(=O)N[C@@H](CC(C)C)C(=O)N2CCC[C@H]2C(=O)N(C)[C@H](CC(C)C)C(=O)N[C@@H](Cc2ccccc2)C(=O)N2CCC[C@@H]2C1=O,-5.51
3622,CCCN1CC(=O)N[C@H](CC(C)C)C(=O)N(C)[C@@H](CC(C)C)C(=O)N2CCC[C@H]2C(=O)N(Cc2ccccc2)CC(=O)N[C@@H](Cc2ccccc2)C(=O)N2CCC[C@@H]2C1=O,-5.36
3621,CCCN1CC(=O)N(C)[C@@H](CC(C)C)C(=O)N[C@H](CC(C)C)C(=O)N2CCC[C@H]2C(=O)N(Cc2ccccc2)CC(=O)N[C@@H](Cc2ccccc2)C(=O)N2CCC[C@@H]2C1=O,-6.36
3620,CCCN1CC(=O)N(C)[C@H](CC(C)C)C(=O)N(C)[C@@H](CC(C)C)C(=O)N2CCC[C@H]2C(=O)N(C)[C@@H](CC(C)C)C(=O)N[C@@H](Cc2ccccc2)C(=O)N2CCC[C@@H]2C1=O,-4.96
3619,CCCN1CC(=O)N(Cc2ccccc2)CC(=O)N(C)[C@H](CC(C)C)C(=O)N2CCC[C@H]2C(=O)N[C@H](CC(C)C)C(=O)N[C@@H](Cc2ccccc2)C(=O)N2CCC[C@@H]2C1=O,-5.6
3617,CCCN1CC(=O)N(C)[C@H](CC(C)C)C(=O)N(C)[C@@H](CC(C)C)C(=O)N2CCC[C@H]2C(=O)N(C)[C@H](CC(C)C)C(=O)N[C@@H](Cc2ccccc2)C(=O)N2CCC[C@@H]2C1=O,-4.94
3616,CCCN1CC(=O)N(C)[C@@H](CC(C)C)C(=O)N(C)[C@H](CC(C)C)C(=O)N2CCC[C@H]2C(=O)N(C)[C@H](CC(C)C)C(=O)N[C@@H](Cc2ccccc2)C(=O)N2CCC[C@@H]2C1=O,-4.78
3615,CCCN1CC(=O)N(C)[C@H](CC(C)C)C(=O)N(C)[C@H](CC(C)C)C(=O)N2CCC[C@H]2C(=O)N(C)[C@H](CC(C)C)C(=O)N[C@@H](Cc2ccccc2)C(=O)N2CCC[C@@H]2C1=O,-5.11
3613,CCCN1CC(=O)N(Cc2ccccc2)CC(=O)N[C@@H](CC(C)C)C(=O)N2CCC[C@H]2C(=O)N[C@@H](CC(C)C)C(=O)N[C@@H](Cc2ccccc2)C(=O)N2CCC[C@@H]2C1=O,-6.22
3612,CCCN1CC(=O)N[C@@H](CC(C)C)C(=O)N(C)[C@@H](CC(C)C)C(=O)N2CCC[C@H]2C(=O)N(C)[C@@H](CC(C)C)C(=O)N[C@@H](Cc2ccccc2)C(=O)N2CCC[C@@H]2C1=O,-5.02
3611,CCCN1CC(=O)N[C@@H](CC(C)C)C(=O)N[C@H](CC(C)C)C(=O)N2CCC[C@H]2C(=O)N(Cc2ccccc2)CC(=O)N[C@@H](Cc2ccccc2)C(=O)N2CCC[C@@H]2C1=O,-5.69
3610,CCCN1CC(=O)N[C@H](CC(C)C)C(=O)N[C@@H](CC(C)C)C(=O)N2CCC[C@H]2C(=O)N(Cc2ccccc2)CC(=O)N[C@@H](Cc2ccccc2)C(=O)N2CCC[C@@H]2C1=O,-5.79
3609,CCCN1CC(=O)N(Cc2ccccc2)CC(=O)N[C@@H](CC(C)C)C(=O)N2CCC[C@H]2C(=O)N[C@H](CC(C)C)C(=O)N[C@@H](Cc2ccccc2)C(=O)N2CCC[C@@H]2C1=O,-6.14
3607,CCCN1CC(=O)N(C)[C@@H](CC(C)C)C(=O)N[C@@H](CC(C)C)C(=O)N2CCC[C@H]2C(=O)N(C)[C@H](CC(C)C)C(=O)N[C@@H](Cc2ccccc2)C(=O)N2CCC[C@@H]2C1=O,-5.17
3604,CCCN1CC(=O)N(C)[C@@H](CC(C)C)C(=O)N(C)[C@H](CC(C)C)C(=O)N2CCC[C@H]2C(=O)N[C@@H](CC(C)C)C(=O)N[C@@H](Cc2ccccc2)C(=O)N2CCC[C@@H]2C1=O,-5.96
3603,CCCN1CC(=O)N[C@H](CC(C)C)C(=O)N[C@H](CC(C)C)C(=O)N2CCC[C@H]2C(=O)N(Cc2ccccc2)CC(=O)N[C@@H](Cc2ccccc2)C(=O)N2CCC[C@@H]2C1=O,-5.98
3602,CCCN1CC(=O)N[C@H](CC(C)C)C(=O)N(Cc2ccccc2)CC(=O)N2CCC[C@H]2C(=O)N[C@H](CC(C)C)C(=O)N[C@@H](Cc2ccccc2)C(=O)N2CCC[C@@H]2C1=O,-5.97
3600,CCCN1CC(=O)N(C)[C@H](CC(C)C)C(=O)N[C@@H](CC(C)C)C(=O)N2CCC[C@H]2C(=O)N(C)[C@H](CC(C)C)C(=O)N[C@@H](Cc2ccccc2)C(=O)N2CCC[C@@H]2C1=O,-5.07
3599,CCCN1CC(=O)N[C@H](CC(C)C)C(=O)N(C)[C@@H](CC(C)C)C(=O)N2CCC[C@H]2C(=O)N(C)[C@H](CC(C)C)C(=O)N[C@@H](Cc2ccccc2)C(=O)N2CCC[C@@H]2C1=O,-5.2
3597,CCCN1CC(=O)N[C@H](CC(C)C)C(=O)N(C)[C@H](CC(C)C)C(=O)N2CCC[C@H]2C(=O)N(C)[C@H](CC(C)C)C(=O)N[C@@H](Cc2ccccc2)C(=O)N2CCC[C@@H]2C1=O,-4.99
3596,CCCN1CC(=O)N(C)[C@H](CC(C)C)C(=O)N(C)[C@H](CC(C)C)C(=O)N2CCC[C@H]2C(=O)N[C@H](CC(C)C)C(=O)N[C@@H](Cc2ccccc2)C(=O)N2CCC[C@@H]2C1=O,-5.81
3595,CCCN1CC(=O)N[C@@H](CC(C)C)C(=O)N(C)[C@@H](CC(C)C)C(=O)N2CCC[C@H]2C(=O)N[C@@H](CC(C)C)C(=O)N[C@@H](Cc2ccccc2)C(=O)N2CCC[C@@H]2C1=O,-5.33
3594,CCCN1CC(=O)N[C@@H](CC(C)C)C(=O)N[C@@H](CC(C)C)C(=O)N2CCC[C@H]2C(=O)N(C)[C@@H](CC(C)C)C(=O)N[C@@H](Cc2ccccc2)C(=O)N2CCC[C@@H]2C1=O,-5.68
3593,CCCN1CC(=O)N[C@@H](CC(C)C)C(=O)N[C@H](CC(C)C)C(=O)N2CCC[C@H]2C(=O)N(C)[C@@H](CC(C)C)C(=O)N[C@@H](Cc2ccccc2)C(=O)N2CCC[C@@H]2C1=O,-5.46
3592,CCCN1CC(=O)N[C@H](CC(C)C)C(=O)N[C@@H](CC(C)C)C(=O)N2CCC[C@H]2C(=O)N(C)[C@@H](CC(C)C)C(=O)N[C@@H](Cc2ccccc2)C(=O)N2CCC[C@@H]2C1=O,-5.2
3590,CCCN1CC(=O)N[C@@H](CC(C)C)C(=O)N(C)[C@@H](CC(C)C)C(=O)N2CCC[C@H]2C(=O)N[C@H](CC(C)C)C(=O)N[C@@H](Cc2ccccc2)C(=O)N2CCC[C@@H]2C1=O,-6.15
3589,CCCN1CC(=O)N(C)[C@@H](CC(C)C)C(=O)N[C@H](CC(C)C)C(=O)N2CCC[C@H]2C(=O)N[C@@H](CC(C)C)C(=O)N[C@@H](Cc2ccccc2)C(=O)N2CCC[C@@H]2C1=O,-6.69
3588,CCCN1CC(=O)N[C@@H](CC(C)C)C(=O)N(C)[C@H](CC(C)C)C(=O)N2CCC[C@H]2C(=O)N[C@H](CC(C)C)C(=O)N[C@@H](Cc2ccccc2)C(=O)N2CCC[C@@H]2C1=O,-5.43
3587,CCCN1CC(=O)N[C@H](CC(C)C)C(=O)N[C@@H](CC(C)C)C(=O)N2CCC[C@H]2C(=O)N(C)[C@H](CC(C)C)C(=O)N[C@@H](Cc2ccccc2)C(=O)N2CCC[C@@H]2C1=O,-5.63
3586,CCCN1CC(=O)N[C@H](CC(C)C)C(=O)N(C)[C@@H](CC(C)C)C(=O)N2CCC[C@H]2C(=O)N[C@H](CC(C)C)C(=O)N[C@@H](Cc2ccccc2)C(=O)N2CCC[C@@H]2C1=O,-5.67
3585,CCCN1CC(=O)N[C@H](CC(C)C)C(=O)N[C@H](CC(C)C)C(=O)N2CCC[C@H]2C(=O)N(C)[C@H](CC(C)C)C(=O)N[C@@H](Cc2ccccc2)C(=O)N2CCC[C@@H]2C1=O,-5.97
3582,CCCN1CC(=O)N[C@@H](CC(C)C)C(=O)N[C@@H](CC(C)C)C(=O)N2CCC[C@H]2C(=O)N[C@@H](CC(C)C)C(=O)N[C@@H](Cc2ccccc2)C(=O)N2CCC[C@@H]2C1=O,-5.82
3581,CCCN1CC(=O)N[C@@H](CC(C)C)C(=O)N[C@@H](CC(C)C)C(=O)N2CCC[C@H]2C(=O)N[C@H](CC(C)C)C(=O)N[C@@H](Cc2ccccc2)C(=O)N2CCC[C@@H]2C1=O,-6.09
3580,CCCN1CC(=O)N[C@H](CC(C)C)C(=O)N[C@@H](CC(C)C)C(=O)N2CCC[C@H]2C(=O)N[C@@H](CC(C)C)C(=O)N[C@@H](Cc2ccccc2)C(=O)N2CCC[C@@H]2C1=O,-6.05
3579,CCCN1CC(=O)N[C@@H](CC(C)C)C(=O)N[C@H](CC(C)C)C(=O)N2CCC[C@H]2C(=O)N[C@H](CC(C)C)C(=O)N[C@@H](Cc2ccccc2)C(=O)N2CCC[C@@H]2C1=O,-6.21
3578,CCCN1CC(=O)N[C@H](CC(C)C)C(=O)N[C@@H](CC(C)C)C(=O)N2CCC[C@H]2C(=O)N[C@H](CC(C)C)C(=O)N[C@@H](Cc2ccccc2)C(=O)N2CCC[C@@H]2C1=O,-6.26
3577,CCCN1CC(=O)N[C@H](CC(C)C)C(=O)N[C@H](CC(C)C)C(=O)N2CCC[C@H]2C(=O)N[C@H](CC(C)C)C(=O)N[C@@H](Cc2ccccc2)C(=O)N2CCC[C@@H]2C1=O,-6.56
3572,CC(C)C[C@H]1C(=O)N[C@@H](Cc2ccccc2)CC(=O)N2CCC[C@@H]2C(=O)N(C)[C@@H](CC(C)C)C(=O)N[C@@H](Cc2ccccc2)C(=O)N(C)[C@H](C)C(=O)N1C,-5.19
3568,CC(C)C[C@H]1C(=O)N[C@@H](Cc2ccccc2)CC(=O)N2CCC[C@@H]2C(=O)N(C)[C@H](CC(C)C)C(=O)N[C@@H](Cc2ccccc2)C(=O)N(C)[C@H](C)C(=O)N1C,-5.4
3567,CC(C)C[C@@H]1C(=O)N[C@@H](Cc2ccccc2)CC(=O)N2CCC[C@@H]2C(=O)N(C)[C@H](CC(C)C)C(=O)N[C@@H](Cc2ccccc2)C(=O)N(C)[C@H](C)C(=O)N1C,-5.58
3564,CC(C)C[C@H]1C(=O)N2CCC[C@@H]2C(=O)N(Cc2ccccc2)CC(=O)N[C@@H](Cc2ccccc2)C(=O)N(C)[C@H](C)C(=O)N(C)[C@H](CC(C)C)C(=O)N1C,-5.43
3563,CC(C)C[C@H]1C(=O)N[C@@H](Cc2ccccc2)C(=O)N(C)[C@H](C)C(=O)N(C)[C@H](CC(C)C)C(=O)N(Cc2ccccc2)CC(=O)N2CCC[C@@H]2C(=O)N1C,-5.09
3562,CC(C)C[C@H]1C(=O)N(Cc2ccccc2)CC(=O)N2CCC[C@@H]2C(=O)N(C)[C@H](CC(C)C)C(=O)N[C@@H](Cc2ccccc2)C(=O)N(C)[C@H](C)C(=O)N1C,-5.49
3561,CC(C)C[C@H]1NC(=O)[C@H]2CCCN2C(=O)C[C@H](Cc2ccccc2)NC(=O)[C@@H](CC(C)C)N(C)C(=O)[C@@H](C)N(C)C(=O)[C@H](Cc2ccccc2)NC1=O,-5.66
3560,CC(C)C[C@@H]1NC(=O)[C@H](CC(C)C)N(C)C(=O)[C@@H](C)N(C)C(=O)[C@H](Cc2ccccc2)NC(=O)CN(Cc2ccccc2)C(=O)[C@H]2CCCN2C1=O,-5.22
3559,CC(C)C[C@@H]1NC(=O)[C@@H](C)N(C)C(=O)[C@H](Cc2ccccc2)NC(=O)CN(Cc2ccccc2)C(=O)[C@H]2CCCN2C(=O)[C@H](CC(C)C)N(C)C1=O,-4.9
3558,CC(C)C[C@@H]1NC(=O)[C@@H](C)N(C)C(=O)[C@H](Cc2ccccc2)NC(=O)[C@H](CC(C)C)N(C)C(=O)[C@H]2CCCN2C(=O)CN(Cc2ccccc2)C1=O,-5.14
3557,CC(C)C[C@@H]1NC(=O)[C@@H](C)N(C)C(=O)[C@H](Cc2ccccc2)NC(=O)[C@H](CC(C)C)NC(=O)[C@H]2CCCN2C(=O)C[C@H](Cc2ccccc2)NC1=O,-6.17
3556,CC(C)C[C@H]1C(=O)N2CCC[C@@H]2C(=O)N(C)[C@@H](CC(C)C)C(=O)N[C@@H](Cc2ccccc2)C(=O)N(C)[C@H](C)C(=O)N(C)[C@@H](CC(C)C)C(=O)N1C,-4.81
3555,CC(C)C[C@@H]1NC(=O)[C@@H](CC(C)C)N(C)C(=O)[C@@H](C)N(C)C(=O)[C@H](Cc2ccccc2)NC(=O)CN(Cc2ccccc2)C(=O)[C@H]2CCCN2C1=O,-5.55
3554,CC(C)C[C@H]1C(=O)N(Cc2ccccc2)CC(=O)N2CCC[C@@H]2C(=O)N[C@H](CC(C)C)C(=O)N[C@@H](Cc2ccccc2)C(=O)N(C)[C@H](C)C(=O)N1C,-5.52
3553,CC(C)C[C@H]1C(=O)N2CCC[C@@H]2C(=O)N(Cc2ccccc2)CC(=O)N[C@@H](Cc2ccccc2)C(=O)N(C)[C@H](C)C(=O)N[C@H](CC(C)C)C(=O)N1C,-5.25
3552,CC(C)C[C@H]1C(=O)N[C@@H](Cc2ccccc2)C(=O)N(C)[C@H](C)C(=O)N[C@H](CC(C)C)C(=O)N(Cc2ccccc2)CC(=O)N2CCC[C@@H]2C(=O)N1C,-5.21
3551,CC(C)C[C@@H]1NC(=O)[C@@H](C)N(C)C(=O)[C@H](Cc2ccccc2)NC(=O)[C@@H](CC(C)C)N(C)C(=O)[C@H]2CCCN2C(=O)CN(Cc2ccccc2)C1=O,-5.21
3550,CC(C)C[C@@H]1NC(=O)[C@@H](C)N(C)C(=O)[C@H](Cc2ccccc2)NC(=O)CN(Cc2ccccc2)C(=O)[C@H]2CCCN2C(=O)[C@@H](CC(C)C)N(C)C1=O,-5.3
3549,CC(C)C[C@@H]1NC(=O)[C@H]2CCCN2C(=O)CN(Cc2ccccc2)C(=O)[C@@H](CC(C)C)N(C)C(=O)[C@@H](C)N(C)C(=O)[C@H](Cc2ccccc2)NC1=O,-5.95
3548,CC(C)C[C@@H]1NC(=O)[C@@H](C)N(C)C(=O)[C@H](Cc2ccccc2)NC(=O)[C@@H](CC(C)C)NC(=O)[C@H]2CCCN2C(=O)C[C@H](Cc2ccccc2)NC1=O,-6.33
3546,CC(C)C[C@H]1C(=O)N2CCC[C@@H]2C(=O)N(C)[C@@H](CC(C)C)C(=O)N[C@@H](Cc2ccccc2)C(=O)N(C)[C@H](C)C(=O)N(C)[C@H](CC(C)C)C(=O)N1C,-4.97
3545,CC(C)C[C@H]1C(=O)N(C)[C@H](CC(C)C)C(=O)N2CCC[C@@H]2C(=O)N(C)[C@@H](CC(C)C)C(=O)N[C@@H](Cc2ccccc2)C(=O)N(C)[C@H](C)C(=O)N1C,-4.87
3544,CC(C)C[C@H]1NC(=O)[C@H]2CCCN2C(=O)CN(Cc2ccccc2)C(=O)[C@@H](CC(C)C)N(C)C(=O)[C@@H](C)N(C)C(=O)[C@H](Cc2ccccc2)NC1=O,-5.26
3543,CC(C)C[C@H]1NC(=O)[C@@H](C)N(C)C(=O)[C@H](Cc2ccccc2)NC(=O)[C@@H](CC(C)C)N(C)C(=O)[C@H]2CCCN2C(=O)CN(Cc2ccccc2)C1=O,-5.09
3542,CC(C)C[C@H]1C(=O)N2CCC[C@@H]2C(=O)N(C)[C@H](CC(C)C)C(=O)N[C@@H](Cc2ccccc2)C(=O)N(C)[C@H](C)C(=O)N(C)[C@H](CC(C)C)C(=O)N1C,-5.06
3541,CC(C)C[C@H]1C(=O)N(C)[C@H](CC(C)C)C(=O)N2CCC[C@@H]2C(=O)N(C)[C@H](CC(C)C)C(=O)N[C@@H](Cc2ccccc2)C(=O)N(C)[C@H](C)C(=O)N1C,-4.9
3539,CC(C)C[C@@H]1NC(=O)[C@H]2CCCN2C(=O)CN(Cc2ccccc2)C(=O)[C@H](CC(C)C)NC(=O)[C@@H](C)N(C)C(=O)[C@H](Cc2ccccc2)NC1=O,-6.46
3538,CC(C)C[C@@H]1NC(=O)[C@H](CC(C)C)N(C)C(=O)[C@@H](C)N(C)C(=O)[C@H](Cc2ccccc2)NC(=O)[C@H](CC(C)C)N(C)C(=O)[C@H]2CCCN2C1=O,-4.85
3537,CC(C)C[C@@H]1NC(=O)[C@@H](C)N(C)C(=O)[C@H](Cc2ccccc2)NC(=O)[C@H](CC(C)C)N(C)C(=O)[C@H]2CCCN2C(=O)[C@H](CC(C)C)N(C)C1=O,-4.87
3536,CC(C)C[C@@H]1NC(=O)[C@H]2CCCN2C(=O)[C@H](CC(C)C)N(C)C(=O)[C@H](CC(C)C)N(C)C(=O)[C@@H](C)N(C)C(=O)[C@H](Cc2ccccc2)NC1=O,-5.47
3535,CC(C)C[C@@H]1NC(=O)[C@@H](C)N(C)C(=O)[C@H](Cc2ccccc2)NC(=O)CN(Cc2ccccc2)C(=O)[C@H]2CCCN2C(=O)[C@@H](CC(C)C)NC1=O,-5.69
3534,CC(C)C[C@@H]1NC(=O)[C@@H](CC(C)C)NC(=O)[C@@H](C)N(C)C(=O)[C@H](Cc2ccccc2)NC(=O)CN(Cc2ccccc2)C(=O)[C@H]2CCCN2C1=O,-5.28
3532,CC(C)C[C@@H]1NC(=O)[C@@H](CC(C)C)N(C)C(=O)[C@@H](C)N(C)C(=O)[C@H](Cc2ccccc2)NC(=O)[C@H](CC(C)C)N(C)C(=O)[C@H]2CCCN2C1=O,-5.04
3531,CC(C)C[C@@H]1NC(=O)[C@H](CC(C)C)N(C)C(=O)[C@@H](C)N(C)C(=O)[C@H](Cc2ccccc2)NC(=O)[C@@H](CC(C)C)N(C)C(=O)[C@H]2CCCN2C1=O,-4.89
3530,CC(C)C[C@@H]1NC(=O)[C@@H](C)N(C)C(=O)[C@H](Cc2ccccc2)NC(=O)[C@H](CC(C)C)N(C)C(=O)[C@H]2CCCN2C(=O)[C@@H](CC(C)C)N(C)C1=O,-4.82
3529,CC(C)C[C@H]1C(=O)N2CCC[C@@H]2C(=O)N(C)[C@@H](CC(C)C)C(=O)N[C@@H](Cc2ccccc2)C(=O)N(C)[C@H](C)C(=O)N[C@H](CC(C)C)C(=O)N1C,-4.91
3528,CC(C)C[C@@H]1NC(=O)[C@@H](C)N(C)C(=O)[C@H](Cc2ccccc2)NC(=O)[C@@H](CC(C)C)N(C)C(=O)[C@H]2CCCN2C(=O)[C@H](CC(C)C)N(C)C1=O,-4.84
3527,CC(C)C[C@H]1C(=O)N[C@H](CC(C)C)C(=O)N2CCC[C@@H]2C(=O)N(C)[C@@H](CC(C)C)C(=O)N[C@@H](Cc2ccccc2)C(=O)N(C)[C@H](C)C(=O)N1C,-4.96
3526,CC(C)C[C@@H]1NC(=O)[C@H]2CCCN2C(=O)[C@H](CC(C)C)N(C)C(=O)[C@@H](CC(C)C)N(C)C(=O)[C@@H](C)N(C)C(=O)[C@H](Cc2ccccc2)NC1=O,-5.55
3525,CC(C)C[C@H]1NC(=O)[C@@H](C)N(C)C(=O)[C@H](Cc2ccccc2)NC(=O)CN(Cc2ccccc2)C(=O)[C@H]2CCCN2C(=O)[C@@H](CC(C)C)NC1=O,-5.63
3523,CC(C)C[C@@H]1NC(=O)[C@@H](CC(C)C)N(C)C(=O)[C@@H](C)N(C)C(=O)[C@H](Cc2ccccc2)NC(=O)[C@@H](CC(C)C)N(C)C(=O)[C@H]2CCCN2C1=O,-5.06
3522,CC(C)C[C@H]1C(=O)N2CCC[C@@H]2C(=O)N[C@H](CC(C)C)C(=O)N[C@@H](Cc2ccccc2)C(=O)N(C)[C@H](C)C(=O)N(C)[C@H](CC(C)C)C(=O)N1C,-5.04
3521,CC(C)C[C@H]1C(=O)N(C)[C@H](CC(C)C)C(=O)N2CCC[C@@H]2C(=O)N[C@H](CC(C)C)C(=O)N[C@@H](Cc2ccccc2)C(=O)N(C)[C@H](C)C(=O)N1C,-5.09
3520,CC(C)C[C@H]1C(=O)N[C@H](CC(C)C)C(=O)N2CCC[C@@H]2C(=O)N(C)[C@H](CC(C)C)C(=O)N[C@@H](Cc2ccccc2)C(=O)N(C)[C@H](C)C(=O)N1C,-5.05
3519,CC(C)C[C@H]1C(=O)N[C@@H](Cc2ccccc2)C(=O)N(C)[C@H](C)C(=O)N[C@H](CC(C)C)C(=O)N(C)[C@H](CC(C)C)C(=O)N2CCC[C@@H]2C(=O)N1C,-4.95
3518,CC(C)C[C@@H]1NC(=O)[C@@H](C)N(C)C(=O)[C@H](Cc2ccccc2)NC(=O)[C@@H](CC(C)C)N(C)C(=O)[C@H]2CCCN2C(=O)[C@@H](CC(C)C)N(C)C1=O,-5.25
3517,CC(C)C[C@H]1NC(=O)[C@@H](CC(C)C)N(C)C(=O)[C@@H](C)N(C)C(=O)[C@H](Cc2ccccc2)NC(=O)[C@@H](CC(C)C)N(C)C(=O)[C@H]2CCCN2C1=O,-4.83
3516,CC(C)C[C@@H]1NC(=O)[C@@H](C)N(C)C(=O)[C@H](Cc2ccccc2)NC(=O)[C@H](CC(C)C)N(C)C(=O)[C@H]2CCCN2C(=O)[C@H](CC(C)C)NC1=O,-5.41
3515,CC(C)C[C@@H]1NC(=O)[C@H]2CCCN2C(=O)[C@H](CC(C)C)NC(=O)[C@H](CC(C)C)N(C)C(=O)[C@@H](C)N(C)C(=O)[C@H](Cc2ccccc2)NC1=O,-5.4
3514,CC(C)C[C@@H]1NC(=O)[C@H]2CCCN2C(=O)[C@H](CC(C)C)N(C)C(=O)[C@H](CC(C)C)NC(=O)[C@@H](C)N(C)C(=O)[C@H](Cc2ccccc2)NC1=O,-5.29
3513,CC(C)C[C@@H]1NC(=O)[C@H]2CCCN2C(=O)[C@H](CC(C)C)NC(=O)[C@@H](CC(C)C)N(C)C(=O)[C@@H](C)N(C)C(=O)[C@H](Cc2ccccc2)NC1=O,-5.1
3512,CC(C)C[C@@H]1NC(=O)[C@@H](CC(C)C)NC(=O)[C@@H](C)N(C)C(=O)[C@H](Cc2ccccc2)NC(=O)[C@H](CC(C)C)N(C)C(=O)[C@H]2CCCN2C1=O,-4.96
3511,CC(C)C[C@@H]1NC(=O)[C@@H](C)N(C)C(=O)[C@H](Cc2ccccc2)NC(=O)[C@@H](CC(C)C)N(C)C(=O)[C@H]2CCCN2C(=O)[C@H](CC(C)C)NC1=O,-5.46
3510,CC(C)C[C@@H]1NC(=O)[C@H]2CCCN2C(=O)[C@@H](CC(C)C)N(C)C(=O)[C@H](CC(C)C)NC(=O)[C@@H](C)N(C)C(=O)[C@H](Cc2ccccc2)NC1=O,-5.41
3509,CC(C)C[C@@H]1NC(=O)[C@H]2CCCN2C(=O)[C@H](CC(C)C)N(C)C(=O)[C@@H](CC(C)C)NC(=O)[C@@H](C)N(C)C(=O)[C@H](Cc2ccccc2)NC1=O,-5.53
3508,CC(C)C[C@@H]1NC(=O)[C@@H](C)N(C)C(=O)[C@H](Cc2ccccc2)NC(=O)[C@@H](CC(C)C)NC(=O)[C@H]2CCCN2C(=O)[C@H](CC(C)C)N(C)C1=O,-5.72
3507,CC(C)C[C@H]1C(=O)N2CCC[C@@H]2C(=O)N[C@H](CC(C)C)C(=O)N[C@@H](Cc2ccccc2)C(=O)N(C)[C@H](C)C(=O)N[C@H](CC(C)C)C(=O)N1C,-5.2
3506,CC(C)C[C@H]1C(=O)N[C@H](CC(C)C)C(=O)N2CCC[C@@H]2C(=O)N[C@H](CC(C)C)C(=O)N[C@@H](Cc2ccccc2)C(=O)N(C)[C@H](C)C(=O)N1C,-5.18
3505,CC(C)C[C@@H]1NC(=O)[C@@H](CC(C)C)N(C)C(=O)[C@@H](C)N(C)C(=O)[C@H](Cc2ccccc2)NC(=O)[C@@H](CC(C)C)NC(=O)[C@H]2CCCN2C1=O,-5.51
3504,CC(C)C[C@@H]1NC(=O)[C@@H](CC(C)C)NC(=O)[C@@H](C)N(C)C(=O)[C@H](Cc2ccccc2)NC(=O)[C@@H](CC(C)C)N(C)C(=O)[C@H]2CCCN2C1=O,-5.18
3503,CC(C)C[C@@H]1NC(=O)[C@@H](C)N(C)C(=O)[C@H](Cc2ccccc2)NC(=O)[C@@H](CC(C)C)NC(=O)[C@H]2CCCN2C(=O)[C@@H](CC(C)C)N(C)C1=O,-5.25
3502,CC(C)C[C@H]1C(=O)N[C@@H](Cc2ccccc2)C(=O)N(C)[C@H](C)C(=O)N[C@H](CC(C)C)C(=O)N[C@H](CC(C)C)C(=O)N2CCC[C@@H]2C(=O)N1C,-5.76
3501,CC(C)C[C@@H]1NC(=O)[C@@H](C)N(C)C(=O)[C@H](Cc2ccccc2)NC(=O)[C@@H](CC(C)C)N(C)C(=O)[C@H]2CCCN2C(=O)[C@@H](CC(C)C)NC1=O,-5.52
3500,CC(C)C[C@H]1NC(=O)[C@H]2CCCN2C(=O)[C@@H](CC(C)C)NC(=O)[C@@H](CC(C)C)N(C)C(=O)[C@@H](C)N(C)C(=O)[C@H](Cc2ccccc2)NC1=O,-5.86
3499,CC(C)C[C@H]1NC(=O)[C@@H](C)N(C)C(=O)[C@H](Cc2ccccc2)NC(=O)[C@@H](CC(C)C)N(C)C(=O)[C@H]2CCCN2C(=O)[C@@H](CC(C)C)NC1=O,-5.97
3498,CC(C)C[C@@H]1NC(=O)[C@@H](C)N(C)C(=O)[C@H](Cc2ccccc2)NC(=O)[C@H](CC(C)C)NC(=O)[C@H]2CCCN2C(=O)[C@H](CC(C)C)NC1=O,-7.2
3497,CC(C)C[C@@H]1NC(=O)[C@@H](C)N(C)C(=O)[C@H](Cc2ccccc2)NC(=O)[C@@H](CC(C)C)NC(=O)[C@H]2CCCN2C(=O)[C@H](CC(C)C)NC1=O,-6.41
3496,CC(C)C[C@@H]1NC(=O)[C@H]2CCCN2C(=O)[C@H](CC(C)C)NC(=O)[C@@H](CC(C)C)NC(=O)[C@@H](C)N(C)C(=O)[C@H](Cc2ccccc2)NC1=O,-6.12
3495,CC(C)C[C@@H]1NC(=O)[C@@H](C)N(C)C(=O)[C@H](Cc2ccccc2)NC(=O)[C@H](CC(C)C)NC(=O)[C@H]2CCCN2C(=O)[C@@H](CC(C)C)NC1=O,-6.39
3494,CC(C)C[C@@H]1NC(=O)[C@@H](CC(C)C)NC(=O)[C@@H](C)N(C)C(=O)[C@H](Cc2ccccc2)NC(=O)[C@@H](CC(C)C)NC(=O)[C@H]2CCCN2C1=O,-5.26
3493,CC(C)C[C@@H]1NC(=O)[C@@H](C)N(C)C(=O)[C@H](Cc2ccccc2)NC(=O)[C@@H](CC(C)C)NC(=O)[C@H]2CCCN2C(=O)[C@@H](CC(C)C)NC1=O,-6.13
3492,CC(C)C[C@@H]1NC(=O)[C@H]2CCCN2C(=O)[C@@H](CC(C)C)NC(=O)[C@@H](CC(C)C)NC(=O)[C@@H](C)N(C)C(=O)[C@H](Cc2ccccc2)NC1=O,-6.55
3491,CC(C)C[C@H]1NC(=O)[C@@H](C)N(C)C(=O)[C@H](Cc2ccccc2)NC(=O)[C@@H](CC(C)C)NC(=O)[C@H]2CCCN2C(=O)[C@@H](CC(C)C)NC1=O,-5.23
3485,CC(C)C[C@H]1C(=O)N[C@@H](Cc2ccccc2)CC(=O)N2CCC[C@@H]2C(=O)N(C)[C@@H](CC(C)C)C(=O)N[C@@H](Cc2ccccc2)C(=O)N(C)[C@@H](C)C(=O)N1C,-5.22
3481,CC(C)C[C@@H]1C(=O)N[C@@H](Cc2ccccc2)CC(=O)N2CCC[C@@H]2C(=O)N(C)[C@H](CC(C)C)C(=O)N[C@@H](Cc2ccccc2)C(=O)N(C)[C@@H](C)C(=O)N1C,-5.19
3477,CC(C)C[C@H]1C(=O)N2CCC[C@@H]2C(=O)N(Cc2ccccc2)CC(=O)N[C@@H](Cc2ccccc2)C(=O)N(C)[C@@H](C)C(=O)N(C)[C@H](CC(C)C)C(=O)N1C,-5.22
3476,CC(C)C[C@H]1C(=O)N[C@@H](Cc2ccccc2)C(=O)N(C)[C@@H](C)C(=O)N(C)[C@H](CC(C)C)C(=O)N(Cc2ccccc2)CC(=O)N2CCC[C@@H]2C(=O)N1C,-4.99
3475,CC(C)C[C@H]1C(=O)N[C@@H](Cc2ccccc2)C(=O)N(C)[C@@H](C)C(=O)N[C@H](CC(C)C)C(=O)N[C@@H](Cc2ccccc2)CC(=O)N2CCC[C@@H]2C(=O)N1C,-5.17
3474,CC(C)C[C@H]1C(=O)N(Cc2ccccc2)CC(=O)N2CCC[C@@H]2C(=O)N(C)[C@H](CC(C)C)C(=O)N[C@@H](Cc2ccccc2)C(=O)N(C)[C@@H](C)C(=O)N1C,-5.44
3473,CC(C)C[C@H]1C(=O)N[C@@H](Cc2ccccc2)CC(=O)N2CCC[C@@H]2C(=O)N[C@H](CC(C)C)C(=O)N[C@@H](Cc2ccccc2)C(=O)N(C)[C@@H](C)C(=O)N1C,-5.6
3471,CC(C)C[C@@H]1C(=O)N(Cc2ccccc2)CC(=O)N2CCC[C@@H]2C(=O)N(C)[C@H](CC(C)C)C(=O)N[C@@H](Cc2ccccc2)C(=O)N(C)[C@@H](C)C(=O)N1C,-5.18
3470,CC(C)C[C@H]1NC(=O)[C@H](C)N(C)C(=O)[C@H](Cc2ccccc2)NC(=O)[C@@H](CC(C)C)N(C)C(=O)[C@H]2CCCN2C(=O)C[C@H](Cc2ccccc2)NC1=O,-5.53
3469,CC(C)C[C@H]1NC(=O)[C@H]2CCCN2C(=O)C[C@H](Cc2ccccc2)NC(=O)[C@@H](CC(C)C)N(C)C(=O)[C@H](C)N(C)C(=O)[C@H](Cc2ccccc2)NC1=O,-5.75
3468,CC(C)C[C@@H]1NC(=O)[C@H](CC(C)C)N(C)C(=O)[C@H](C)N(C)C(=O)[C@H](Cc2ccccc2)NC(=O)CN(Cc2ccccc2)C(=O)[C@H]2CCCN2C1=O,-5.23
3467,CC(C)C[C@@H]1NC(=O)[C@H](C)N(C)C(=O)[C@H](Cc2ccccc2)NC(=O)[C@H](CC(C)C)N(C)C(=O)[C@H]2CCCN2C(=O)CN(Cc2ccccc2)C1=O,-5.56
3466,CC(C)C[C@@H]1NC(=O)[C@H](C)N(C)C(=O)[C@H](Cc2ccccc2)NC(=O)CN(Cc2ccccc2)C(=O)[C@H]2CCCN2C(=O)[C@H](CC(C)C)N(C)C1=O,-5.31
3464,CC(C)C[C@@H]1NC(=O)[C@@H](CC(C)C)N(C)C(=O)[C@H](C)N(C)C(=O)[C@H](Cc2ccccc2)NC(=O)CN(Cc2ccccc2)C(=O)[C@H]2CCCN2C1=O,-5.19
3463,CC(C)C[C@H]1C(=O)N[C@@H](Cc2ccccc2)C(=O)N(C)[C@@H](C)C(=O)N[C@H](CC(C)C)C(=O)N(Cc2ccccc2)CC(=O)N2CCC[C@@H]2C(=O)N1C,-5.11
3462,CC(C)C[C@@H]1NC(=O)[C@H]2CCCN2C(=O)CN(Cc2ccccc2)C(=O)[C@@H](CC(C)C)N(C)C(=O)[C@H](C)N(C)C(=O)[C@H](Cc2ccccc2)NC1=O,-5.61
3461,CC(C)C[C@@H]1NC(=O)[C@H](C)N(C)C(=O)[C@H](Cc2ccccc2)NC(=O)[C@@H](CC(C)C)N(C)C(=O)[C@H]2CCCN2C(=O)CN(Cc2ccccc2)C1=O,-5.68
3460,CC(C)C[C@H]1C(=O)N[C@H](CC(C)C)C(=O)N2CCC[C@@H]2C(=O)N(Cc2ccccc2)CC(=O)N[C@@H](Cc2ccccc2)C(=O)N(C)[C@@H](C)C(=O)N1C,-5.7
3459,CC(C)C[C@@H]1NC(=O)[C@H]2CCCN2C(=O)C[C@H](Cc2ccccc2)NC(=O)[C@@H](CC(C)C)NC(=O)[C@H](C)N(C)C(=O)[C@H](Cc2ccccc2)NC1=O,-5.95
3458,CC(C)C[C@@H]1NC(=O)[C@H](C)N(C)C(=O)[C@H](Cc2ccccc2)NC(=O)[C@@H](CC(C)C)NC(=O)[C@H]2CCCN2C(=O)C[C@H](Cc2ccccc2)NC1=O,-6.12
3457,CC(C)C[C@H]1C(=O)N2CCC[C@@H]2C(=O)N(C)[C@@H](CC(C)C)C(=O)N[C@@H](Cc2ccccc2)C(=O)N(C)[C@@H](C)C(=O)N(C)[C@H](CC(C)C)C(=O)N1C,-4.91
3456,CC(C)C[C@H]1NC(=O)[C@H](C)N(C)C(=O)[C@H](Cc2ccccc2)NC(=O)[C@@H](CC(C)C)N(C)C(=O)[C@H]2CCCN2C(=O)CN(Cc2ccccc2)C1=O,-5.35
3455,CC(C)C[C@H]1NC(=O)[C@H](C)N(C)C(=O)[C@H](Cc2ccccc2)NC(=O)CN(Cc2ccccc2)C(=O)[C@H]2CCCN2C(=O)[C@@H](CC(C)C)N(C)C1=O,-5.2
3454,CC(C)C[C@H]1C(=O)N2CCC[C@@H]2C(=O)N(C)[C@H](CC(C)C)C(=O)N[C@@H](Cc2ccccc2)C(=O)N(C)[C@@H](C)C(=O)N(C)[C@H](CC(C)C)C(=O)N1C,-5.02
3453,CC(C)C[C@H]1C(=O)N(C)[C@H](CC(C)C)C(=O)N2CCC[C@@H]2C(=O)N(C)[C@H](CC(C)C)C(=O)N[C@@H](Cc2ccccc2)C(=O)N(C)[C@@H](C)C(=O)N1C,-4.84
3452,CC(C)C[C@@H]1C(=O)N(C)[C@H](CC(C)C)C(=O)N2CCC[C@@H]2C(=O)N(C)[C@H](CC(C)C)C(=O)N[C@@H](Cc2ccccc2)C(=O)N(C)[C@@H](C)C(=O)N1C,-4.84
3449,CC(C)C[C@@H]1NC(=O)[C@H](CC(C)C)N(C)C(=O)[C@H](C)N(C)C(=O)[C@H](Cc2ccccc2)NC(=O)[C@H](CC(C)C)N(C)C(=O)[C@H]2CCCN2C1=O,-4.92
3448,CC(C)C[C@@H]1NC(=O)[C@@H](CC(C)C)NC(=O)[C@H](C)N(C)C(=O)[C@H](Cc2ccccc2)NC(=O)CN(Cc2ccccc2)C(=O)[C@H]2CCCN2C1=O,-5.79
3447,CC(C)C[C@@H]1NC(=O)[C@H](C)N(C)C(=O)[C@H](Cc2ccccc2)NC(=O)CN(Cc2ccccc2)C(=O)[C@H]2CCCN2C(=O)[C@@H](CC(C)C)NC1=O,-6.08
3446,CC(C)C[C@@H]1NC(=O)[C@@H](CC(C)C)N(C)C(=O)[C@H](C)N(C)C(=O)[C@H](Cc2ccccc2)NC(=O)[C@H](CC(C)C)N(C)C(=O)[C@H]2CCCN2C1=O,-4.87
3445,CC(C)C[C@H]1C(=O)N2CCC[C@@H]2C(=O)N(C)[C@@H](CC(C)C)C(=O)N[C@@H](Cc2ccccc2)C(=O)N(C)[C@@H](C)C(=O)N[C@H](CC(C)C)C(=O)N1C,-4.96
3444,CC(C)C[C@@H]1NC(=O)[C@H](CC(C)C)N(C)C(=O)[C@H](C)N(C)C(=O)[C@H](Cc2ccccc2)NC(=O)[C@@H](CC(C)C)N(C)C(=O)[C@H]2CCCN2C1=O,-4.92
3443,CC(C)C[C@@H]1NC(=O)[C@H]2CCCN2C(=O)[C@H](CC(C)C)N(C)C(=O)[C@@H](CC(C)C)N(C)C(=O)[C@H](C)N(C)C(=O)[C@H](Cc2ccccc2)NC1=O,-5.26
3442,CC(C)C[C@H]1C(=O)N[C@H](CC(C)C)C(=O)N2CCC[C@@H]2C(=O)N(C)[C@@H](CC(C)C)C(=O)N[C@@H](Cc2ccccc2)C(=O)N(C)[C@@H](C)C(=O)N1C,-5.08
3441,CC(C)C[C@H]1NC(=O)[C@H]2CCCN2C(=O)CN(Cc2ccccc2)C(=O)[C@@H](CC(C)C)NC(=O)[C@H](C)N(C)C(=O)[C@H](Cc2ccccc2)NC1=O,-5.2
3440,CC(C)C[C@H]1NC(=O)[C@H](C)N(C)C(=O)[C@H](Cc2ccccc2)NC(=O)CN(Cc2ccccc2)C(=O)[C@H]2CCCN2C(=O)[C@@H](CC(C)C)NC1=O,-6.02
3439,CC(C)C[C@H]1C(=O)N[C@@H](Cc2ccccc2)C(=O)N(C)[C@@H](C)C(=O)N(C)[C@H](CC(C)C)C(=O)N[C@H](CC(C)C)C(=O)N2CCC[C@@H]2C(=O)N1C,-4.86
3438,CC(C)C[C@H]1C(=O)N2CCC[C@@H]2C(=O)N[C@H](CC(C)C)C(=O)N[C@@H](Cc2ccccc2)C(=O)N(C)[C@@H](C)C(=O)N(C)[C@H](CC(C)C)C(=O)N1C,-5.37
3437,CC(C)C[C@H]1C(=O)N[C@@H](Cc2ccccc2)C(=O)N(C)[C@@H](C)C(=O)N[C@H](CC(C)C)C(=O)N(C)[C@H](CC(C)C)C(=O)N2CCC[C@@H]2C(=O)N1C,-5.15
3436,CC(C)C[C@H]1NC(=O)[C@@H](CC(C)C)N(C)C(=O)[C@H](C)N(C)C(=O)[C@H](Cc2ccccc2)NC(=O)[C@@H](CC(C)C)N(C)C(=O)[C@H]2CCCN2C1=O,-5.19
3435,CC(C)C[C@@H]1NC(=O)[C@H]2CCCN2C(=O)[C@H](CC(C)C)N(C)C(=O)[C@H](CC(C)C)NC(=O)[C@H](C)N(C)C(=O)[C@H](Cc2ccccc2)NC1=O,-5.04
3434,CC(C)C[C@@H]1NC(=O)[C@H](C)N(C)C(=O)[C@H](Cc2ccccc2)NC(=O)[C@H](CC(C)C)N(C)C(=O)[C@H]2CCCN2C(=O)[C@H](CC(C)C)NC1=O,-5.43
3433,CC(C)C[C@@H]1NC(=O)[C@H]2CCCN2C(=O)[C@H](CC(C)C)NC(=O)[C@H](CC(C)C)N(C)C(=O)[C@H](C)N(C)C(=O)[C@H](Cc2ccccc2)NC1=O,-5.29
3432,CC(C)C[C@@H]1NC(=O)[C@@H](CC(C)C)NC(=O)[C@H](C)N(C)C(=O)[C@H](Cc2ccccc2)NC(=O)[C@H](CC(C)C)N(C)C(=O)[C@H]2CCCN2C1=O,-4.89
3431,CC(C)C[C@@H]1NC(=O)[C@H](C)N(C)C(=O)[C@H](Cc2ccccc2)NC(=O)[C@@H](CC(C)C)N(C)C(=O)[C@H]2CCCN2C(=O)[C@H](CC(C)C)NC1=O,-5.43
3430,CC(C)C[C@@H]1NC(=O)[C@H]2CCCN2C(=O)[C@H](CC(C)C)N(C)C(=O)[C@@H](CC(C)C)NC(=O)[C@H](C)N(C)C(=O)[C@H](Cc2ccccc2)NC1=O,-5.49
3429,CC(C)C[C@@H]1NC(=O)[C@H](CC(C)C)N(C)C(=O)[C@H](C)N(C)C(=O)[C@H](Cc2ccccc2)NC(=O)[C@@H](CC(C)C)NC(=O)[C@H]2CCCN2C1=O,-5.34
3428,CC(C)C[C@@H]1NC(=O)[C@H](C)N(C)C(=O)[C@H](Cc2ccccc2)NC(=O)[C@@H](CC(C)C)NC(=O)[C@H]2CCCN2C(=O)[C@H](CC(C)C)N(C)C1=O,-6.19
3427,CC(C)C[C@@H]1NC(=O)[C@H]2CCCN2C(=O)[C@@H](CC(C)C)NC(=O)[C@H](CC(C)C)N(C)C(=O)[C@H](C)N(C)C(=O)[C@H](Cc2ccccc2)NC1=O,-5.88
3426,CC(C)C[C@H]1C(=O)N2CCC[C@@H]2C(=O)N[C@H](CC(C)C)C(=O)N[C@@H](Cc2ccccc2)C(=O)N(C)[C@@H](C)C(=O)N[C@H](CC(C)C)C(=O)N1C,-5.05
3425,CC(C)C[C@@H]1NC(=O)[C@@H](CC(C)C)NC(=O)[C@H](C)N(C)C(=O)[C@H](Cc2ccccc2)NC(=O)[C@@H](CC(C)C)N(C)C(=O)[C@H]2CCCN2C1=O,-5.06
3424,CC(C)C[C@@H]1NC(=O)[C@@H](CC(C)C)N(C)C(=O)[C@H](C)N(C)C(=O)[C@H](Cc2ccccc2)NC(=O)[C@@H](CC(C)C)NC(=O)[C@H]2CCCN2C1=O,-5.51
3423,CC(C)C[C@H]1C(=O)N[C@@H](Cc2ccccc2)C(=O)N(C)[C@@H](C)C(=O)N[C@H](CC(C)C)C(=O)N[C@H](CC(C)C)C(=O)N2CCC[C@@H]2C(=O)N1C,-6.18
3422,CC(C)C[C@@H]1NC(=O)[C@H]2CCCN2C(=O)[C@@H](CC(C)C)NC(=O)[C@@H](CC(C)C)N(C)C(=O)[C@H](C)N(C)C(=O)[C@H](Cc2ccccc2)NC1=O,-5.59
3421,CC(C)C[C@@H]1NC(=O)[C@H]2CCCN2C(=O)[C@@H](CC(C)C)N(C)C(=O)[C@@H](CC(C)C)NC(=O)[C@H](C)N(C)C(=O)[C@H](Cc2ccccc2)NC1=O,-5.71
3420,CC(C)C[C@H]1NC(=O)[C@H]2CCCN2C(=O)[C@@H](CC(C)C)N(C)C(=O)[C@@H](CC(C)C)NC(=O)[C@H](C)N(C)C(=O)[C@H](Cc2ccccc2)NC1=O,-4.99
3419,CC(C)C[C@H]1NC(=O)[C@H]2CCCN2C(=O)[C@@H](CC(C)C)NC(=O)[C@@H](CC(C)C)N(C)C(=O)[C@H](C)N(C)C(=O)[C@H](Cc2ccccc2)NC1=O,-5.7
3417,CC(C)C[C@@H]1NC(=O)[C@H](C)N(C)C(=O)[C@H](Cc2ccccc2)NC(=O)[C@H](CC(C)C)NC(=O)[C@H]2CCCN2C(=O)[C@H](CC(C)C)NC1=O,-6.68
3416,CC(C)C[C@@H]1NC(=O)[C@H]2CCCN2C(=O)[C@H](CC(C)C)NC(=O)[C@@H](CC(C)C)NC(=O)[C@H](C)N(C)C(=O)[C@H](Cc2ccccc2)NC1=O,-6.01
3415,CC(C)C[C@@H]1NC(=O)[C@H](C)N(C)C(=O)[C@H](Cc2ccccc2)NC(=O)[C@@H](CC(C)C)NC(=O)[C@H]2CCCN2C(=O)[C@H](CC(C)C)NC1=O,-6.06
3414,CC(C)C[C@@H]1NC(=O)[C@@H](CC(C)C)NC(=O)[C@H](C)N(C)C(=O)[C@H](Cc2ccccc2)NC(=O)[C@@H](CC(C)C)NC(=O)[C@H]2CCCN2C1=O,-5.15
3412,CC(C)C[C@@H]1NC(=O)[C@H]2CCCN2C(=O)[C@@H](CC(C)C)NC(=O)[C@@H](CC(C)C)NC(=O)[C@H](C)N(C)C(=O)[C@H](Cc2ccccc2)NC1=O,-6.11
3411,CC(C)C[C@H]1NC(=O)[C@H](C)N(C)C(=O)[C@H](Cc2ccccc2)NC(=O)[C@@H](CC(C)C)NC(=O)[C@H]2CCCN2C(=O)[C@@H](CC(C)C)NC1=O,-5.06
3404,CC(C)C[C@H]1C(=O)N[C@@H](Cc2ccccc2)C(=O)N(C)[C@H](C)C(=O)N(C)[C@@H](CC(C)C)C(=O)N[C@@H](Cc2ccccc2)CC(=O)N2CCC[C@H]2C(=O)N1C,-5.1
3401,CC(C)C[C@H]1C(=O)N[C@@H](Cc2ccccc2)C(=O)N(C)[C@H](C)C(=O)N(C)[C@H](CC(C)C)C(=O)N[C@@H](Cc2ccccc2)CC(=O)N2CCC[C@H]2C(=O)N1C,-5.22
3399,CC(C)C[C@H]1C(=O)N[C@@H](Cc2ccccc2)C(=O)N(C)[C@H](C)C(=O)N(C)[C@@H](CC(C)C)C(=O)N(Cc2ccccc2)CC(=O)N2CCC[C@H]2C(=O)N1C,-4.94
3397,CC(C)C[C@H]1C(=O)N2CCC[C@H]2C(=O)N(Cc2ccccc2)CC(=O)N[C@@H](Cc2ccccc2)C(=O)N(C)[C@H](C)C(=O)N(C)[C@@H](CC(C)C)C(=O)N1C,-4.85
3395,CC(C)C[C@H]1C(=O)N2CCC[C@H]2C(=O)N(Cc2ccccc2)CC(=O)N[C@@H](Cc2ccccc2)C(=O)N(C)[C@H](C)C(=O)N(C)[C@H](CC(C)C)C(=O)N1C,-4.94
3394,CC(C)C[C@@H]1NC(=O)[C@@H]2CCCN2C(=O)C[C@H](Cc2ccccc2)NC(=O)[C@@H](CC(C)C)N(C)C(=O)[C@@H](C)N(C)C(=O)[C@H](Cc2ccccc2)NC1=O,-5.42
3393,CC(C)C[C@H]1C(=O)N(Cc2ccccc2)CC(=O)N2CCC[C@H]2C(=O)N(C)[C@H](CC(C)C)C(=O)N[C@@H](Cc2ccccc2)C(=O)N(C)[C@H](C)C(=O)N1C,-5.3
3392,CC(C)C[C@H]1C(=O)N[C@@H](Cc2ccccc2)C(=O)N(C)[C@H](C)C(=O)N[C@H](CC(C)C)C(=O)N[C@@H](Cc2ccccc2)CC(=O)N2CCC[C@H]2C(=O)N1C,-5.51
3391,CC(C)C[C@@H]1C(=O)N[C@@H](Cc2ccccc2)C(=O)N(C)[C@H](C)C(=O)N(C)[C@H](CC(C)C)C(=O)N(Cc2ccccc2)CC(=O)N2CCC[C@H]2C(=O)N1C,-5.01
3389,CC(C)C[C@H]1NC(=O)[C@@H]2CCCN2C(=O)C[C@H](Cc2ccccc2)NC(=O)[C@@H](CC(C)C)N(C)C(=O)[C@@H](C)N(C)C(=O)[C@H](Cc2ccccc2)NC1=O,-5.29
3388,CC(C)C[C@H]1NC(=O)[C@@H](C)N(C)C(=O)[C@H](Cc2ccccc2)NC(=O)[C@@H](CC(C)C)N(C)C(=O)[C@@H]2CCCN2C(=O)C[C@H](Cc2ccccc2)NC1=O,-5.66
3387,CC(C)C[C@@H]1NC(=O)[C@H](CC(C)C)N(C)C(=O)[C@@H](C)N(C)C(=O)[C@H](Cc2ccccc2)NC(=O)CN(Cc2ccccc2)C(=O)[C@@H]2CCCN2C1=O,-4.93
3386,CC(C)C[C@@H]1NC(=O)[C@@H](C)N(C)C(=O)[C@H](Cc2ccccc2)NC(=O)[C@H](CC(C)C)N(C)C(=O)[C@@H]2CCCN2C(=O)CN(Cc2ccccc2)C1=O,-5.07
3385,CC(C)C[C@@H]1NC(=O)[C@@H](C)N(C)C(=O)[C@H](Cc2ccccc2)NC(=O)CN(Cc2ccccc2)C(=O)[C@@H]2CCCN2C(=O)[C@H](CC(C)C)N(C)C1=O,-5.07
3384,CC(C)C[C@@H]1NC(=O)[C@@H]2CCCN2C(=O)C[C@H](Cc2ccccc2)NC(=O)[C@H](CC(C)C)NC(=O)[C@@H](C)N(C)C(=O)[C@H](Cc2ccccc2)NC1=O,-5.96
3383,CC(C)C[C@H]1C(=O)N2CCC[C@H]2C(=O)N(C)[C@@H](CC(C)C)C(=O)N[C@@H](Cc2ccccc2)C(=O)N(C)[C@H](C)C(=O)N(C)[C@@H](CC(C)C)C(=O)N1C,-4.77
3382,CC(C)C[C@@H]1NC(=O)[C@@H](CC(C)C)N(C)C(=O)[C@@H](C)N(C)C(=O)[C@H](Cc2ccccc2)NC(=O)CN(Cc2ccccc2)C(=O)[C@@H]2CCCN2C1=O,-4.73
3381,CC(C)C[C@@H]1NC(=O)[C@@H](C)N(C)C(=O)[C@H](Cc2ccccc2)NC(=O)CN(Cc2ccccc2)C(=O)[C@@H]2CCCN2C(=O)[C@@H](CC(C)C)N(C)C1=O,-5.14
3380,CC(C)C[C@@H]1NC(=O)[C@@H](C)N(C)C(=O)[C@H](Cc2ccccc2)NC(=O)[C@@H](CC(C)C)N(C)C(=O)[C@@H]2CCCN2C(=O)CN(Cc2ccccc2)C1=O,-5.09
3379,CC(C)C[C@H]1C(=O)N[C@H](CC(C)C)C(=O)N2CCC[C@H]2C(=O)N(Cc2ccccc2)CC(=O)N[C@@H](Cc2ccccc2)C(=O)N(C)[C@H](C)C(=O)N1C,-5.26
3378,CC(C)C[C@@H]1NC(=O)[C@@H]2CCCN2C(=O)C[C@H](Cc2ccccc2)NC(=O)[C@@H](CC(C)C)NC(=O)[C@@H](C)N(C)C(=O)[C@H](Cc2ccccc2)NC1=O,-5.89
3377,CC(C)C[C@H]1C(=O)N[C@@H](Cc2ccccc2)C(=O)N(C)[C@H](C)C(=O)N(C)[C@@H](CC(C)C)C(=O)N(C)[C@H](CC(C)C)C(=O)N2CCC[C@H]2C(=O)N1C,-4.85
3376,CC(C)C[C@H]1C(=O)N[C@@H](Cc2ccccc2)C(=O)N(C)[C@H](C)C(=O)N(C)[C@H](CC(C)C)C(=O)N(C)[C@@H](CC(C)C)C(=O)N2CCC[C@H]2C(=O)N1C,-4.77
3375,CC(C)C[C@H]1NC(=O)[C@@H](CC(C)C)N(C)C(=O)[C@@H](C)N(C)C(=O)[C@H](Cc2ccccc2)NC(=O)CN(Cc2ccccc2)C(=O)[C@@H]2CCCN2C1=O,-4.94
3374,CC(C)C[C@H]1NC(=O)[C@@H]2CCCN2C(=O)C[C@H](Cc2ccccc2)NC(=O)[C@@H](CC(C)C)NC(=O)[C@@H](C)N(C)C(=O)[C@H](Cc2ccccc2)NC1=O,-5.26
3373,CC(C)C[C@H]1NC(=O)[C@@H](C)N(C)C(=O)[C@H](Cc2ccccc2)NC(=O)[C@@H](CC(C)C)N(C)C(=O)[C@@H]2CCCN2C(=O)CN(Cc2ccccc2)C1=O,-5.3
3372,CC(C)C[C@H]1NC(=O)[C@@H](C)N(C)C(=O)[C@H](Cc2ccccc2)NC(=O)CN(Cc2ccccc2)C(=O)[C@@H]2CCCN2C(=O)[C@@H](CC(C)C)N(C)C1=O,-5.13
3371,CC(C)C[C@H]1NC(=O)[C@@H]2CCCN2C(=O)CN(Cc2ccccc2)C(=O)[C@@H](CC(C)C)N(C)C(=O)[C@@H](C)N(C)C(=O)[C@H](Cc2ccccc2)NC1=O,-6.22
3370,CC(C)C[C@H]1C(=O)N(C)[C@H](CC(C)C)C(=O)N2CCC[C@H]2C(=O)N(C)[C@H](CC(C)C)C(=O)N[C@@H](Cc2ccccc2)C(=O)N(C)[C@H](C)C(=O)N1C,-4.76
3369,CC(C)C[C@H]1C(=O)N2CCC[C@H]2C(=O)N(C)[C@H](CC(C)C)C(=O)N[C@@H](Cc2ccccc2)C(=O)N(C)[C@H](C)C(=O)N(C)[C@H](CC(C)C)C(=O)N1C,-4.8
3368,CC(C)C[C@@H]1NC(=O)[C@@H]2CCCN2C(=O)CN(Cc2ccccc2)C(=O)[C@H](CC(C)C)NC(=O)[C@@H](C)N(C)C(=O)[C@H](Cc2ccccc2)NC1=O,-5.22
3367,CC(C)C[C@@H]1NC(=O)[C@@H](C)N(C)C(=O)[C@H](Cc2ccccc2)NC(=O)CN(Cc2ccccc2)C(=O)[C@@H]2CCCN2C(=O)[C@H](CC(C)C)NC1=O,-5.77
3365,CC(C)C[C@@H]1NC(=O)[C@H](CC(C)C)N(C)C(=O)[C@@H](C)N(C)C(=O)[C@H](Cc2ccccc2)NC(=O)[C@H](CC(C)C)N(C)C(=O)[C@@H]2CCCN2C1=O,-4.77
3364,CC(C)C[C@@H]1NC(=O)[C@@H](CC(C)C)NC(=O)[C@@H](C)N(C)C(=O)[C@H](Cc2ccccc2)NC(=O)CN(Cc2ccccc2)C(=O)[C@@H]2CCCN2C1=O,-5.69
3363,CC(C)C[C@@H]1NC(=O)[C@@H](C)N(C)C(=O)[C@H](Cc2ccccc2)NC(=O)CN(Cc2ccccc2)C(=O)[C@@H]2CCCN2C(=O)[C@@H](CC(C)C)NC1=O,-5.97
3361,CC(C)C[C@@H]1NC(=O)[C@H](CC(C)C)N(C)C(=O)[C@@H](C)N(C)C(=O)[C@H](Cc2ccccc2)NC(=O)[C@@H](CC(C)C)N(C)C(=O)[C@@H]2CCCN2C1=O,-4.81
3360,CC(C)C[C@@H]1NC(=O)[C@@H](CC(C)C)N(C)C(=O)[C@@H](C)N(C)C(=O)[C@H](Cc2ccccc2)NC(=O)[C@H](CC(C)C)N(C)C(=O)[C@@H]2CCCN2C1=O,-4.73
3359,CC(C)C[C@H]1C(=O)N[C@@H](Cc2ccccc2)C(=O)N(C)[C@H](C)C(=O)N(C)[C@@H](CC(C)C)C(=O)N[C@H](CC(C)C)C(=O)N2CCC[C@H]2C(=O)N1C,-4.8
3358,CC(C)C[C@@H]1NC(=O)[C@@H]2CCCN2C(=O)[C@@H](CC(C)C)N(C)C(=O)[C@H](CC(C)C)N(C)C(=O)[C@@H](C)N(C)C(=O)[C@H](Cc2ccccc2)NC1=O,-4.81
3357,CC(C)C[C@@H]1NC(=O)[C@@H](C)N(C)C(=O)[C@H](Cc2ccccc2)NC(=O)[C@H](CC(C)C)N(C)C(=O)[C@@H]2CCCN2C(=O)[C@@H](CC(C)C)N(C)C1=O,-4.85
3356,CC(C)C[C@@H]1NC(=O)[C@@H](C)N(C)C(=O)[C@H](Cc2ccccc2)NC(=O)[C@@H](CC(C)C)N(C)C(=O)[C@@H]2CCCN2C(=O)[C@H](CC(C)C)N(C)C1=O,-4.75
3355,CC(C)C[C@H]1C(=O)N[C@@H](Cc2ccccc2)C(=O)N(C)[C@H](C)C(=O)N[C@H](CC(C)C)C(=O)N(C)[C@@H](CC(C)C)C(=O)N2CCC[C@H]2C(=O)N1C,-4.86
3353,CC(C)C[C@H]1NC(=O)[C@@H](C)N(C)C(=O)[C@H](Cc2ccccc2)NC(=O)CN(Cc2ccccc2)C(=O)[C@@H]2CCCN2C(=O)[C@@H](CC(C)C)NC1=O,-5.77
3352,CC(C)C[C@H]1C(=O)N[C@@H](Cc2ccccc2)C(=O)N(C)[C@H](C)C(=O)N(C)[C@H](CC(C)C)C(=O)N[C@H](CC(C)C)C(=O)N2CCC[C@H]2C(=O)N1C,-4.85
3351,CC(C)C[C@H]1C(=O)N2CCC[C@H]2C(=O)N(C)[C@H](CC(C)C)C(=O)N[C@@H](Cc2ccccc2)C(=O)N(C)[C@H](C)C(=O)N[C@H](CC(C)C)C(=O)N1C,-5.21
3350,CC(C)C[C@H]1C(=O)N(C)[C@H](CC(C)C)C(=O)N2CCC[C@H]2C(=O)N[C@H](CC(C)C)C(=O)N[C@@H](Cc2ccccc2)C(=O)N(C)[C@H](C)C(=O)N1C,-4.78
3349,CC(C)C[C@@H]1NC(=O)[C@@H](C)N(C)C(=O)[C@H](Cc2ccccc2)NC(=O)[C@@H](CC(C)C)N(C)C(=O)[C@@H]2CCCN2C(=O)[C@@H](CC(C)C)N(C)C1=O,-4.86
3348,CC(C)C[C@H]1C(=O)N[C@H](CC(C)C)C(=O)N2CCC[C@H]2C(=O)N(C)[C@H](CC(C)C)C(=O)N[C@@H](Cc2ccccc2)C(=O)N(C)[C@H](C)C(=O)N1C,-4.96
3347,CC(C)C[C@H]1C(=O)N2CCC[C@H]2C(=O)N[C@H](CC(C)C)C(=O)N[C@@H](Cc2ccccc2)C(=O)N(C)[C@H](C)C(=O)N(C)[C@H](CC(C)C)C(=O)N1C,-5.7
3346,CC(C)C[C@H]1NC(=O)[C@@H]2CCCN2C(=O)[C@@H](CC(C)C)N(C)C(=O)[C@@H](CC(C)C)N(C)C(=O)[C@@H](C)N(C)C(=O)[C@H](Cc2ccccc2)NC1=O,-4.82
3345,CC(C)C[C@H]1NC(=O)[C@@H](CC(C)C)N(C)C(=O)[C@@H](C)N(C)C(=O)[C@H](Cc2ccccc2)NC(=O)[C@@H](CC(C)C)N(C)C(=O)[C@@H]2CCCN2C1=O,-4.79
3344,CC(C)C[C@@H]1NC(=O)[C@@H]2CCCN2C(=O)[C@H](CC(C)C)NC(=O)[C@H](CC(C)C)N(C)C(=O)[C@@H](C)N(C)C(=O)[C@H](Cc2ccccc2)NC1=O,-5.79
3343,CC(C)C[C@@H]1NC(=O)[C@@H](C)N(C)C(=O)[C@H](Cc2ccccc2)NC(=O)[C@H](CC(C)C)N(C)C(=O)[C@@H]2CCCN2C(=O)[C@H](CC(C)C)NC1=O,-5.4
3342,CC(C)C[C@@H]1NC(=O)[C@@H]2CCCN2C(=O)[C@H](CC(C)C)NC(=O)[C@@H](CC(C)C)N(C)C(=O)[C@@H](C)N(C)C(=O)[C@H](Cc2ccccc2)NC1=O,-5.16
3341,CC(C)C[C@@H]1NC(=O)[C@@H]2CCCN2C(=O)[C@@H](CC(C)C)N(C)C(=O)[C@H](CC(C)C)NC(=O)[C@@H](C)N(C)C(=O)[C@H](Cc2ccccc2)NC1=O,-5.02
3340,CC(C)C[C@@H]1NC(=O)[C@H](CC(C)C)N(C)C(=O)[C@@H](C)N(C)C(=O)[C@H](Cc2ccccc2)NC(=O)[C@@H](CC(C)C)NC(=O)[C@@H]2CCCN2C1=O,-5.13
3339,CC(C)C[C@@H]1NC(=O)[C@@H](C)N(C)C(=O)[C@H](Cc2ccccc2)NC(=O)[C@H](CC(C)C)N(C)C(=O)[C@@H]2CCCN2C(=O)[C@@H](CC(C)C)NC1=O,-5.02
3338,CC(C)C[C@@H]1NC(=O)[C@@H](C)N(C)C(=O)[C@H](Cc2ccccc2)NC(=O)[C@@H](CC(C)C)N(C)C(=O)[C@@H]2CCCN2C(=O)[C@H](CC(C)C)NC1=O,-5.37
3337,CC(C)C[C@@H]1NC(=O)[C@@H](CC(C)C)NC(=O)[C@@H](C)N(C)C(=O)[C@H](Cc2ccccc2)NC(=O)[C@H](CC(C)C)N(C)C(=O)[C@@H]2CCCN2C1=O,-5.28
3336,CC(C)C[C@@H]1NC(=O)[C@@H](C)N(C)C(=O)[C@H](Cc2ccccc2)NC(=O)[C@@H](CC(C)C)NC(=O)[C@@H]2CCCN2C(=O)[C@H](CC(C)C)N(C)C1=O,-5.38
3335,CC(C)C[C@@H]1NC(=O)[C@@H](CC(C)C)N(C)C(=O)[C@@H](C)N(C)C(=O)[C@H](Cc2ccccc2)NC(=O)[C@@H](CC(C)C)NC(=O)[C@@H]2CCCN2C1=O,-4.97
3334,CC(C)C[C@H]1C(=O)N2CCC[C@H]2C(=O)N[C@H](CC(C)C)C(=O)N[C@@H](Cc2ccccc2)C(=O)N(C)[C@H](C)C(=O)N[C@H](CC(C)C)C(=O)N1C,-5.05
3333,CC(C)C[C@@H]1NC(=O)[C@@H](CC(C)C)NC(=O)[C@@H](C)N(C)C(=O)[C@H](Cc2ccccc2)NC(=O)[C@@H](CC(C)C)N(C)C(=O)[C@@H]2CCCN2C1=O,-5.16
3332,CC(C)C[C@@H]1NC(=O)[C@@H](C)N(C)C(=O)[C@H](Cc2ccccc2)NC(=O)[C@@H](CC(C)C)NC(=O)[C@@H]2CCCN2C(=O)[C@@H](CC(C)C)N(C)C1=O,-5.14
3331,CC(C)C[C@@H]1NC(=O)[C@@H](C)N(C)C(=O)[C@H](Cc2ccccc2)NC(=O)[C@@H](CC(C)C)N(C)C(=O)[C@@H]2CCCN2C(=O)[C@@H](CC(C)C)NC1=O,-5.19
3330,CC(C)C[C@H]1C(=O)N[C@H](CC(C)C)C(=O)N2CCC[C@H]2C(=O)N[C@H](CC(C)C)C(=O)N[C@@H](Cc2ccccc2)C(=O)N(C)[C@H](C)C(=O)N1C,-5.55
3329,CC(C)C[C@H]1NC(=O)[C@@H]2CCCN2C(=O)[C@@H](CC(C)C)N(C)C(=O)[C@@H](CC(C)C)NC(=O)[C@@H](C)N(C)C(=O)[C@H](Cc2ccccc2)NC1=O,-4.94
3328,CC(C)C[C@H]1NC(=O)[C@@H]2CCCN2C(=O)[C@@H](CC(C)C)NC(=O)[C@@H](CC(C)C)N(C)C(=O)[C@@H](C)N(C)C(=O)[C@H](Cc2ccccc2)NC1=O,-5.25
3327,CC(C)C[C@H]1NC(=O)[C@@H](C)N(C)C(=O)[C@H](Cc2ccccc2)NC(=O)[C@@H](CC(C)C)N(C)C(=O)[C@@H]2CCCN2C(=O)[C@@H](CC(C)C)NC1=O,-5.8
3326,CC(C)C[C@@H]1NC(=O)[C@@H]2CCCN2C(=O)[C@H](CC(C)C)NC(=O)[C@H](CC(C)C)NC(=O)[C@@H](C)N(C)C(=O)[C@H](Cc2ccccc2)NC1=O,-6.26
3325,CC(C)C[C@@H]1NC(=O)[C@@H]2CCCN2C(=O)[C@@H](CC(C)C)NC(=O)[C@H](CC(C)C)NC(=O)[C@@H](C)N(C)C(=O)[C@H](Cc2ccccc2)NC1=O,-5.08
3324,CC(C)C[C@@H]1NC(=O)[C@@H](C)N(C)C(=O)[C@H](Cc2ccccc2)NC(=O)[C@@H](CC(C)C)NC(=O)[C@@H]2CCCN2C(=O)[C@H](CC(C)C)NC1=O,-6.36
3322,CC(C)C[C@@H]1NC(=O)[C@@H](CC(C)C)NC(=O)[C@@H](C)N(C)C(=O)[C@H](Cc2ccccc2)NC(=O)[C@@H](CC(C)C)NC(=O)[C@@H]2CCCN2C1=O,-5.49
3321,CC(C)C[C@@H]1NC(=O)[C@@H](C)N(C)C(=O)[C@H](Cc2ccccc2)NC(=O)[C@@H](CC(C)C)NC(=O)[C@@H]2CCCN2C(=O)[C@@H](CC(C)C)NC1=O,-6.12
3320,CC(C)C[C@@H]1NC(=O)[C@@H]2CCCN2C(=O)[C@@H](CC(C)C)NC(=O)[C@@H](CC(C)C)NC(=O)[C@@H](C)N(C)C(=O)[C@H](Cc2ccccc2)NC1=O,-5.4
3312,CC(C)C[C@H]1C(=O)N[C@@H](Cc2ccccc2)CC(=O)N2CCC[C@H]2C(=O)N(C)[C@@H](CC(C)C)C(=O)N[C@@H](Cc2ccccc2)C(=O)N(C)[C@@H](C)C(=O)N1C,-4.54
3308,CC(C)C[C@H]1C(=O)N[C@@H](Cc2ccccc2)C(=O)N(C)[C@@H](C)C(=O)N(C)[C@H](CC(C)C)C(=O)N[C@@H](Cc2ccccc2)CC(=O)N2CCC[C@H]2C(=O)N1C,-4.75
3307,CC(C)C[C@H]1C(=O)N[C@@H](Cc2ccccc2)CC(=O)N2CCC[C@H]2C(=O)N(C)[C@H](CC(C)C)C(=O)N[C@@H](Cc2ccccc2)C(=O)N(C)[C@@H](C)C(=O)N1C,-4.89
3306,CC(C)C[C@@H]1C(=O)N[C@@H](Cc2ccccc2)CC(=O)N2CCC[C@H]2C(=O)N(C)[C@H](CC(C)C)C(=O)N[C@@H](Cc2ccccc2)C(=O)N(C)[C@@H](C)C(=O)N1C,-5.38
3304,CC(C)C[C@H]1C(=O)N(Cc2ccccc2)CC(=O)N2CCC[C@H]2C(=O)N(C)[C@@H](CC(C)C)C(=O)N[C@@H](Cc2ccccc2)C(=O)N(C)[C@@H](C)C(=O)N1C,-4.81
3303,CC(C)C[C@H]1C(=O)N(C)[C@@H](CC(C)C)C(=O)N2CCC[C@H]2C(=O)N(Cc2ccccc2)CC(=O)N[C@@H](Cc2ccccc2)C(=O)N(C)[C@@H](C)C(=O)N1C,-5.75
3301,CC(C)C[C@H]1C(=O)N2CCC[C@H]2C(=O)N(Cc2ccccc2)CC(=O)N[C@@H](Cc2ccccc2)C(=O)N(C)[C@@H](C)C(=O)N(C)[C@H](CC(C)C)C(=O)N1C,-4.76
3300,CC(C)C[C@H]1C(=O)N(C)[C@H](CC(C)C)C(=O)N2CCC[C@H]2C(=O)N(Cc2ccccc2)CC(=O)N[C@@H](Cc2ccccc2)C(=O)N(C)[C@@H](C)C(=O)N1C,-4.82
3299,CC(C)C[C@H]1C(=O)N[C@@H](Cc2ccccc2)C(=O)N(C)[C@@H](C)C(=O)N(C)[C@H](CC(C)C)C(=O)N(Cc2ccccc2)CC(=O)N2CCC[C@H]2C(=O)N1C,-4.0
3298,CC(C)C[C@H]1C(=O)N[C@@H](Cc2ccccc2)C(=O)N(C)[C@@H](C)C(=O)N[C@H](CC(C)C)C(=O)N[C@@H](Cc2ccccc2)CC(=O)N2CCC[C@H]2C(=O)N1C,-5.56
3297,CC(C)C[C@H]1C(=O)N[C@@H](Cc2ccccc2)CC(=O)N2CCC[C@H]2C(=O)N[C@H](CC(C)C)C(=O)N[C@@H](Cc2ccccc2)C(=O)N(C)[C@@H](C)C(=O)N1C,-5.69
3296,CC(C)C[C@@H]1NC(=O)[C@@H]2CCCN2C(=O)C[C@H](Cc2ccccc2)NC(=O)[C@@H](CC(C)C)N(C)C(=O)[C@H](C)N(C)C(=O)[C@H](Cc2ccccc2)NC1=O,-6.18
3295,CC(C)C[C@@H]1C(=O)N(Cc2ccccc2)CC(=O)N2CCC[C@H]2C(=O)N(C)[C@H](CC(C)C)C(=O)N[C@@H](Cc2ccccc2)C(=O)N(C)[C@@H](C)C(=O)N1C,-4.67
3294,CC(C)C[C@@H]1C(=O)N(C)[C@H](CC(C)C)C(=O)N2CCC[C@H]2C(=O)N(Cc2ccccc2)CC(=O)N[C@@H](Cc2ccccc2)C(=O)N(C)[C@@H](C)C(=O)N1C,-4.67
3293,CC(C)C[C@H]1NC(=O)[C@H](C)N(C)C(=O)[C@H](Cc2ccccc2)NC(=O)[C@@H](CC(C)C)N(C)C(=O)[C@@H]2CCCN2C(=O)C[C@H](Cc2ccccc2)NC1=O,-5.86
3292,CC(C)C[C@H]1NC(=O)[C@@H]2CCCN2C(=O)C[C@H](Cc2ccccc2)NC(=O)[C@@H](CC(C)C)N(C)C(=O)[C@H](C)N(C)C(=O)[C@H](Cc2ccccc2)NC1=O,-5.93
3291,CC(C)C[C@@H]1NC(=O)[C@H](CC(C)C)N(C)C(=O)[C@H](C)N(C)C(=O)[C@H](Cc2ccccc2)NC(=O)CN(Cc2ccccc2)C(=O)[C@@H]2CCCN2C1=O,-4.77
3290,CC(C)C[C@@H]1NC(=O)[C@H](C)N(C)C(=O)[C@H](Cc2ccccc2)NC(=O)[C@H](CC(C)C)N(C)C(=O)[C@@H]2CCCN2C(=O)CN(Cc2ccccc2)C1=O,-5.15
3289,CC(C)C[C@@H]1NC(=O)[C@H](C)N(C)C(=O)[C@H](Cc2ccccc2)NC(=O)[C@H](CC(C)C)NC(=O)[C@@H]2CCCN2C(=O)C[C@H](Cc2ccccc2)NC1=O,-6.08
3288,CC(C)C[C@H]1C(=O)N2CCC[C@H]2C(=O)N(Cc2ccccc2)CC(=O)N[C@@H](Cc2ccccc2)C(=O)N(C)[C@@H](C)C(=O)N[C@H](CC(C)C)C(=O)N1C,-4.98
3287,CC(C)C[C@@H]1NC(=O)[C@@H](CC(C)C)N(C)C(=O)[C@H](C)N(C)C(=O)[C@H](Cc2ccccc2)NC(=O)CN(Cc2ccccc2)C(=O)[C@@H]2CCCN2C1=O,-4.94
3286,CC(C)C[C@@H]1NC(=O)[C@H](C)N(C)C(=O)[C@H](Cc2ccccc2)NC(=O)[C@@H](CC(C)C)N(C)C(=O)[C@@H]2CCCN2C(=O)CN(Cc2ccccc2)C1=O,-4.99
3285,CC(C)C[C@H]1C(=O)N[C@H](CC(C)C)C(=O)N2CCC[C@H]2C(=O)N(Cc2ccccc2)CC(=O)N[C@@H](Cc2ccccc2)C(=O)N(C)[C@@H](C)C(=O)N1C,-4.9
3284,CC(C)C[C@@H]1NC(=O)[C@H](C)N(C)C(=O)[C@H](Cc2ccccc2)NC(=O)CN(Cc2ccccc2)C(=O)[C@@H]2CCCN2C(=O)[C@@H](CC(C)C)N(C)C1=O,-4.88
3283,CC(C)C[C@H]1C(=O)N(Cc2ccccc2)CC(=O)N2CCC[C@H]2C(=O)N[C@H](CC(C)C)C(=O)N[C@@H](Cc2ccccc2)C(=O)N(C)[C@@H](C)C(=O)N1C,-5.27
3280,CC(C)C[C@@H]1NC(=O)[C@@H]2CCCN2C(=O)C[C@H](Cc2ccccc2)NC(=O)[C@@H](CC(C)C)NC(=O)[C@H](C)N(C)C(=O)[C@H](Cc2ccccc2)NC1=O,-5.8
3279,CC(C)C[C@H]1C(=O)N(C)[C@H](CC(C)C)C(=O)N2CCC[C@H]2C(=O)N(C)[C@@H](CC(C)C)C(=O)N[C@@H](Cc2ccccc2)C(=O)N(C)[C@@H](C)C(=O)N1C,-4.72
3278,CC(C)C[C@H]1C(=O)N[C@@H](Cc2ccccc2)C(=O)N(C)[C@@H](C)C(=O)N(C)[C@H](CC(C)C)C(=O)N(C)[C@@H](CC(C)C)C(=O)N2CCC[C@H]2C(=O)N1C,-4.0
3277,CC(C)C[C@H]1C(=O)N(C)[C@@H](CC(C)C)C(=O)N2CCC[C@H]2C(=O)N(C)[C@H](CC(C)C)C(=O)N[C@@H](Cc2ccccc2)C(=O)N(C)[C@@H](C)C(=O)N1C,-4.84
3276,CC(C)C[C@H]1NC(=O)[C@H](C)N(C)C(=O)[C@H](Cc2ccccc2)NC(=O)[C@@H](CC(C)C)N(C)C(=O)[C@@H]2CCCN2C(=O)CN(Cc2ccccc2)C1=O,-5.17
3275,CC(C)C[C@H]1NC(=O)[C@@H](CC(C)C)N(C)C(=O)[C@H](C)N(C)C(=O)[C@H](Cc2ccccc2)NC(=O)CN(Cc2ccccc2)C(=O)[C@@H]2CCCN2C1=O,-5.16
3274,CC(C)C[C@H]1NC(=O)[C@@H]2CCCN2C(=O)CN(Cc2ccccc2)C(=O)[C@@H](CC(C)C)N(C)C(=O)[C@H](C)N(C)C(=O)[C@H](Cc2ccccc2)NC1=O,-5.84
3273,CC(C)C[C@H]1C(=O)N(C)[C@H](CC(C)C)C(=O)N2CCC[C@H]2C(=O)N(C)[C@H](CC(C)C)C(=O)N[C@@H](Cc2ccccc2)C(=O)N(C)[C@@H](C)C(=O)N1C,-4.0
3272,CC(C)C[C@H]1C(=O)N2CCC[C@H]2C(=O)N(C)[C@H](CC(C)C)C(=O)N[C@@H](Cc2ccccc2)C(=O)N(C)[C@@H](C)C(=O)N(C)[C@H](CC(C)C)C(=O)N1C,-4.0
3271,CC(C)C[C@H]1C(=O)N[C@@H](Cc2ccccc2)C(=O)N(C)[C@@H](C)C(=O)N(C)[C@H](CC(C)C)C(=O)N(C)[C@H](CC(C)C)C(=O)N2CCC[C@H]2C(=O)N1C,-4.4
3270,CC(C)C[C@@H]1C(=O)N(C)[C@H](CC(C)C)C(=O)N2CCC[C@H]2C(=O)N(C)[C@H](CC(C)C)C(=O)N[C@@H](Cc2ccccc2)C(=O)N(C)[C@@H](C)C(=O)N1C,-4.0
3269,CC(C)C[C@@H]1NC(=O)[C@@H]2CCCN2C(=O)CN(Cc2ccccc2)C(=O)[C@H](CC(C)C)NC(=O)[C@H](C)N(C)C(=O)[C@H](Cc2ccccc2)NC1=O,-5.36
3266,CC(C)C[C@@H]1NC(=O)[C@H](CC(C)C)N(C)C(=O)[C@H](C)N(C)C(=O)[C@H](Cc2ccccc2)NC(=O)[C@H](CC(C)C)N(C)C(=O)[C@@H]2CCCN2C1=O,-4.0
3265,CC(C)C[C@@H]1NC(=O)[C@@H](CC(C)C)NC(=O)[C@H](C)N(C)C(=O)[C@H](Cc2ccccc2)NC(=O)CN(Cc2ccccc2)C(=O)[C@@H]2CCCN2C1=O,-5.35
3264,CC(C)C[C@@H]1NC(=O)[C@H](C)N(C)C(=O)[C@H](Cc2ccccc2)NC(=O)CN(Cc2ccccc2)C(=O)[C@@H]2CCCN2C(=O)[C@@H](CC(C)C)NC1=O,-5.73
3263,CC(C)C[C@@H]1NC(=O)[C@H](C)N(C)C(=O)[C@H](Cc2ccccc2)NC(=O)[C@@H](CC(C)C)NC(=O)[C@@H]2CCCN2C(=O)CN(Cc2ccccc2)C1=O,-5.83
3262,CC(C)C[C@@H]1NC(=O)[C@@H]2CCCN2C(=O)CN(Cc2ccccc2)C(=O)[C@@H](CC(C)C)NC(=O)[C@H](C)N(C)C(=O)[C@H](Cc2ccccc2)NC1=O,-5.44
3261,CC(C)C[C@H]1C(=O)N[C@H](CC(C)C)C(=O)N2CCC[C@H]2C(=O)N(C)[C@@H](CC(C)C)C(=O)N[C@@H](Cc2ccccc2)C(=O)N(C)[C@@H](C)C(=O)N1C,-4.69
3260,CC(C)C[C@@H]1NC(=O)[C@H](C)N(C)C(=O)[C@H](Cc2ccccc2)NC(=O)[C@H](CC(C)C)N(C)C(=O)[C@@H]2CCCN2C(=O)[C@@H](CC(C)C)N(C)C1=O,-4.67
3259,CC(C)C[C@@H]1NC(=O)[C@@H](CC(C)C)N(C)C(=O)[C@H](C)N(C)C(=O)[C@H](Cc2ccccc2)NC(=O)[C@H](CC(C)C)N(C)C(=O)[C@@H]2CCCN2C1=O,-4.0
3258,CC(C)C[C@H]1C(=O)N[C@@H](Cc2ccccc2)C(=O)N(C)[C@@H](C)C(=O)N[C@H](CC(C)C)C(=O)N(C)[C@@H](CC(C)C)C(=O)N2CCC[C@H]2C(=O)N1C,-4.5
3257,CC(C)C[C@H]1C(=O)N(C)[C@@H](CC(C)C)C(=O)N2CCC[C@H]2C(=O)N[C@H](CC(C)C)C(=O)N[C@@H](Cc2ccccc2)C(=O)N(C)[C@@H](C)C(=O)N1C,-5.08
3256,CC(C)C[C@H]1NC(=O)[C@H](C)N(C)C(=O)[C@H](Cc2ccccc2)NC(=O)CN(Cc2ccccc2)C(=O)[C@@H]2CCCN2C(=O)[C@@H](CC(C)C)NC1=O,-5.11
3254,CC(C)C[C@@H]1NC(=O)[C@H](C)N(C)C(=O)[C@H](Cc2ccccc2)NC(=O)[C@@H](CC(C)C)N(C)C(=O)[C@@H]2CCCN2C(=O)[C@@H](CC(C)C)N(C)C1=O,-4.0
3253,CC(C)C[C@@H]1NC(=O)[C@@H](CC(C)C)N(C)C(=O)[C@H](C)N(C)C(=O)[C@H](Cc2ccccc2)NC(=O)[C@@H](CC(C)C)N(C)C(=O)[C@@H]2CCCN2C1=O,-4.0
3252,CC(C)C[C@H]1C(=O)N[C@@H](Cc2ccccc2)C(=O)N(C)[C@@H](C)C(=O)N[C@H](CC(C)C)C(=O)N(C)[C@H](CC(C)C)C(=O)N2CCC[C@H]2C(=O)N1C,-4.0
3251,CC(C)C[C@H]1C(=O)N2CCC[C@H]2C(=O)N(C)[C@H](CC(C)C)C(=O)N[C@@H](Cc2ccccc2)C(=O)N(C)[C@@H](C)C(=O)N[C@H](CC(C)C)C(=O)N1C,-4.98
3250,CC(C)C[C@@H]1NC(=O)[C@@H]2CCCN2C(=O)[C@@H](CC(C)C)N(C)C(=O)[C@@H](CC(C)C)N(C)C(=O)[C@H](C)N(C)C(=O)[C@H](Cc2ccccc2)NC1=O,-4.62
3249,CC(C)C[C@H]1C(=O)N[C@H](CC(C)C)C(=O)N2CCC[C@H]2C(=O)N(C)[C@H](CC(C)C)C(=O)N[C@@H](Cc2ccccc2)C(=O)N(C)[C@@H](C)C(=O)N1C,-4.72
3248,CC(C)C[C@H]1C(=O)N[C@@H](Cc2ccccc2)C(=O)N(C)[C@@H](C)C(=O)N(C)[C@H](CC(C)C)C(=O)N[C@H](CC(C)C)C(=O)N2CCC[C@H]2C(=O)N1C,-4.74
3247,CC(C)C[C@H]1C(=O)N2CCC[C@H]2C(=O)N[C@H](CC(C)C)C(=O)N[C@@H](Cc2ccccc2)C(=O)N(C)[C@@H](C)C(=O)N(C)[C@H](CC(C)C)C(=O)N1C,-6.07
3246,CC(C)C[C@H]1NC(=O)[C@@H]2CCCN2C(=O)[C@@H](CC(C)C)N(C)C(=O)[C@@H](CC(C)C)N(C)C(=O)[C@H](C)N(C)C(=O)[C@H](Cc2ccccc2)NC1=O,-4.85
3245,CC(C)C[C@H]1NC(=O)[C@H](C)N(C)C(=O)[C@H](Cc2ccccc2)NC(=O)[C@@H](CC(C)C)N(C)C(=O)[C@@H]2CCCN2C(=O)[C@@H](CC(C)C)N(C)C1=O,-4.86
3244,CC(C)C[C@H]1NC(=O)[C@@H](CC(C)C)N(C)C(=O)[C@H](C)N(C)C(=O)[C@H](Cc2ccccc2)NC(=O)[C@@H](CC(C)C)N(C)C(=O)[C@@H]2CCCN2C1=O,-4.79
3243,CC(C)C[C@@H]1NC(=O)[C@@H]2CCCN2C(=O)[C@H](CC(C)C)NC(=O)[C@H](CC(C)C)N(C)C(=O)[C@H](C)N(C)C(=O)[C@H](Cc2ccccc2)NC1=O,-5.97
3242,CC(C)C[C@@H]1NC(=O)[C@H](C)N(C)C(=O)[C@H](Cc2ccccc2)NC(=O)[C@H](CC(C)C)N(C)C(=O)[C@@H]2CCCN2C(=O)[C@H](CC(C)C)NC1=O,-5.86
3241,CC(C)C[C@@H]1NC(=O)[C@@H]2CCCN2C(=O)[C@@H](CC(C)C)N(C)C(=O)[C@H](CC(C)C)NC(=O)[C@H](C)N(C)C(=O)[C@H](Cc2ccccc2)NC1=O,-4.94
3240,CC(C)C[C@@H]1NC(=O)[C@H](C)N(C)C(=O)[C@H](Cc2ccccc2)NC(=O)[C@@H](CC(C)C)N(C)C(=O)[C@@H]2CCCN2C(=O)[C@H](CC(C)C)NC1=O,-5.11
3239,CC(C)C[C@@H]1NC(=O)[C@H](C)N(C)C(=O)[C@H](Cc2ccccc2)NC(=O)[C@H](CC(C)C)N(C)C(=O)[C@@H]2CCCN2C(=O)[C@@H](CC(C)C)NC1=O,-5.0
3238,CC(C)C[C@@H]1NC(=O)[C@@H](CC(C)C)NC(=O)[C@H](C)N(C)C(=O)[C@H](Cc2ccccc2)NC(=O)[C@H](CC(C)C)N(C)C(=O)[C@@H]2CCCN2C1=O,-5.09
3237,CC(C)C[C@@H]1NC(=O)[C@@H]2CCCN2C(=O)[C@H](CC(C)C)NC(=O)[C@@H](CC(C)C)N(C)C(=O)[C@H](C)N(C)C(=O)[C@H](Cc2ccccc2)NC1=O,-5.76
3236,CC(C)C[C@@H]1NC(=O)[C@H](CC(C)C)N(C)C(=O)[C@H](C)N(C)C(=O)[C@H](Cc2ccccc2)NC(=O)[C@@H](CC(C)C)NC(=O)[C@@H]2CCCN2C1=O,-5.73
3235,CC(C)C[C@@H]1NC(=O)[C@@H]2CCCN2C(=O)[C@H](CC(C)C)N(C)C(=O)[C@@H](CC(C)C)NC(=O)[C@H](C)N(C)C(=O)[C@H](Cc2ccccc2)NC1=O,-5.78
3234,CC(C)C[C@@H]1NC(=O)[C@H](C)N(C)C(=O)[C@H](Cc2ccccc2)NC(=O)[C@@H](CC(C)C)NC(=O)[C@@H]2CCCN2C(=O)[C@H](CC(C)C)N(C)C1=O,-6.0
3233,CC(C)C[C@H]1C(=O)N[C@H](CC(C)C)C(=O)N2CCC[C@H]2C(=O)N[C@H](CC(C)C)C(=O)N[C@@H](Cc2ccccc2)C(=O)N(C)[C@@H](C)C(=O)N1C,-4.88
3232,CC(C)C[C@@H]1NC(=O)[C@H](C)N(C)C(=O)[C@H](Cc2ccccc2)NC(=O)[C@@H](CC(C)C)NC(=O)[C@@H]2CCCN2C(=O)[C@@H](CC(C)C)N(C)C1=O,-4.83
3231,CC(C)C[C@@H]1NC(=O)[C@@H]2CCCN2C(=O)[C@@H](CC(C)C)N(C)C(=O)[C@@H](CC(C)C)NC(=O)[C@H](C)N(C)C(=O)[C@H](Cc2ccccc2)NC1=O,-4.9
3230,CC(C)C[C@@H]1NC(=O)[C@@H](CC(C)C)NC(=O)[C@H](C)N(C)C(=O)[C@H](Cc2ccccc2)NC(=O)[C@@H](CC(C)C)N(C)C(=O)[C@@H]2CCCN2C1=O,-5.13
3229,CC(C)C[C@@H]1NC(=O)[C@H](C)N(C)C(=O)[C@H](Cc2ccccc2)NC(=O)[C@@H](CC(C)C)N(C)C(=O)[C@@H]2CCCN2C(=O)[C@@H](CC(C)C)NC1=O,-5.07
3228,CC(C)C[C@H]1C(=O)N2CCC[C@H]2C(=O)N[C@H](CC(C)C)C(=O)N[C@@H](Cc2ccccc2)C(=O)N(C)[C@@H](C)C(=O)N[C@H](CC(C)C)C(=O)N1C,-5.12
3227,CC(C)C[C@@H]1NC(=O)[C@@H]2CCCN2C(=O)[C@@H](CC(C)C)NC(=O)[C@@H](CC(C)C)N(C)C(=O)[C@H](C)N(C)C(=O)[C@H](Cc2ccccc2)NC1=O,-6.01
3226,CC(C)C[C@H]1C(=O)N[C@@H](Cc2ccccc2)C(=O)N(C)[C@@H](C)C(=O)N[C@H](CC(C)C)C(=O)N[C@H](CC(C)C)C(=O)N2CCC[C@H]2C(=O)N1C,-5.73
3225,CC(C)C[C@H]1NC(=O)[C@@H]2CCCN2C(=O)[C@@H](CC(C)C)N(C)C(=O)[C@@H](CC(C)C)NC(=O)[C@H](C)N(C)C(=O)[C@H](Cc2ccccc2)NC1=O,-4.68
3224,CC(C)C[C@H]1NC(=O)[C@H](C)N(C)C(=O)[C@H](Cc2ccccc2)NC(=O)[C@@H](CC(C)C)N(C)C(=O)[C@@H]2CCCN2C(=O)[C@@H](CC(C)C)NC1=O,-5.19
3223,CC(C)C[C@H]1NC(=O)[C@@H]2CCCN2C(=O)[C@@H](CC(C)C)NC(=O)[C@@H](CC(C)C)N(C)C(=O)[C@H](C)N(C)C(=O)[C@H](Cc2ccccc2)NC1=O,-5.08
3222,CC(C)C[C@@H]1NC(=O)[C@H](C)N(C)C(=O)[C@H](Cc2ccccc2)NC(=O)[C@H](CC(C)C)NC(=O)[C@@H]2CCCN2C(=O)[C@@H](CC(C)C)NC1=O,-5.42
3221,CC(C)C[C@@H]1NC(=O)[C@@H]2CCCN2C(=O)[C@H](CC(C)C)NC(=O)[C@@H](CC(C)C)NC(=O)[C@H](C)N(C)C(=O)[C@H](Cc2ccccc2)NC1=O,-6.05
3220,CC(C)C[C@@H]1NC(=O)[C@H](C)N(C)C(=O)[C@H](Cc2ccccc2)NC(=O)[C@@H](CC(C)C)NC(=O)[C@@H]2CCCN2C(=O)[C@H](CC(C)C)NC1=O,-6.33
3219,CC(C)C[C@@H]1NC(=O)[C@H](C)N(C)C(=O)[C@H](Cc2ccccc2)NC(=O)[C@@H](CC(C)C)NC(=O)[C@@H]2CCCN2C(=O)[C@@H](CC(C)C)NC1=O,-5.61
3217,CC(C)C[C@@H]1NC(=O)[C@@H]2CCCN2C(=O)[C@@H](CC(C)C)NC(=O)[C@@H](CC(C)C)NC(=O)[C@H](C)N(C)C(=O)[C@H](Cc2ccccc2)NC1=O,-5.8
3216,CC(C)C[C@H]1NC(=O)[C@H](C)N(C)C(=O)[C@H](Cc2ccccc2)NC(=O)[C@@H](CC(C)C)NC(=O)[C@@H]2CCCN2C(=O)[C@@H](CC(C)C)NC1=O,-5.29
3211,CC(C)C[C@H]1C(=O)N[C@@H](Cc2ccccc2)CC(=O)N2CCC[C@@H]2C(=O)N(C)[C@@H](CC(C)C)C(=O)N[C@@H](Cc2ccccc2)C(=O)N[C@H](C)C(=O)N1C,-5.29
3209,CC(C)C[C@H]1C(=O)N[C@@H](Cc2ccccc2)C(=O)N[C@H](C)C(=O)N(C)[C@H](CC(C)C)C(=O)N[C@@H](Cc2ccccc2)CC(=O)N2CCC[C@@H]2C(=O)N1C,-5.3
3207,CC(C)C[C@H]1C(=O)N2CCC[C@@H]2C(=O)N(Cc2ccccc2)CC(=O)N[C@@H](Cc2ccccc2)C(=O)N[C@H](C)C(=O)N(C)[C@@H](CC(C)C)C(=O)N1C,-5.37
3205,CC(C)C[C@H]1C(=O)N(Cc2ccccc2)CC(=O)N2CCC[C@@H]2C(=O)N(C)[C@@H](CC(C)C)C(=O)N[C@@H](Cc2ccccc2)C(=O)N[C@H](C)C(=O)N1C,-5.34
3203,CC(C)C[C@H]1C(=O)N2CCC[C@@H]2C(=O)N(Cc2ccccc2)CC(=O)N[C@@H](Cc2ccccc2)C(=O)N[C@H](C)C(=O)N(C)[C@H](CC(C)C)C(=O)N1C,-5.26
3202,CC(C)C[C@H]1C(=O)N[C@@H](Cc2ccccc2)C(=O)N[C@H](C)C(=O)N(C)[C@H](CC(C)C)C(=O)N(Cc2ccccc2)CC(=O)N2CCC[C@@H]2C(=O)N1C,-5.0
3201,CC(C)C[C@H]1C(=O)N(Cc2ccccc2)CC(=O)N2CCC[C@@H]2C(=O)N(C)[C@H](CC(C)C)C(=O)N[C@@H](Cc2ccccc2)C(=O)N[C@H](C)C(=O)N1C,-5.25
3200,CC(C)C[C@H]1C(=O)N(C)[C@H](CC(C)C)C(=O)N2CCC[C@@H]2C(=O)N(Cc2ccccc2)CC(=O)N[C@@H](Cc2ccccc2)C(=O)N[C@H](C)C(=O)N1C,-5.57
3199,CC(C)C[C@H]1C(=O)N[C@@H](Cc2ccccc2)CC(=O)N2CCC[C@@H]2C(=O)N[C@H](CC(C)C)C(=O)N[C@@H](Cc2ccccc2)C(=O)N[C@H](C)C(=O)N1C,-5.54
3198,CC(C)C[C@@H]1C(=O)N(Cc2ccccc2)CC(=O)N2CCC[C@@H]2C(=O)N(C)[C@H](CC(C)C)C(=O)N[C@@H](Cc2ccccc2)C(=O)N[C@H](C)C(=O)N1C,-5.69
3196,CC(C)C[C@H]1NC(=O)[C@H]2CCCN2C(=O)C[C@H](Cc2ccccc2)NC(=O)[C@@H](CC(C)C)N(C)C(=O)[C@@H](C)NC(=O)[C@H](Cc2ccccc2)NC1=O,-5.81
3195,CC(C)C[C@@H]1NC(=O)[C@H](CC(C)C)N(C)C(=O)[C@@H](C)NC(=O)[C@H](Cc2ccccc2)NC(=O)CN(Cc2ccccc2)C(=O)[C@H]2CCCN2C1=O,-5.2
3194,CC(C)C[C@@H]1NC(=O)[C@@H](C)NC(=O)[C@H](Cc2ccccc2)NC(=O)CN(Cc2ccccc2)C(=O)[C@H]2CCCN2C(=O)[C@H](CC(C)C)N(C)C1=O,-5.44
3193,CC(C)C[C@@H]1NC(=O)[C@@H](C)NC(=O)[C@H](Cc2ccccc2)NC(=O)[C@H](CC(C)C)N(C)C(=O)[C@H]2CCCN2C(=O)CN(Cc2ccccc2)C1=O,-5.04
3192,CC(C)C[C@@H]1NC(=O)[C@H]2CCCN2C(=O)CN(Cc2ccccc2)C(=O)[C@H](CC(C)C)N(C)C(=O)[C@@H](C)NC(=O)[C@H](Cc2ccccc2)NC1=O,-6.49
3190,CC(C)C[C@H]1C(=O)N2CCC[C@@H]2C(=O)N(C)[C@@H](CC(C)C)C(=O)N[C@@H](Cc2ccccc2)C(=O)N[C@H](C)C(=O)N(C)[C@@H](CC(C)C)C(=O)N1C,-5.0
3189,CC(C)C[C@@H]1NC(=O)[C@@H](CC(C)C)N(C)C(=O)[C@@H](C)NC(=O)[C@H](Cc2ccccc2)NC(=O)CN(Cc2ccccc2)C(=O)[C@H]2CCCN2C1=O,-5.18
3188,CC(C)C[C@@H]1NC(=O)[C@@H](C)NC(=O)[C@H](Cc2ccccc2)NC(=O)[C@@H](CC(C)C)NC(=O)[C@H]2CCCN2C(=O)C[C@H](Cc2ccccc2)NC1=O,-5.06
3187,CC(C)C[C@H]1C(=O)N[C@@H](Cc2ccccc2)C(=O)N[C@H](C)C(=O)N[C@H](CC(C)C)C(=O)N(Cc2ccccc2)CC(=O)N2CCC[C@@H]2C(=O)N1C,-5.89
3186,CC(C)C[C@H]1C(=O)N[C@H](CC(C)C)C(=O)N2CCC[C@@H]2C(=O)N(Cc2ccccc2)CC(=O)N[C@@H](Cc2ccccc2)C(=O)N[C@H](C)C(=O)N1C,-5.48
3185,CC(C)C[C@@H]1NC(=O)[C@@H](C)NC(=O)[C@H](Cc2ccccc2)NC(=O)CN(Cc2ccccc2)C(=O)[C@H]2CCCN2C(=O)[C@@H](CC(C)C)N(C)C1=O,-5.9
3184,CC(C)C[C@@H]1NC(=O)[C@H]2CCCN2C(=O)CN(Cc2ccccc2)C(=O)[C@@H](CC(C)C)N(C)C(=O)[C@@H](C)NC(=O)[C@H](Cc2ccccc2)NC1=O,-6.1
3182,CC(C)C[C@H]1C(=O)N2CCC[C@@H]2C(=O)N(C)[C@H](CC(C)C)C(=O)N[C@@H](Cc2ccccc2)C(=O)N[C@H](C)C(=O)N(C)[C@@H](CC(C)C)C(=O)N1C,-5.01
3181,CC(C)C[C@H]1C(=O)N2CCC[C@@H]2C(=O)N(C)[C@@H](CC(C)C)C(=O)N[C@@H](Cc2ccccc2)C(=O)N[C@H](C)C(=O)N(C)[C@H](CC(C)C)C(=O)N1C,-4.99
3180,CC(C)C[C@H]1C(=O)N(C)[C@H](CC(C)C)C(=O)N2CCC[C@@H]2C(=O)N(C)[C@@H](CC(C)C)C(=O)N[C@@H](Cc2ccccc2)C(=O)N[C@H](C)C(=O)N1C,-5.02
3179,CC(C)C[C@H]1NC(=O)[C@H]2CCCN2C(=O)CN(Cc2ccccc2)C(=O)[C@@H](CC(C)C)N(C)C(=O)[C@@H](C)NC(=O)[C@H](Cc2ccccc2)NC1=O,-5.2
3178,CC(C)C[C@H]1NC(=O)[C@@H](CC(C)C)N(C)C(=O)[C@@H](C)NC(=O)[C@H](Cc2ccccc2)NC(=O)CN(Cc2ccccc2)C(=O)[C@H]2CCCN2C1=O,-5.66
3177,CC(C)C[C@H]1NC(=O)[C@@H](C)NC(=O)[C@H](Cc2ccccc2)NC(=O)[C@@H](CC(C)C)N(C)C(=O)[C@H]2CCCN2C(=O)CN(Cc2ccccc2)C1=O,-6.09
3176,CC(C)C[C@H]1NC(=O)[C@@H](C)NC(=O)[C@H](Cc2ccccc2)NC(=O)[C@@H](CC(C)C)NC(=O)[C@H]2CCCN2C(=O)C[C@H](Cc2ccccc2)NC1=O,-6.01
3175,CC(C)C[C@H]1NC(=O)[C@@H](C)NC(=O)[C@H](Cc2ccccc2)NC(=O)CN(Cc2ccccc2)C(=O)[C@H]2CCCN2C(=O)[C@@H](CC(C)C)N(C)C1=O,-6.37
3174,CC(C)C[C@H]1C(=O)N2CCC[C@@H]2C(=O)N(C)[C@H](CC(C)C)C(=O)N[C@@H](Cc2ccccc2)C(=O)N[C@H](C)C(=O)N(C)[C@H](CC(C)C)C(=O)N1C,-5.07
3173,CC(C)C[C@H]1C(=O)N(C)[C@H](CC(C)C)C(=O)N2CCC[C@@H]2C(=O)N(C)[C@H](CC(C)C)C(=O)N[C@@H](Cc2ccccc2)C(=O)N[C@H](C)C(=O)N1C,-5.68
3172,CC(C)C[C@@H]1NC(=O)[C@@H](C)NC(=O)[C@H](Cc2ccccc2)NC(=O)CN(Cc2ccccc2)C(=O)[C@H]2CCCN2C(=O)[C@H](CC(C)C)NC1=O,-5.68
3171,CC(C)C[C@@H]1NC(=O)[C@H]2CCCN2C(=O)CN(Cc2ccccc2)C(=O)[C@H](CC(C)C)NC(=O)[C@@H](C)NC(=O)[C@H](Cc2ccccc2)NC1=O,-5.82
3169,CC(C)C[C@@H]1NC(=O)[C@H](CC(C)C)N(C)C(=O)[C@@H](C)NC(=O)[C@H](Cc2ccccc2)NC(=O)[C@H](CC(C)C)N(C)C(=O)[C@H]2CCCN2C1=O,-4.87
3168,CC(C)C[C@@H]1NC(=O)[C@@H](C)NC(=O)[C@H](Cc2ccccc2)NC(=O)[C@H](CC(C)C)N(C)C(=O)[C@H]2CCCN2C(=O)[C@H](CC(C)C)N(C)C1=O,-4.81
3167,CC(C)C[C@@H]1NC(=O)[C@H]2CCCN2C(=O)[C@H](CC(C)C)N(C)C(=O)[C@H](CC(C)C)N(C)C(=O)[C@@H](C)NC(=O)[C@H](Cc2ccccc2)NC1=O,-5.57
3166,CC(C)C[C@@H]1NC(=O)[C@@H](CC(C)C)NC(=O)[C@@H](C)NC(=O)[C@H](Cc2ccccc2)NC(=O)CN(Cc2ccccc2)C(=O)[C@H]2CCCN2C1=O,-5.48
3165,CC(C)C[C@@H]1NC(=O)[C@@H](C)NC(=O)[C@H](Cc2ccccc2)NC(=O)[C@@H](CC(C)C)NC(=O)[C@H]2CCCN2C(=O)CN(Cc2ccccc2)C1=O,-5.99
3164,CC(C)C[C@@H]1NC(=O)[C@@H](C)NC(=O)[C@H](Cc2ccccc2)NC(=O)CN(Cc2ccccc2)C(=O)[C@H]2CCCN2C(=O)[C@@H](CC(C)C)NC1=O,-5.89
3163,CC(C)C[C@@H]1NC(=O)[C@H]2CCCN2C(=O)CN(Cc2ccccc2)C(=O)[C@@H](CC(C)C)NC(=O)[C@@H](C)NC(=O)[C@H](Cc2ccccc2)NC1=O,-6.75
3162,CC(C)C[C@@H]1NC(=O)[C@@H](CC(C)C)N(C)C(=O)[C@@H](C)NC(=O)[C@H](Cc2ccccc2)NC(=O)[C@H](CC(C)C)N(C)C(=O)[C@H]2CCCN2C1=O,-4.91
3160,CC(C)C[C@@H]1NC(=O)[C@H](CC(C)C)N(C)C(=O)[C@@H](C)NC(=O)[C@H](Cc2ccccc2)NC(=O)[C@@H](CC(C)C)N(C)C(=O)[C@H]2CCCN2C1=O,-4.88
3159,CC(C)C[C@H]1C(=O)N2CCC[C@@H]2C(=O)N(C)[C@@H](CC(C)C)C(=O)N[C@@H](Cc2ccccc2)C(=O)N[C@H](C)C(=O)N[C@H](CC(C)C)C(=O)N1C,-5.5
3158,CC(C)C[C@@H]1NC(=O)[C@@H](C)NC(=O)[C@H](Cc2ccccc2)NC(=O)[C@H](CC(C)C)N(C)C(=O)[C@H]2CCCN2C(=O)[C@@H](CC(C)C)N(C)C1=O,-5.47
3157,CC(C)C[C@H]1C(=O)N2CCC[C@@H]2C(=O)N[C@H](CC(C)C)C(=O)N[C@@H](Cc2ccccc2)C(=O)N[C@H](C)C(=O)N(C)[C@@H](CC(C)C)C(=O)N1C,-5.94
3156,CC(C)C[C@H]1C(=O)N[C@H](CC(C)C)C(=O)N2CCC[C@@H]2C(=O)N(C)[C@@H](CC(C)C)C(=O)N[C@@H](Cc2ccccc2)C(=O)N[C@H](C)C(=O)N1C,-5.23
3155,CC(C)C[C@@H]1NC(=O)[C@H]2CCCN2C(=O)[C@H](CC(C)C)N(C)C(=O)[C@@H](CC(C)C)N(C)C(=O)[C@@H](C)NC(=O)[C@H](Cc2ccccc2)NC1=O,-5.82
3154,CC(C)C[C@H]1NC(=O)[C@H]2CCCN2C(=O)CN(Cc2ccccc2)C(=O)[C@@H](CC(C)C)NC(=O)[C@@H](C)NC(=O)[C@H](Cc2ccccc2)NC1=O,-5.73
3152,CC(C)C[C@H]1NC(=O)[C@@H](C)NC(=O)[C@H](Cc2ccccc2)NC(=O)CN(Cc2ccccc2)C(=O)[C@H]2CCCN2C(=O)[C@@H](CC(C)C)NC1=O,-6.72
3151,CC(C)C[C@@H]1NC(=O)[C@@H](CC(C)C)N(C)C(=O)[C@@H](C)NC(=O)[C@H](Cc2ccccc2)NC(=O)[C@@H](CC(C)C)N(C)C(=O)[C@H]2CCCN2C1=O,-4.89
3150,CC(C)C[C@H]1C(=O)N2CCC[C@@H]2C(=O)N[C@H](CC(C)C)C(=O)N[C@@H](Cc2ccccc2)C(=O)N[C@H](C)C(=O)N(C)[C@H](CC(C)C)C(=O)N1C,-5.07
3149,CC(C)C[C@H]1C(=O)N[C@@H](Cc2ccccc2)C(=O)N[C@H](C)C(=O)N(C)[C@H](CC(C)C)C(=O)N[C@H](CC(C)C)C(=O)N2CCC[C@@H]2C(=O)N1C,-5.3
3148,CC(C)C[C@H]1C(=O)N[C@H](CC(C)C)C(=O)N2CCC[C@@H]2C(=O)N(C)[C@H](CC(C)C)C(=O)N[C@@H](Cc2ccccc2)C(=O)N[C@H](C)C(=O)N1C,-5.66
3147,CC(C)C[C@@H]1NC(=O)[C@@H](C)NC(=O)[C@H](Cc2ccccc2)NC(=O)[C@@H](CC(C)C)N(C)C(=O)[C@H]2CCCN2C(=O)[C@@H](CC(C)C)N(C)C1=O,-6.27
3146,CC(C)C[C@H]1C(=O)N2CCC[C@@H]2C(=O)N(C)[C@H](CC(C)C)C(=O)N[C@@H](Cc2ccccc2)C(=O)N[C@H](C)C(=O)N[C@H](CC(C)C)C(=O)N1C,-5.47
3145,CC(C)C[C@H]1C(=O)N[C@@H](Cc2ccccc2)C(=O)N[C@H](C)C(=O)N[C@H](CC(C)C)C(=O)N(C)[C@H](CC(C)C)C(=O)N2CCC[C@@H]2C(=O)N1C,-6.25
3144,CC(C)C[C@H]1NC(=O)[C@@H](CC(C)C)N(C)C(=O)[C@@H](C)NC(=O)[C@H](Cc2ccccc2)NC(=O)[C@@H](CC(C)C)N(C)C(=O)[C@H]2CCCN2C1=O,-5.43
3143,CC(C)C[C@@H]1NC(=O)[C@H]2CCCN2C(=O)[C@H](CC(C)C)N(C)C(=O)[C@H](CC(C)C)NC(=O)[C@@H](C)NC(=O)[C@H](Cc2ccccc2)NC1=O,-5.16
3142,CC(C)C[C@@H]1NC(=O)[C@@H](C)NC(=O)[C@H](Cc2ccccc2)NC(=O)[C@H](CC(C)C)N(C)C(=O)[C@H]2CCCN2C(=O)[C@H](CC(C)C)NC1=O,-5.64
3141,CC(C)C[C@@H]1NC(=O)[C@H]2CCCN2C(=O)[C@H](CC(C)C)NC(=O)[C@H](CC(C)C)N(C)C(=O)[C@@H](C)NC(=O)[C@H](Cc2ccccc2)NC1=O,-5.99
3140,CC(C)C[C@@H]1NC(=O)[C@H]2CCCN2C(=O)[C@H](CC(C)C)NC(=O)[C@@H](CC(C)C)N(C)C(=O)[C@@H](C)NC(=O)[C@H](Cc2ccccc2)NC1=O,-5.42
3139,CC(C)C[C@@H]1NC(=O)[C@@H](C)NC(=O)[C@H](Cc2ccccc2)NC(=O)[C@@H](CC(C)C)N(C)C(=O)[C@H]2CCCN2C(=O)[C@H](CC(C)C)NC1=O,-5.2
3138,CC(C)C[C@@H]1NC(=O)[C@H](CC(C)C)N(C)C(=O)[C@@H](C)NC(=O)[C@H](Cc2ccccc2)NC(=O)[C@@H](CC(C)C)NC(=O)[C@H]2CCCN2C1=O,-5.19
3137,CC(C)C[C@@H]1NC(=O)[C@H]2CCCN2C(=O)[C@@H](CC(C)C)N(C)C(=O)[C@H](CC(C)C)NC(=O)[C@@H](C)NC(=O)[C@H](Cc2ccccc2)NC1=O,-6.15
3136,CC(C)C[C@@H]1NC(=O)[C@H]2CCCN2C(=O)[C@@H](CC(C)C)NC(=O)[C@H](CC(C)C)N(C)C(=O)[C@@H](C)NC(=O)[C@H](Cc2ccccc2)NC1=O,-6.61
3135,CC(C)C[C@@H]1NC(=O)[C@@H](CC(C)C)N(C)C(=O)[C@@H](C)NC(=O)[C@H](Cc2ccccc2)NC(=O)[C@@H](CC(C)C)NC(=O)[C@H]2CCCN2C1=O,-5.24
3134,CC(C)C[C@H]1C(=O)N[C@H](CC(C)C)C(=O)N2CCC[C@@H]2C(=O)N[C@H](CC(C)C)C(=O)N[C@@H](Cc2ccccc2)C(=O)N[C@H](C)C(=O)N1C,-5.49
3133,CC(C)C[C@@H]1NC(=O)[C@@H](CC(C)C)NC(=O)[C@@H](C)NC(=O)[C@H](Cc2ccccc2)NC(=O)[C@@H](CC(C)C)N(C)C(=O)[C@H]2CCCN2C1=O,-5.38
3132,CC(C)C[C@@H]1NC(=O)[C@@H](C)NC(=O)[C@H](Cc2ccccc2)NC(=O)[C@@H](CC(C)C)NC(=O)[C@H]2CCCN2C(=O)[C@@H](CC(C)C)N(C)C1=O,-5.93
3131,CC(C)C[C@@H]1NC(=O)[C@@H](C)NC(=O)[C@H](Cc2ccccc2)NC(=O)[C@@H](CC(C)C)N(C)C(=O)[C@H]2CCCN2C(=O)[C@@H](CC(C)C)NC1=O,-5.85
3129,CC(C)C[C@H]1C(=O)N[C@@H](Cc2ccccc2)C(=O)N[C@H](C)C(=O)N[C@H](CC(C)C)C(=O)N[C@H](CC(C)C)C(=O)N2CCC[C@@H]2C(=O)N1C,-6.99
3127,CC(C)C[C@H]1NC(=O)[C@H]2CCCN2C(=O)[C@@H](CC(C)C)NC(=O)[C@@H](CC(C)C)N(C)C(=O)[C@@H](C)NC(=O)[C@H](Cc2ccccc2)NC1=O,-6.2
3126,CC(C)C[C@H]1NC(=O)[C@H]2CCCN2C(=O)[C@@H](CC(C)C)N(C)C(=O)[C@@H](CC(C)C)NC(=O)[C@@H](C)NC(=O)[C@H](Cc2ccccc2)NC1=O,-6.1
3125,CC(C)C[C@H]1NC(=O)[C@@H](C)NC(=O)[C@H](Cc2ccccc2)NC(=O)[C@@H](CC(C)C)N(C)C(=O)[C@H]2CCCN2C(=O)[C@@H](CC(C)C)NC1=O,-6.75
3124,CC(C)C[C@@H]1NC(=O)[C@@H](C)NC(=O)[C@H](Cc2ccccc2)NC(=O)[C@H](CC(C)C)NC(=O)[C@H]2CCCN2C(=O)[C@H](CC(C)C)NC1=O,-6.61
3123,CC(C)C[C@@H]1NC(=O)[C@@H](C)NC(=O)[C@H](Cc2ccccc2)NC(=O)[C@@H](CC(C)C)NC(=O)[C@H]2CCCN2C(=O)[C@H](CC(C)C)NC1=O,-6.34
3122,CC(C)C[C@@H]1NC(=O)[C@H]2CCCN2C(=O)[C@H](CC(C)C)NC(=O)[C@@H](CC(C)C)NC(=O)[C@@H](C)NC(=O)[C@H](Cc2ccccc2)NC1=O,-6.8
3121,CC(C)C[C@@H]1NC(=O)[C@@H](C)NC(=O)[C@H](Cc2ccccc2)NC(=O)[C@@H](CC(C)C)NC(=O)[C@H]2CCCN2C(=O)[C@@H](CC(C)C)NC1=O,-6.34
3119,CC(C)C[C@H]1NC(=O)[C@@H](C)NC(=O)[C@H](Cc2ccccc2)NC(=O)[C@@H](CC(C)C)NC(=O)[C@H]2CCCN2C(=O)[C@@H](CC(C)C)NC1=O,-6.43
3111,CC(C)C[C@@H]1NC(=O)[C@H](C)NC(=O)[C@H](Cc2ccccc2)NC(=O)[C@H](CC(C)C)N(C)C(=O)[C@H]2CCCN2C(=O)C[C@H](Cc2ccccc2)NC1=O,-6.0
3110,CC(C)C[C@H]1C(=O)N(Cc2ccccc2)CC(=O)N2CCC[C@@H]2C(=O)N(C)[C@@H](CC(C)C)C(=O)N[C@@H](Cc2ccccc2)C(=O)N[C@@H](C)C(=O)N1C,-6.2
3107,CC(C)C[C@H]1C(=O)N2CCC[C@@H]2C(=O)N(Cc2ccccc2)CC(=O)N[C@@H](Cc2ccccc2)C(=O)N[C@@H](C)C(=O)N(C)[C@H](CC(C)C)C(=O)N1C,-5.28
3106,CC(C)C[C@H]1C(=O)N[C@@H](Cc2ccccc2)C(=O)N[C@@H](C)C(=O)N(C)[C@H](CC(C)C)C(=O)N(Cc2ccccc2)CC(=O)N2CCC[C@@H]2C(=O)N1C,-5.08
3105,CC(C)C[C@H]1C(=O)N[C@@H](Cc2ccccc2)C(=O)N[C@@H](C)C(=O)N[C@H](CC(C)C)C(=O)N[C@@H](Cc2ccccc2)CC(=O)N2CCC[C@@H]2C(=O)N1C,-5.73
3104,CC(C)C[C@H]1C(=O)N(Cc2ccccc2)CC(=O)N2CCC[C@@H]2C(=O)N(C)[C@H](CC(C)C)C(=O)N[C@@H](Cc2ccccc2)C(=O)N[C@@H](C)C(=O)N1C,-6.22
3103,CC(C)C[C@@H]1NC(=O)[C@H](C)NC(=O)[C@H](Cc2ccccc2)NC(=O)[C@@H](CC(C)C)N(C)C(=O)[C@H]2CCCN2C(=O)C[C@H](Cc2ccccc2)NC1=O,-5.99
3102,CC(C)C[C@H]1C(=O)N[C@@H](Cc2ccccc2)CC(=O)N2CCC[C@@H]2C(=O)N[C@H](CC(C)C)C(=O)N[C@@H](Cc2ccccc2)C(=O)N[C@@H](C)C(=O)N1C,-6.31
3100,CC(C)C[C@@H]1C(=O)N(C)[C@H](CC(C)C)C(=O)N2CCC[C@@H]2C(=O)N(Cc2ccccc2)CC(=O)N[C@@H](Cc2ccccc2)C(=O)N[C@@H](C)C(=O)N1C,-5.1
3099,CC(C)C[C@H]1NC(=O)[C@H]2CCCN2C(=O)C[C@H](Cc2ccccc2)NC(=O)[C@@H](CC(C)C)N(C)C(=O)[C@H](C)NC(=O)[C@H](Cc2ccccc2)NC1=O,-6.27
3098,CC(C)C[C@H]1NC(=O)[C@H](C)NC(=O)[C@H](Cc2ccccc2)NC(=O)[C@@H](CC(C)C)N(C)C(=O)[C@H]2CCCN2C(=O)C[C@H](Cc2ccccc2)NC1=O,-6.29
3097,CC(C)C[C@@H]1NC(=O)[C@H](CC(C)C)N(C)C(=O)[C@H](C)NC(=O)[C@H](Cc2ccccc2)NC(=O)CN(Cc2ccccc2)C(=O)[C@H]2CCCN2C1=O,-5.74
3096,CC(C)C[C@@H]1NC(=O)[C@H](C)NC(=O)[C@H](Cc2ccccc2)NC(=O)[C@H](CC(C)C)N(C)C(=O)[C@H]2CCCN2C(=O)CN(Cc2ccccc2)C1=O,-5.81
3095,CC(C)C[C@@H]1NC(=O)[C@H](C)NC(=O)[C@H](Cc2ccccc2)NC(=O)[C@H](CC(C)C)NC(=O)[C@H]2CCCN2C(=O)C[C@H](Cc2ccccc2)NC1=O,-6.46
3093,CC(C)C[C@@H]1NC(=O)[C@@H](CC(C)C)N(C)C(=O)[C@H](C)NC(=O)[C@H](Cc2ccccc2)NC(=O)CN(Cc2ccccc2)C(=O)[C@H]2CCCN2C1=O,-5.09
3092,CC(C)C[C@H]1C(=O)N2CCC[C@@H]2C(=O)N(Cc2ccccc2)CC(=O)N[C@@H](Cc2ccccc2)C(=O)N[C@@H](C)C(=O)N[C@H](CC(C)C)C(=O)N1C,-5.45
3091,CC(C)C[C@H]1C(=O)N[C@@H](Cc2ccccc2)C(=O)N[C@@H](C)C(=O)N[C@H](CC(C)C)C(=O)N(Cc2ccccc2)CC(=O)N2CCC[C@@H]2C(=O)N1C,-5.77
3090,CC(C)C[C@H]1C(=O)N[C@H](CC(C)C)C(=O)N2CCC[C@@H]2C(=O)N(Cc2ccccc2)CC(=O)N[C@@H](Cc2ccccc2)C(=O)N[C@@H](C)C(=O)N1C,-5.76
3088,CC(C)C[C@@H]1NC(=O)[C@H]2CCCN2C(=O)CN(Cc2ccccc2)C(=O)[C@@H](CC(C)C)N(C)C(=O)[C@H](C)NC(=O)[C@H](Cc2ccccc2)NC1=O,-6.1
3087,CC(C)C[C@@H]1NC(=O)[C@H](C)NC(=O)[C@H](Cc2ccccc2)NC(=O)[C@@H](CC(C)C)NC(=O)[C@H]2CCCN2C(=O)C[C@H](Cc2ccccc2)NC1=O,-5.49
3086,CC(C)C[C@H]1C(=O)N2CCC[C@@H]2C(=O)N(C)[C@@H](CC(C)C)C(=O)N[C@@H](Cc2ccccc2)C(=O)N[C@@H](C)C(=O)N(C)[C@H](CC(C)C)C(=O)N1C,-5.0
3085,CC(C)C[C@H]1NC(=O)[C@@H](CC(C)C)N(C)C(=O)[C@H](C)NC(=O)[C@H](Cc2ccccc2)NC(=O)CN(Cc2ccccc2)C(=O)[C@H]2CCCN2C1=O,-5.49
3084,CC(C)C[C@H]1NC(=O)[C@H](C)NC(=O)[C@H](Cc2ccccc2)NC(=O)[C@@H](CC(C)C)NC(=O)[C@H]2CCCN2C(=O)C[C@H](Cc2ccccc2)NC1=O,-5.04
3083,CC(C)C[C@H]1NC(=O)[C@H](C)NC(=O)[C@H](Cc2ccccc2)NC(=O)CN(Cc2ccccc2)C(=O)[C@H]2CCCN2C(=O)[C@@H](CC(C)C)N(C)C1=O,-6.23
3082,CC(C)C[C@H]1NC(=O)[C@H](C)NC(=O)[C@H](Cc2ccccc2)NC(=O)[C@@H](CC(C)C)N(C)C(=O)[C@H]2CCCN2C(=O)CN(Cc2ccccc2)C1=O,-6.26
3081,CC(C)C[C@H]1C(=O)N2CCC[C@@H]2C(=O)N(C)[C@H](CC(C)C)C(=O)N[C@@H](Cc2ccccc2)C(=O)N[C@@H](C)C(=O)N(C)[C@H](CC(C)C)C(=O)N1C,-5.03
3080,CC(C)C[C@H]1C(=O)N(C)[C@H](CC(C)C)C(=O)N2CCC[C@@H]2C(=O)N(C)[C@H](CC(C)C)C(=O)N[C@@H](Cc2ccccc2)C(=O)N[C@@H](C)C(=O)N1C,-5.84
3079,CC(C)C[C@@H]1NC(=O)[C@H](C)NC(=O)[C@H](Cc2ccccc2)NC(=O)CN(Cc2ccccc2)C(=O)[C@H]2CCCN2C(=O)[C@H](CC(C)C)NC1=O,-5.88
3077,CC(C)C[C@@H]1NC(=O)[C@H]2CCCN2C(=O)CN(Cc2ccccc2)C(=O)[C@H](CC(C)C)NC(=O)[C@H](C)NC(=O)[C@H](Cc2ccccc2)NC1=O,-6.54
3076,CC(C)C[C@@H]1NC(=O)[C@H](CC(C)C)N(C)C(=O)[C@H](C)NC(=O)[C@H](Cc2ccccc2)NC(=O)[C@H](CC(C)C)N(C)C(=O)[C@H]2CCCN2C1=O,-5.17
3075,CC(C)C[C@@H]1NC(=O)[C@H](C)NC(=O)[C@H](Cc2ccccc2)NC(=O)[C@H](CC(C)C)N(C)C(=O)[C@H]2CCCN2C(=O)[C@H](CC(C)C)N(C)C1=O,-5.07
3074,CC(C)C[C@@H]1NC(=O)[C@@H](CC(C)C)NC(=O)[C@H](C)NC(=O)[C@H](Cc2ccccc2)NC(=O)CN(Cc2ccccc2)C(=O)[C@H]2CCCN2C1=O,-5.56
3073,CC(C)C[C@@H]1NC(=O)[C@H]2CCCN2C(=O)CN(Cc2ccccc2)C(=O)[C@@H](CC(C)C)NC(=O)[C@H](C)NC(=O)[C@H](Cc2ccccc2)NC1=O,-6.34
3072,CC(C)C[C@@H]1NC(=O)[C@H](C)NC(=O)[C@H](Cc2ccccc2)NC(=O)CN(Cc2ccccc2)C(=O)[C@H]2CCCN2C(=O)[C@@H](CC(C)C)NC1=O,-6.32
3071,CC(C)C[C@@H]1NC(=O)[C@H](C)NC(=O)[C@H](Cc2ccccc2)NC(=O)[C@@H](CC(C)C)NC(=O)[C@H]2CCCN2C(=O)CN(Cc2ccccc2)C1=O,-6.69
3070,CC(C)C[C@@H]1NC(=O)[C@@H](CC(C)C)N(C)C(=O)[C@H](C)NC(=O)[C@H](Cc2ccccc2)NC(=O)[C@H](CC(C)C)N(C)C(=O)[C@H]2CCCN2C1=O,-4.89
3069,CC(C)C[C@H]1C(=O)N2CCC[C@@H]2C(=O)N(C)[C@@H](CC(C)C)C(=O)N[C@@H](Cc2ccccc2)C(=O)N[C@@H](C)C(=O)N[C@H](CC(C)C)C(=O)N1C,-5.46
3068,CC(C)C[C@@H]1NC(=O)[C@H](C)NC(=O)[C@H](Cc2ccccc2)NC(=O)[C@@H](CC(C)C)N(C)C(=O)[C@H]2CCCN2C(=O)[C@H](CC(C)C)N(C)C1=O,-5.41
3067,CC(C)C[C@@H]1NC(=O)[C@H](C)NC(=O)[C@H](Cc2ccccc2)NC(=O)[C@H](CC(C)C)N(C)C(=O)[C@H]2CCCN2C(=O)[C@@H](CC(C)C)N(C)C1=O,-5.11
3066,CC(C)C[C@@H]1NC(=O)[C@H]2CCCN2C(=O)[C@H](CC(C)C)N(C)C(=O)[C@@H](CC(C)C)N(C)C(=O)[C@H](C)NC(=O)[C@H](Cc2ccccc2)NC1=O,-5.18
3065,CC(C)C[C@H]1NC(=O)[C@H]2CCCN2C(=O)CN(Cc2ccccc2)C(=O)[C@@H](CC(C)C)NC(=O)[C@H](C)NC(=O)[C@H](Cc2ccccc2)NC1=O,-5.62
3063,CC(C)C[C@H]1NC(=O)[C@H](C)NC(=O)[C@H](Cc2ccccc2)NC(=O)CN(Cc2ccccc2)C(=O)[C@H]2CCCN2C(=O)[C@@H](CC(C)C)NC1=O,-6.67
3062,CC(C)C[C@@H]1NC(=O)[C@@H](CC(C)C)N(C)C(=O)[C@H](C)NC(=O)[C@H](Cc2ccccc2)NC(=O)[C@@H](CC(C)C)N(C)C(=O)[C@H]2CCCN2C1=O,-4.92
3061,CC(C)C[C@H]1C(=O)N[C@@H](Cc2ccccc2)C(=O)N[C@@H](C)C(=O)N(C)[C@H](CC(C)C)C(=O)N[C@H](CC(C)C)C(=O)N2CCC[C@@H]2C(=O)N1C,-4.82
3060,CC(C)C[C@H]1C(=O)N2CCC[C@@H]2C(=O)N(C)[C@H](CC(C)C)C(=O)N[C@@H](Cc2ccccc2)C(=O)N[C@@H](C)C(=O)N[C@H](CC(C)C)C(=O)N1C,-5.69
3059,CC(C)C[C@H]1C(=O)N2CCC[C@@H]2C(=O)N[C@H](CC(C)C)C(=O)N[C@@H](Cc2ccccc2)C(=O)N[C@@H](C)C(=O)N(C)[C@H](CC(C)C)C(=O)N1C,-5.7
3058,CC(C)C[C@H]1C(=O)N[C@@H](Cc2ccccc2)C(=O)N[C@@H](C)C(=O)N[C@H](CC(C)C)C(=O)N(C)[C@H](CC(C)C)C(=O)N2CCC[C@@H]2C(=O)N1C,-5.65
3057,CC(C)C[C@H]1C(=O)N[C@H](CC(C)C)C(=O)N2CCC[C@@H]2C(=O)N(C)[C@H](CC(C)C)C(=O)N[C@@H](Cc2ccccc2)C(=O)N[C@@H](C)C(=O)N1C,-6.14
3056,CC(C)C[C@@H]1NC(=O)[C@H](C)NC(=O)[C@H](Cc2ccccc2)NC(=O)[C@@H](CC(C)C)N(C)C(=O)[C@H]2CCCN2C(=O)[C@@H](CC(C)C)N(C)C1=O,-6.26
3055,CC(C)C[C@H]1NC(=O)[C@@H](CC(C)C)N(C)C(=O)[C@H](C)NC(=O)[C@H](Cc2ccccc2)NC(=O)[C@@H](CC(C)C)N(C)C(=O)[C@H]2CCCN2C1=O,-5.2
3053,CC(C)C[C@@H]1NC(=O)[C@H]2CCCN2C(=O)[C@H](CC(C)C)N(C)C(=O)[C@H](CC(C)C)NC(=O)[C@H](C)NC(=O)[C@H](Cc2ccccc2)NC1=O,-5.62
3052,CC(C)C[C@@H]1NC(=O)[C@H](C)NC(=O)[C@H](Cc2ccccc2)NC(=O)[C@H](CC(C)C)N(C)C(=O)[C@H]2CCCN2C(=O)[C@H](CC(C)C)NC1=O,-6.04
3051,CC(C)C[C@@H]1NC(=O)[C@H]2CCCN2C(=O)[C@H](CC(C)C)NC(=O)[C@H](CC(C)C)N(C)C(=O)[C@H](C)NC(=O)[C@H](Cc2ccccc2)NC1=O,-6.46
3050,CC(C)C[C@@H]1NC(=O)[C@@H](CC(C)C)NC(=O)[C@H](C)NC(=O)[C@H](Cc2ccccc2)NC(=O)[C@H](CC(C)C)N(C)C(=O)[C@H]2CCCN2C1=O,-5.3
3049,CC(C)C[C@@H]1NC(=O)[C@H]2CCCN2C(=O)[C@H](CC(C)C)NC(=O)[C@@H](CC(C)C)N(C)C(=O)[C@H](C)NC(=O)[C@H](Cc2ccccc2)NC1=O,-5.61
3048,CC(C)C[C@@H]1NC(=O)[C@H](C)NC(=O)[C@H](Cc2ccccc2)NC(=O)[C@@H](CC(C)C)N(C)C(=O)[C@H]2CCCN2C(=O)[C@H](CC(C)C)NC1=O,-5.68
3047,CC(C)C[C@@H]1NC(=O)[C@H](CC(C)C)N(C)C(=O)[C@H](C)NC(=O)[C@H](Cc2ccccc2)NC(=O)[C@@H](CC(C)C)NC(=O)[C@H]2CCCN2C1=O,-5.53
3046,CC(C)C[C@@H]1NC(=O)[C@H]2CCCN2C(=O)[C@H](CC(C)C)N(C)C(=O)[C@@H](CC(C)C)NC(=O)[C@H](C)NC(=O)[C@H](Cc2ccccc2)NC1=O,-6.27
3045,CC(C)C[C@@H]1NC(=O)[C@H]2CCCN2C(=O)[C@@H](CC(C)C)NC(=O)[C@H](CC(C)C)N(C)C(=O)[C@H](C)NC(=O)[C@H](Cc2ccccc2)NC1=O,-6.21
3044,CC(C)C[C@@H]1NC(=O)[C@H](C)NC(=O)[C@H](Cc2ccccc2)NC(=O)[C@H](CC(C)C)N(C)C(=O)[C@H]2CCCN2C(=O)[C@@H](CC(C)C)NC1=O,-6.55
3043,CC(C)C[C@@H]1NC(=O)[C@H](C)NC(=O)[C@H](Cc2ccccc2)NC(=O)[C@@H](CC(C)C)NC(=O)[C@H]2CCCN2C(=O)[C@H](CC(C)C)N(C)C1=O,-6.52
3042,CC(C)C[C@H]1C(=O)N2CCC[C@@H]2C(=O)N[C@H](CC(C)C)C(=O)N[C@@H](Cc2ccccc2)C(=O)N[C@@H](C)C(=O)N[C@H](CC(C)C)C(=O)N1C,-5.72
3041,CC(C)C[C@@H]1NC(=O)[C@@H](CC(C)C)NC(=O)[C@H](C)NC(=O)[C@H](Cc2ccccc2)NC(=O)[C@@H](CC(C)C)N(C)C(=O)[C@H]2CCCN2C1=O,-5.4
3040,CC(C)C[C@@H]1NC(=O)[C@@H](CC(C)C)N(C)C(=O)[C@H](C)NC(=O)[C@H](Cc2ccccc2)NC(=O)[C@@H](CC(C)C)NC(=O)[C@H]2CCCN2C1=O,-5.69
3039,CC(C)C[C@H]1C(=O)N[C@@H](Cc2ccccc2)C(=O)N[C@@H](C)C(=O)N[C@H](CC(C)C)C(=O)N[C@H](CC(C)C)C(=O)N2CCC[C@@H]2C(=O)N1C,-6.28
3038,CC(C)C[C@@H]1NC(=O)[C@H]2CCCN2C(=O)[C@@H](CC(C)C)NC(=O)[C@@H](CC(C)C)N(C)C(=O)[C@H](C)NC(=O)[C@H](Cc2ccccc2)NC1=O,-6.35
3037,CC(C)C[C@@H]1NC(=O)[C@H](C)NC(=O)[C@H](Cc2ccccc2)NC(=O)[C@@H](CC(C)C)N(C)C(=O)[C@H]2CCCN2C(=O)[C@@H](CC(C)C)NC1=O,-6.39
3034,CC(C)C[C@H]1NC(=O)[C@H]2CCCN2C(=O)[C@@H](CC(C)C)NC(=O)[C@@H](CC(C)C)N(C)C(=O)[C@H](C)NC(=O)[C@H](Cc2ccccc2)NC1=O,-6.67
3033,CC(C)C[C@H]1NC(=O)[C@H](C)NC(=O)[C@H](Cc2ccccc2)NC(=O)[C@@H](CC(C)C)N(C)C(=O)[C@H]2CCCN2C(=O)[C@@H](CC(C)C)NC1=O,-6.91
3032,CC(C)C[C@@H]1NC(=O)[C@H](C)NC(=O)[C@H](Cc2ccccc2)NC(=O)[C@H](CC(C)C)NC(=O)[C@H]2CCCN2C(=O)[C@H](CC(C)C)NC1=O,-6.58
3031,CC(C)C[C@@H]1NC(=O)[C@H]2CCCN2C(=O)[C@H](CC(C)C)NC(=O)[C@@H](CC(C)C)NC(=O)[C@H](C)NC(=O)[C@H](Cc2ccccc2)NC1=O,-5.24
3030,CC(C)C[C@@H]1NC(=O)[C@H](C)NC(=O)[C@H](Cc2ccccc2)NC(=O)[C@@H](CC(C)C)NC(=O)[C@H]2CCCN2C(=O)[C@H](CC(C)C)NC1=O,-5.14
3029,CC(C)C[C@@H]1NC(=O)[C@@H](CC(C)C)NC(=O)[C@H](C)NC(=O)[C@H](Cc2ccccc2)NC(=O)[C@@H](CC(C)C)NC(=O)[C@H]2CCCN2C1=O,-4.82
3026,CC(C)C[C@H]1NC(=O)[C@H](C)NC(=O)[C@H](Cc2ccccc2)NC(=O)[C@@H](CC(C)C)NC(=O)[C@H]2CCCN2C(=O)[C@@H](CC(C)C)NC1=O,-6.67
3018,CC(C)C[C@H]1C(=O)N[C@@H](Cc2ccccc2)C(=O)N[C@H](C)C(=O)N(C)[C@@H](CC(C)C)C(=O)N[C@@H](Cc2ccccc2)CC(=O)N2CCC[C@H]2C(=O)N1C,-5.32
3015,CC(C)C[C@H]1C(=O)N[C@@H](Cc2ccccc2)C(=O)N[C@H](C)C(=O)N(C)[C@H](CC(C)C)C(=O)N[C@@H](Cc2ccccc2)CC(=O)N2CCC[C@H]2C(=O)N1C,-5.41
3014,CC(C)C[C@H]1C(=O)N[C@@H](Cc2ccccc2)CC(=O)N2CCC[C@H]2C(=O)N(C)[C@H](CC(C)C)C(=O)N[C@@H](Cc2ccccc2)C(=O)N[C@H](C)C(=O)N1C,-5.58
3012,CC(C)C[C@H]1C(=O)N2CCC[C@H]2C(=O)N(Cc2ccccc2)CC(=O)N[C@@H](Cc2ccccc2)C(=O)N[C@H](C)C(=O)N(C)[C@@H](CC(C)C)C(=O)N1C,-5.37
3011,CC(C)C[C@H]1C(=O)N[C@@H](Cc2ccccc2)C(=O)N[C@H](C)C(=O)N(C)[C@@H](CC(C)C)C(=O)N(Cc2ccccc2)CC(=O)N2CCC[C@H]2C(=O)N1C,-5.35
3009,CC(C)C[C@@H]1NC(=O)[C@@H]2CCCN2C(=O)C[C@H](Cc2ccccc2)NC(=O)[C@H](CC(C)C)N(C)C(=O)[C@@H](C)NC(=O)[C@H](Cc2ccccc2)NC1=O,-6.0
3007,CC(C)C[C@H]1C(=O)N(C)[C@H](CC(C)C)C(=O)N2CCC[C@H]2C(=O)N(Cc2ccccc2)CC(=O)N[C@@H](Cc2ccccc2)C(=O)N[C@H](C)C(=O)N1C,-5.37
3006,CC(C)C[C@H]1C(=O)N[C@@H](Cc2ccccc2)C(=O)N[C@H](C)C(=O)N(C)[C@H](CC(C)C)C(=O)N(Cc2ccccc2)CC(=O)N2CCC[C@H]2C(=O)N1C,-5.6
3005,CC(C)C[C@@H]1NC(=O)[C@@H]2CCCN2C(=O)C[C@H](Cc2ccccc2)NC(=O)[C@@H](CC(C)C)N(C)C(=O)[C@@H](C)NC(=O)[C@H](Cc2ccccc2)NC1=O,-5.93
3004,CC(C)C[C@H]1C(=O)N[C@@H](Cc2ccccc2)C(=O)N[C@H](C)C(=O)N[C@H](CC(C)C)C(=O)N[C@@H](Cc2ccccc2)CC(=O)N2CCC[C@H]2C(=O)N1C,-6.19
3003,CC(C)C[C@@H]1C(=O)N(C)[C@H](CC(C)C)C(=O)N2CCC[C@H]2C(=O)N(Cc2ccccc2)CC(=O)N[C@@H](Cc2ccccc2)C(=O)N[C@H](C)C(=O)N1C,-5.37
3001,CC(C)C[C@@H]1C(=O)N[C@@H](Cc2ccccc2)C(=O)N[C@H](C)C(=O)N(C)[C@H](CC(C)C)C(=O)N(Cc2ccccc2)CC(=O)N2CCC[C@H]2C(=O)N1C,-5.89
3000,CC(C)C[C@H]1NC(=O)[C@@H]2CCCN2C(=O)C[C@H](Cc2ccccc2)NC(=O)[C@@H](CC(C)C)N(C)C(=O)[C@@H](C)NC(=O)[C@H](Cc2ccccc2)NC1=O,-5.87
2999,CC(C)C[C@H]1NC(=O)[C@@H](C)NC(=O)[C@H](Cc2ccccc2)NC(=O)[C@@H](CC(C)C)N(C)C(=O)[C@@H]2CCCN2C(=O)C[C@H](Cc2ccccc2)NC1=O,-6.75
2998,CC(C)C[C@@H]1NC(=O)[C@H](CC(C)C)N(C)C(=O)[C@@H](C)NC(=O)[C@H](Cc2ccccc2)NC(=O)CN(Cc2ccccc2)C(=O)[C@@H]2CCCN2C1=O,-5.5
2997,CC(C)C[C@@H]1NC(=O)[C@@H](C)NC(=O)[C@H](Cc2ccccc2)NC(=O)[C@H](CC(C)C)N(C)C(=O)[C@@H]2CCCN2C(=O)CN(Cc2ccccc2)C1=O,-5.59
2996,CC(C)C[C@@H]1NC(=O)[C@@H]2CCCN2C(=O)CN(Cc2ccccc2)C(=O)[C@H](CC(C)C)N(C)C(=O)[C@@H](C)NC(=O)[C@H](Cc2ccccc2)NC1=O,-5.98
2995,CC(C)C[C@@H]1NC(=O)[C@@H]2CCCN2C(=O)C[C@H](Cc2ccccc2)NC(=O)[C@H](CC(C)C)NC(=O)[C@@H](C)NC(=O)[C@H](Cc2ccccc2)NC1=O,-6.61
2993,CC(C)C[C@@H]1NC(=O)[C@@H](CC(C)C)N(C)C(=O)[C@@H](C)NC(=O)[C@H](Cc2ccccc2)NC(=O)CN(Cc2ccccc2)C(=O)[C@@H]2CCCN2C1=O,-5.44
2992,CC(C)C[C@@H]1NC(=O)[C@@H](C)NC(=O)[C@H](Cc2ccccc2)NC(=O)CN(Cc2ccccc2)C(=O)[C@@H]2CCCN2C(=O)[C@@H](CC(C)C)N(C)C1=O,-5.78
2991,CC(C)C[C@H]1C(=O)N(Cc2ccccc2)CC(=O)N2CCC[C@H]2C(=O)N[C@H](CC(C)C)C(=O)N[C@@H](Cc2ccccc2)C(=O)N[C@H](C)C(=O)N1C,-5.79
2990,CC(C)C[C@@H]1NC(=O)[C@@H]2CCCN2C(=O)CN(Cc2ccccc2)C(=O)[C@@H](CC(C)C)N(C)C(=O)[C@@H](C)NC(=O)[C@H](Cc2ccccc2)NC1=O,-6.09
2989,CC(C)C[C@@H]1NC(=O)[C@@H](C)NC(=O)[C@H](Cc2ccccc2)NC(=O)[C@@H](CC(C)C)NC(=O)[C@@H]2CCCN2C(=O)C[C@H](Cc2ccccc2)NC1=O,-6.86
2988,CC(C)C[C@H]1C(=O)N2CCC[C@H]2C(=O)N(C)[C@H](CC(C)C)C(=O)N[C@@H](Cc2ccccc2)C(=O)N[C@H](C)C(=O)N(C)[C@@H](CC(C)C)C(=O)N1C,-5.19
2987,CC(C)C[C@H]1C(=O)N[C@@H](Cc2ccccc2)C(=O)N[C@H](C)C(=O)N(C)[C@@H](CC(C)C)C(=O)N(C)[C@H](CC(C)C)C(=O)N2CCC[C@H]2C(=O)N1C,-5.28
2986,CC(C)C[C@H]1C(=O)N[C@@H](Cc2ccccc2)C(=O)N[C@H](C)C(=O)N(C)[C@H](CC(C)C)C(=O)N(C)[C@@H](CC(C)C)C(=O)N2CCC[C@H]2C(=O)N1C,-5.27
2985,CC(C)C[C@H]1NC(=O)[C@@H](CC(C)C)N(C)C(=O)[C@@H](C)NC(=O)[C@H](Cc2ccccc2)NC(=O)CN(Cc2ccccc2)C(=O)[C@@H]2CCCN2C1=O,-5.53
2984,CC(C)C[C@H]1NC(=O)[C@@H](C)NC(=O)[C@H](Cc2ccccc2)NC(=O)[C@@H](CC(C)C)N(C)C(=O)[C@@H]2CCCN2C(=O)CN(Cc2ccccc2)C1=O,-6.34
2983,CC(C)C[C@H]1C(=O)N[C@@H](Cc2ccccc2)C(=O)N[C@H](C)C(=O)N(C)[C@H](CC(C)C)C(=O)N(C)[C@H](CC(C)C)C(=O)N2CCC[C@H]2C(=O)N1C,-5.35
2982,CC(C)C[C@H]1C(=O)N(C)[C@H](CC(C)C)C(=O)N2CCC[C@H]2C(=O)N(C)[C@H](CC(C)C)C(=O)N[C@@H](Cc2ccccc2)C(=O)N[C@H](C)C(=O)N1C,-5.23
2981,CC(C)C[C@H]1C(=O)N2CCC[C@H]2C(=O)N(C)[C@H](CC(C)C)C(=O)N[C@@H](Cc2ccccc2)C(=O)N[C@H](C)C(=O)N(C)[C@H](CC(C)C)C(=O)N1C,-5.32
2980,CC(C)C[C@@H]1C(=O)N[C@@H](Cc2ccccc2)C(=O)N[C@H](C)C(=O)N(C)[C@H](CC(C)C)C(=O)N(C)[C@H](CC(C)C)C(=O)N2CCC[C@H]2C(=O)N1C,-5.2
2978,CC(C)C[C@@H]1NC(=O)[C@@H](C)NC(=O)[C@H](Cc2ccccc2)NC(=O)CN(Cc2ccccc2)C(=O)[C@@H]2CCCN2C(=O)[C@H](CC(C)C)NC1=O,-6.27
2977,CC(C)C[C@@H]1NC(=O)[C@H](CC(C)C)N(C)C(=O)[C@@H](C)NC(=O)[C@H](Cc2ccccc2)NC(=O)[C@H](CC(C)C)N(C)C(=O)[C@@H]2CCCN2C1=O,-5.32
2976,CC(C)C[C@@H]1NC(=O)[C@@H](C)NC(=O)[C@H](Cc2ccccc2)NC(=O)[C@H](CC(C)C)N(C)C(=O)[C@@H]2CCCN2C(=O)[C@H](CC(C)C)N(C)C1=O,-6.02
2975,CC(C)C[C@@H]1NC(=O)[C@@H](C)NC(=O)[C@H](Cc2ccccc2)NC(=O)CN(Cc2ccccc2)C(=O)[C@@H]2CCCN2C(=O)[C@@H](CC(C)C)NC1=O,-6.32
2974,CC(C)C[C@@H]1NC(=O)[C@@H](CC(C)C)NC(=O)[C@@H](C)NC(=O)[C@H](Cc2ccccc2)NC(=O)CN(Cc2ccccc2)C(=O)[C@@H]2CCCN2C1=O,-6.34
2973,CC(C)C[C@@H]1NC(=O)[C@@H](C)NC(=O)[C@H](Cc2ccccc2)NC(=O)[C@@H](CC(C)C)NC(=O)[C@@H]2CCCN2C(=O)CN(Cc2ccccc2)C1=O,-6.63
2972,CC(C)C[C@@H]1NC(=O)[C@@H]2CCCN2C(=O)CN(Cc2ccccc2)C(=O)[C@@H](CC(C)C)NC(=O)[C@@H](C)NC(=O)[C@H](Cc2ccccc2)NC1=O,-6.21
2971,CC(C)C[C@@H]1NC(=O)[C@H](CC(C)C)N(C)C(=O)[C@@H](C)NC(=O)[C@H](Cc2ccccc2)NC(=O)[C@@H](CC(C)C)N(C)C(=O)[C@@H]2CCCN2C1=O,-5.49
2970,CC(C)C[C@@H]1NC(=O)[C@@H](CC(C)C)N(C)C(=O)[C@@H](C)NC(=O)[C@H](Cc2ccccc2)NC(=O)[C@H](CC(C)C)N(C)C(=O)[C@@H]2CCCN2C1=O,-5.3
2969,CC(C)C[C@H]1C(=O)N[C@@H](Cc2ccccc2)C(=O)N[C@H](C)C(=O)N(C)[C@@H](CC(C)C)C(=O)N[C@H](CC(C)C)C(=O)N2CCC[C@H]2C(=O)N1C,-5.37
2968,CC(C)C[C@@H]1NC(=O)[C@@H](C)NC(=O)[C@H](Cc2ccccc2)NC(=O)[C@H](CC(C)C)N(C)C(=O)[C@@H]2CCCN2C(=O)[C@@H](CC(C)C)N(C)C1=O,-5.78
2967,CC(C)C[C@H]1C(=O)N[C@@H](Cc2ccccc2)C(=O)N[C@H](C)C(=O)N[C@H](CC(C)C)C(=O)N(C)[C@@H](CC(C)C)C(=O)N2CCC[C@H]2C(=O)N1C,-5.96
2966,CC(C)C[C@@H]1NC(=O)[C@@H](C)NC(=O)[C@H](Cc2ccccc2)NC(=O)[C@@H](CC(C)C)N(C)C(=O)[C@@H]2CCCN2C(=O)[C@H](CC(C)C)N(C)C1=O,-6.47
2964,CC(C)C[C@H]1NC(=O)[C@@H]2CCCN2C(=O)CN(Cc2ccccc2)C(=O)[C@@H](CC(C)C)NC(=O)[C@@H](C)NC(=O)[C@H](Cc2ccccc2)NC1=O,-6.45
2963,CC(C)C[C@H]1NC(=O)[C@@H](C)NC(=O)[C@H](Cc2ccccc2)NC(=O)CN(Cc2ccccc2)C(=O)[C@@H]2CCCN2C(=O)[C@@H](CC(C)C)NC1=O,-6.63
2962,CC(C)C[C@H]1C(=O)N[C@H](CC(C)C)C(=O)N2CCC[C@H]2C(=O)N(C)[C@H](CC(C)C)C(=O)N[C@@H](Cc2ccccc2)C(=O)N[C@H](C)C(=O)N1C,-5.16
2961,CC(C)C[C@H]1C(=O)N(C)[C@H](CC(C)C)C(=O)N2CCC[C@H]2C(=O)N[C@H](CC(C)C)C(=O)N[C@@H](Cc2ccccc2)C(=O)N[C@H](C)C(=O)N1C,-5.14
2960,CC(C)C[C@@H]1NC(=O)[C@@H](CC(C)C)N(C)C(=O)[C@@H](C)NC(=O)[C@H](Cc2ccccc2)NC(=O)[C@@H](CC(C)C)N(C)C(=O)[C@@H]2CCCN2C1=O,-5.3
2959,CC(C)C[C@H]1C(=O)N[C@@H](Cc2ccccc2)C(=O)N[C@H](C)C(=O)N(C)[C@H](CC(C)C)C(=O)N[C@H](CC(C)C)C(=O)N2CCC[C@H]2C(=O)N1C,-5.38
2958,CC(C)C[C@H]1C(=O)N2CCC[C@H]2C(=O)N(C)[C@H](CC(C)C)C(=O)N[C@@H](Cc2ccccc2)C(=O)N[C@H](C)C(=O)N[C@H](CC(C)C)C(=O)N1C,-6.49
2957,CC(C)C[C@H]1C(=O)N[C@@H](Cc2ccccc2)C(=O)N[C@H](C)C(=O)N[C@H](CC(C)C)C(=O)N(C)[C@H](CC(C)C)C(=O)N2CCC[C@H]2C(=O)N1C,-5.92
2956,CC(C)C[C@H]1NC(=O)[C@@H]2CCCN2C(=O)[C@@H](CC(C)C)N(C)C(=O)[C@@H](CC(C)C)N(C)C(=O)[C@@H](C)NC(=O)[C@H](Cc2ccccc2)NC1=O,-5.18
2955,CC(C)C[C@H]1NC(=O)[C@@H](CC(C)C)N(C)C(=O)[C@@H](C)NC(=O)[C@H](Cc2ccccc2)NC(=O)[C@@H](CC(C)C)N(C)C(=O)[C@@H]2CCCN2C1=O,-5.58
2954,CC(C)C[C@H]1NC(=O)[C@@H](C)NC(=O)[C@H](Cc2ccccc2)NC(=O)[C@@H](CC(C)C)N(C)C(=O)[C@@H]2CCCN2C(=O)[C@@H](CC(C)C)N(C)C1=O,-6.37
2953,CC(C)C[C@@H]1NC(=O)[C@@H]2CCCN2C(=O)[C@H](CC(C)C)NC(=O)[C@H](CC(C)C)N(C)C(=O)[C@@H](C)NC(=O)[C@H](Cc2ccccc2)NC1=O,-6.21
2952,CC(C)C[C@@H]1NC(=O)[C@@H](C)NC(=O)[C@H](Cc2ccccc2)NC(=O)[C@H](CC(C)C)N(C)C(=O)[C@@H]2CCCN2C(=O)[C@H](CC(C)C)NC1=O,-6.27
2951,CC(C)C[C@@H]1NC(=O)[C@@H]2CCCN2C(=O)[C@H](CC(C)C)NC(=O)[C@@H](CC(C)C)N(C)C(=O)[C@@H](C)NC(=O)[C@H](Cc2ccccc2)NC1=O,-5.89
2950,CC(C)C[C@@H]1NC(=O)[C@H](CC(C)C)N(C)C(=O)[C@@H](C)NC(=O)[C@H](Cc2ccccc2)NC(=O)[C@@H](CC(C)C)NC(=O)[C@@H]2CCCN2C1=O,-5.83
2949,CC(C)C[C@@H]1NC(=O)[C@@H](C)NC(=O)[C@H](Cc2ccccc2)NC(=O)[C@@H](CC(C)C)N(C)C(=O)[C@@H]2CCCN2C(=O)[C@H](CC(C)C)NC1=O,-6.33
2948,CC(C)C[C@@H]1NC(=O)[C@@H](C)NC(=O)[C@H](Cc2ccccc2)NC(=O)[C@H](CC(C)C)N(C)C(=O)[C@@H]2CCCN2C(=O)[C@@H](CC(C)C)NC1=O,-5.87
2947,CC(C)C[C@@H]1NC(=O)[C@@H](CC(C)C)NC(=O)[C@@H](C)NC(=O)[C@H](Cc2ccccc2)NC(=O)[C@H](CC(C)C)N(C)C(=O)[C@@H]2CCCN2C1=O,-6.31
2946,CC(C)C[C@@H]1NC(=O)[C@@H](C)NC(=O)[C@H](Cc2ccccc2)NC(=O)[C@@H](CC(C)C)NC(=O)[C@@H]2CCCN2C(=O)[C@H](CC(C)C)N(C)C1=O,-7.12
2945,CC(C)C[C@@H]1NC(=O)[C@@H](CC(C)C)N(C)C(=O)[C@@H](C)NC(=O)[C@H](Cc2ccccc2)NC(=O)[C@@H](CC(C)C)NC(=O)[C@@H]2CCCN2C1=O,-5.8
2944,CC(C)C[C@@H]1NC(=O)[C@@H]2CCCN2C(=O)[C@@H](CC(C)C)NC(=O)[C@@H](CC(C)C)N(C)C(=O)[C@@H](C)NC(=O)[C@H](Cc2ccccc2)NC1=O,-6.06
2943,CC(C)C[C@@H]1NC(=O)[C@@H](C)NC(=O)[C@H](Cc2ccccc2)NC(=O)[C@@H](CC(C)C)NC(=O)[C@@H]2CCCN2C(=O)[C@@H](CC(C)C)N(C)C1=O,-5.85
2942,CC(C)C[C@@H]1NC(=O)[C@@H](CC(C)C)NC(=O)[C@@H](C)NC(=O)[C@H](Cc2ccccc2)NC(=O)[C@@H](CC(C)C)N(C)C(=O)[C@@H]2CCCN2C1=O,-5.85
2941,CC(C)C[C@H]1C(=O)N[C@H](CC(C)C)C(=O)N2CCC[C@H]2C(=O)N[C@H](CC(C)C)C(=O)N[C@@H](Cc2ccccc2)C(=O)N[C@H](C)C(=O)N1C,-6.26
2940,CC(C)C[C@@H]1NC(=O)[C@@H]2CCCN2C(=O)[C@@H](CC(C)C)N(C)C(=O)[C@@H](CC(C)C)NC(=O)[C@@H](C)NC(=O)[C@H](Cc2ccccc2)NC1=O,-5.67
2939,CC(C)C[C@H]1C(=O)N[C@@H](Cc2ccccc2)C(=O)N[C@H](C)C(=O)N[C@H](CC(C)C)C(=O)N[C@H](CC(C)C)C(=O)N2CCC[C@H]2C(=O)N1C,-6.79
2938,CC(C)C[C@H]1NC(=O)[C@@H]2CCCN2C(=O)[C@@H](CC(C)C)N(C)C(=O)[C@@H](CC(C)C)NC(=O)[C@@H](C)NC(=O)[C@H](Cc2ccccc2)NC1=O,-5.69
2937,CC(C)C[C@H]1NC(=O)[C@@H]2CCCN2C(=O)[C@@H](CC(C)C)NC(=O)[C@@H](CC(C)C)N(C)C(=O)[C@@H](C)NC(=O)[C@H](Cc2ccccc2)NC1=O,-5.88
2936,CC(C)C[C@H]1NC(=O)[C@@H](C)NC(=O)[C@H](Cc2ccccc2)NC(=O)[C@@H](CC(C)C)N(C)C(=O)[C@@H]2CCCN2C(=O)[C@@H](CC(C)C)NC1=O,-6.77
2935,CC(C)C[C@@H]1NC(=O)[C@@H]2CCCN2C(=O)[C@H](CC(C)C)NC(=O)[C@H](CC(C)C)NC(=O)[C@@H](C)NC(=O)[C@H](Cc2ccccc2)NC1=O,-7.02
2934,CC(C)C[C@@H]1NC(=O)[C@@H](C)NC(=O)[C@H](Cc2ccccc2)NC(=O)[C@@H](CC(C)C)NC(=O)[C@@H]2CCCN2C(=O)[C@H](CC(C)C)NC1=O,-6.89
2933,CC(C)C[C@@H]1NC(=O)[C@@H]2CCCN2C(=O)[C@H](CC(C)C)NC(=O)[C@@H](CC(C)C)NC(=O)[C@@H](C)NC(=O)[C@H](Cc2ccccc2)NC1=O,-7.26
2932,CC(C)C[C@@H]1NC(=O)[C@@H](C)NC(=O)[C@H](Cc2ccccc2)NC(=O)[C@@H](CC(C)C)NC(=O)[C@@H]2CCCN2C(=O)[C@@H](CC(C)C)NC1=O,-6.22
2931,CC(C)C[C@@H]1NC(=O)[C@@H]2CCCN2C(=O)[C@@H](CC(C)C)NC(=O)[C@@H](CC(C)C)NC(=O)[C@@H](C)NC(=O)[C@H](Cc2ccccc2)NC1=O,-5.43
2930,CC(C)C[C@H]1NC(=O)[C@@H]2CCCN2C(=O)[C@@H](CC(C)C)NC(=O)[C@@H](CC(C)C)NC(=O)[C@@H](C)NC(=O)[C@H](Cc2ccccc2)NC1=O,-6.7
2926,CC(C)C[C@H]1C(=O)N[C@@H](Cc2ccccc2)CC(=O)N2CCC[C@H]2C(=O)N(C)[C@@H](CC(C)C)C(=O)N[C@@H](Cc2ccccc2)C(=O)N[C@@H](C)C(=O)N1C,-5.24
2925,CC(C)C[C@H]1C(=O)N[C@@H](Cc2ccccc2)CC(=O)N2CCC[C@H]2C(=O)N(C)[C@H](CC(C)C)C(=O)N[C@@H](Cc2ccccc2)C(=O)N[C@@H](C)C(=O)N1C,-6.02
2924,CC(C)C[C@@H]1C(=O)N[C@@H](Cc2ccccc2)CC(=O)N2CCC[C@H]2C(=O)N(C)[C@H](CC(C)C)C(=O)N[C@@H](Cc2ccccc2)C(=O)N[C@@H](C)C(=O)N1C,-6.28
2921,CC(C)C[C@@H]1NC(=O)[C@H](C)NC(=O)[C@H](Cc2ccccc2)NC(=O)[C@H](CC(C)C)N(C)C(=O)[C@@H]2CCCN2C(=O)C[C@H](Cc2ccccc2)NC1=O,-5.58
2920,CC(C)C[C@H]1C(=O)N(Cc2ccccc2)CC(=O)N2CCC[C@H]2C(=O)N(C)[C@@H](CC(C)C)C(=O)N[C@@H](Cc2ccccc2)C(=O)N[C@@H](C)C(=O)N1C,-5.52
2918,CC(C)C[C@H]1C(=O)N2CCC[C@H]2C(=O)N(Cc2ccccc2)CC(=O)N[C@@H](Cc2ccccc2)C(=O)N[C@@H](C)C(=O)N(C)[C@H](CC(C)C)C(=O)N1C,-5.3
2917,CC(C)C[C@H]1C(=O)N[C@@H](Cc2ccccc2)C(=O)N[C@@H](C)C(=O)N(C)[C@H](CC(C)C)C(=O)N(Cc2ccccc2)CC(=O)N2CCC[C@H]2C(=O)N1C,-5.51
2916,CC(C)C[C@H]1C(=O)N(Cc2ccccc2)CC(=O)N2CCC[C@H]2C(=O)N(C)[C@H](CC(C)C)C(=O)N[C@@H](Cc2ccccc2)C(=O)N[C@@H](C)C(=O)N1C,-5.2
2915,CC(C)C[C@@H]1NC(=O)[C@H](C)NC(=O)[C@H](Cc2ccccc2)NC(=O)[C@@H](CC(C)C)N(C)C(=O)[C@@H]2CCCN2C(=O)C[C@H](Cc2ccccc2)NC1=O,-6.22
2914,CC(C)C[C@@H]1NC(=O)[C@@H]2CCCN2C(=O)C[C@H](Cc2ccccc2)NC(=O)[C@@H](CC(C)C)N(C)C(=O)[C@H](C)NC(=O)[C@H](Cc2ccccc2)NC1=O,-6.28
2913,CC(C)C[C@H]1C(=O)N[C@@H](Cc2ccccc2)CC(=O)N2CCC[C@H]2C(=O)N[C@H](CC(C)C)C(=O)N[C@@H](Cc2ccccc2)C(=O)N[C@@H](C)C(=O)N1C,-6.89
2911,CC(C)C[C@@H]1C(=O)N(C)[C@H](CC(C)C)C(=O)N2CCC[C@H]2C(=O)N(Cc2ccccc2)CC(=O)N[C@@H](Cc2ccccc2)C(=O)N[C@@H](C)C(=O)N1C,-5.35
2909,CC(C)C[C@@H]1C(=O)N(Cc2ccccc2)CC(=O)N2CCC[C@H]2C(=O)N(C)[C@H](CC(C)C)C(=O)N[C@@H](Cc2ccccc2)C(=O)N[C@@H](C)C(=O)N1C,-5.77
2908,CC(C)C[C@@H]1NC(=O)[C@H](CC(C)C)N(C)C(=O)[C@H](C)NC(=O)[C@H](Cc2ccccc2)NC(=O)CN(Cc2ccccc2)C(=O)[C@@H]2CCCN2C1=O,-5.63
2907,CC(C)C[C@@H]1NC(=O)[C@H](C)NC(=O)[C@H](Cc2ccccc2)NC(=O)[C@H](CC(C)C)N(C)C(=O)[C@@H]2CCCN2C(=O)CN(Cc2ccccc2)C1=O,-5.89
2906,CC(C)C[C@@H]1NC(=O)[C@H](C)NC(=O)[C@H](Cc2ccccc2)NC(=O)[C@H](CC(C)C)NC(=O)[C@@H]2CCCN2C(=O)C[C@H](Cc2ccccc2)NC1=O,-5.94
2905,CC(C)C[C@@H]1NC(=O)[C@@H](CC(C)C)N(C)C(=O)[C@H](C)NC(=O)[C@H](Cc2ccccc2)NC(=O)CN(Cc2ccccc2)C(=O)[C@@H]2CCCN2C1=O,-5.48
2904,CC(C)C[C@H]1C(=O)N2CCC[C@H]2C(=O)N(Cc2ccccc2)CC(=O)N[C@@H](Cc2ccccc2)C(=O)N[C@@H](C)C(=O)N[C@H](CC(C)C)C(=O)N1C,-5.65
2903,CC(C)C[C@H]1C(=O)N[C@H](CC(C)C)C(=O)N2CCC[C@H]2C(=O)N(Cc2ccccc2)CC(=O)N[C@@H](Cc2ccccc2)C(=O)N[C@@H](C)C(=O)N1C,-5.12
2902,CC(C)C[C@@H]1NC(=O)[C@H](C)NC(=O)[C@H](Cc2ccccc2)NC(=O)CN(Cc2ccccc2)C(=O)[C@@H]2CCCN2C(=O)[C@@H](CC(C)C)N(C)C1=O,-5.56
2901,CC(C)C[C@@H]1NC(=O)[C@@H]2CCCN2C(=O)CN(Cc2ccccc2)C(=O)[C@@H](CC(C)C)N(C)C(=O)[C@H](C)NC(=O)[C@H](Cc2ccccc2)NC1=O,-5.91
2900,CC(C)C[C@H]1C(=O)N[C@@H](Cc2ccccc2)C(=O)N[C@@H](C)C(=O)N[C@H](CC(C)C)C(=O)N(Cc2ccccc2)CC(=O)N2CCC[C@H]2C(=O)N1C,-5.76
2899,CC(C)C[C@@H]1NC(=O)[C@H](C)NC(=O)[C@H](Cc2ccccc2)NC(=O)[C@@H](CC(C)C)N(C)C(=O)[C@@H]2CCCN2C(=O)CN(Cc2ccccc2)C1=O,-6.01
2898,CC(C)C[C@H]1C(=O)N(Cc2ccccc2)CC(=O)N2CCC[C@H]2C(=O)N[C@H](CC(C)C)C(=O)N[C@@H](Cc2ccccc2)C(=O)N[C@@H](C)C(=O)N1C,-6.07
2896,CC(C)C[C@@H]1NC(=O)[C@@H]2CCCN2C(=O)C[C@H](Cc2ccccc2)NC(=O)[C@@H](CC(C)C)NC(=O)[C@H](C)NC(=O)[C@H](Cc2ccccc2)NC1=O,-6.6
2895,CC(C)C[C@H]1C(=O)N[C@@H](Cc2ccccc2)C(=O)N[C@@H](C)C(=O)N(C)[C@H](CC(C)C)C(=O)N(C)[C@@H](CC(C)C)C(=O)N2CCC[C@H]2C(=O)N1C,-5.0
2894,CC(C)C[C@H]1C(=O)N(C)[C@H](CC(C)C)C(=O)N2CCC[C@H]2C(=O)N(C)[C@@H](CC(C)C)C(=O)N[C@@H](Cc2ccccc2)C(=O)N[C@@H](C)C(=O)N1C,-5.14
2893,CC(C)C[C@H]1NC(=O)[C@@H](CC(C)C)N(C)C(=O)[C@H](C)NC(=O)[C@H](Cc2ccccc2)NC(=O)CN(Cc2ccccc2)C(=O)[C@@H]2CCCN2C1=O,-5.22
2892,CC(C)C[C@H]1NC(=O)[C@H](C)NC(=O)[C@H](Cc2ccccc2)NC(=O)CN(Cc2ccccc2)C(=O)[C@@H]2CCCN2C(=O)[C@@H](CC(C)C)N(C)C1=O,-5.39
2891,CC(C)C[C@H]1NC(=O)[C@H](C)NC(=O)[C@H](Cc2ccccc2)NC(=O)[C@@H](CC(C)C)N(C)C(=O)[C@@H]2CCCN2C(=O)CN(Cc2ccccc2)C1=O,-5.91
2890,CC(C)C[C@H]1NC(=O)[C@@H]2CCCN2C(=O)CN(Cc2ccccc2)C(=O)[C@@H](CC(C)C)N(C)C(=O)[C@H](C)NC(=O)[C@H](Cc2ccccc2)NC1=O,-6.4
2889,CC(C)C[C@H]1NC(=O)[C@H](C)NC(=O)[C@H](Cc2ccccc2)NC(=O)[C@@H](CC(C)C)NC(=O)[C@@H]2CCCN2C(=O)C[C@H](Cc2ccccc2)NC1=O,-6.54
2888,CC(C)C[C@H]1C(=O)N[C@@H](Cc2ccccc2)C(=O)N[C@@H](C)C(=O)N(C)[C@H](CC(C)C)C(=O)N(C)[C@H](CC(C)C)C(=O)N2CCC[C@H]2C(=O)N1C,-5.16
2887,CC(C)C[C@H]1C(=O)N2CCC[C@H]2C(=O)N(C)[C@H](CC(C)C)C(=O)N[C@@H](Cc2ccccc2)C(=O)N[C@@H](C)C(=O)N(C)[C@H](CC(C)C)C(=O)N1C,-4.88
2886,CC(C)C[C@H]1C(=O)N(C)[C@H](CC(C)C)C(=O)N2CCC[C@H]2C(=O)N(C)[C@H](CC(C)C)C(=O)N[C@@H](Cc2ccccc2)C(=O)N[C@@H](C)C(=O)N1C,-5.07
2885,CC(C)C[C@@H]1C(=O)N(C)[C@H](CC(C)C)C(=O)N2CCC[C@H]2C(=O)N(C)[C@H](CC(C)C)C(=O)N[C@@H](Cc2ccccc2)C(=O)N[C@@H](C)C(=O)N1C,-5.22
2883,CC(C)C[C@@H]1NC(=O)[C@H](C)NC(=O)[C@H](Cc2ccccc2)NC(=O)CN(Cc2ccccc2)C(=O)[C@@H]2CCCN2C(=O)[C@H](CC(C)C)NC1=O,-5.85
2882,CC(C)C[C@@H]1NC(=O)[C@H](CC(C)C)N(C)C(=O)[C@H](C)NC(=O)[C@H](Cc2ccccc2)NC(=O)[C@H](CC(C)C)N(C)C(=O)[C@@H]2CCCN2C1=O,-5.28
2881,CC(C)C[C@@H]1NC(=O)[C@@H](CC(C)C)NC(=O)[C@H](C)NC(=O)[C@H](Cc2ccccc2)NC(=O)CN(Cc2ccccc2)C(=O)[C@@H]2CCCN2C1=O,-5.8
2880,CC(C)C[C@@H]1NC(=O)[C@H](C)NC(=O)[C@H](Cc2ccccc2)NC(=O)CN(Cc2ccccc2)C(=O)[C@@H]2CCCN2C(=O)[C@@H](CC(C)C)NC1=O,-5.68
2879,CC(C)C[C@@H]1NC(=O)[C@@H]2CCCN2C(=O)CN(Cc2ccccc2)C(=O)[C@@H](CC(C)C)NC(=O)[C@H](C)NC(=O)[C@H](Cc2ccccc2)NC1=O,-5.81
2878,CC(C)C[C@@H]1NC(=O)[C@H](C)NC(=O)[C@H](Cc2ccccc2)NC(=O)[C@@H](CC(C)C)NC(=O)[C@@H]2CCCN2C(=O)CN(Cc2ccccc2)C1=O,-6.33
2877,CC(C)C[C@@H]1NC(=O)[C@@H](CC(C)C)N(C)C(=O)[C@H](C)NC(=O)[C@H](Cc2ccccc2)NC(=O)[C@H](CC(C)C)N(C)C(=O)[C@@H]2CCCN2C1=O,-5.0
2876,CC(C)C[C@H]1C(=O)N[C@@H](Cc2ccccc2)C(=O)N[C@@H](C)C(=O)N[C@H](CC(C)C)C(=O)N(C)[C@@H](CC(C)C)C(=O)N2CCC[C@H]2C(=O)N1C,-5.28
2875,CC(C)C[C@H]1C(=O)N[C@H](CC(C)C)C(=O)N2CCC[C@H]2C(=O)N(C)[C@@H](CC(C)C)C(=O)N[C@@H](Cc2ccccc2)C(=O)N[C@@H](C)C(=O)N1C,-5.25
2874,CC(C)C[C@@H]1NC(=O)[C@H](C)NC(=O)[C@H](Cc2ccccc2)NC(=O)[C@H](CC(C)C)N(C)C(=O)[C@@H]2CCCN2C(=O)[C@@H](CC(C)C)N(C)C1=O,-5.48
2873,CC(C)C[C@H]1NC(=O)[C@H](C)NC(=O)[C@H](Cc2ccccc2)NC(=O)CN(Cc2ccccc2)C(=O)[C@@H]2CCCN2C(=O)[C@@H](CC(C)C)NC1=O,-5.9
2872,CC(C)C[C@H]1NC(=O)[C@@H]2CCCN2C(=O)CN(Cc2ccccc2)C(=O)[C@@H](CC(C)C)NC(=O)[C@H](C)NC(=O)[C@H](Cc2ccccc2)NC1=O,-6.1
2870,CC(C)C[C@@H]1NC(=O)[C@@H](CC(C)C)N(C)C(=O)[C@H](C)NC(=O)[C@H](Cc2ccccc2)NC(=O)[C@@H](CC(C)C)N(C)C(=O)[C@@H]2CCCN2C1=O,-4.9
2869,CC(C)C[C@@H]1NC(=O)[C@@H]2CCCN2C(=O)[C@@H](CC(C)C)N(C)C(=O)[C@@H](CC(C)C)N(C)C(=O)[C@H](C)NC(=O)[C@H](Cc2ccccc2)NC1=O,-5.41
2868,CC(C)C[C@@H]1NC(=O)[C@H](C)NC(=O)[C@H](Cc2ccccc2)NC(=O)[C@@H](CC(C)C)N(C)C(=O)[C@@H]2CCCN2C(=O)[C@@H](CC(C)C)N(C)C1=O,-5.73
2867,CC(C)C[C@H]1C(=O)N2CCC[C@H]2C(=O)N(C)[C@H](CC(C)C)C(=O)N[C@@H](Cc2ccccc2)C(=O)N[C@@H](C)C(=O)N[C@H](CC(C)C)C(=O)N1C,-5.72
2866,CC(C)C[C@H]1C(=O)N[C@H](CC(C)C)C(=O)N2CCC[C@H]2C(=O)N(C)[C@H](CC(C)C)C(=O)N[C@@H](Cc2ccccc2)C(=O)N[C@@H](C)C(=O)N1C,-5.35
2865,CC(C)C[C@H]1C(=O)N2CCC[C@H]2C(=O)N[C@H](CC(C)C)C(=O)N[C@@H](Cc2ccccc2)C(=O)N[C@@H](C)C(=O)N(C)[C@H](CC(C)C)C(=O)N1C,-5.61
2864,CC(C)C[C@H]1NC(=O)[C@@H](CC(C)C)N(C)C(=O)[C@H](C)NC(=O)[C@H](Cc2ccccc2)NC(=O)[C@@H](CC(C)C)N(C)C(=O)[C@@H]2CCCN2C1=O,-5.22
2863,CC(C)C[C@H]1NC(=O)[C@@H]2CCCN2C(=O)[C@@H](CC(C)C)N(C)C(=O)[C@@H](CC(C)C)N(C)C(=O)[C@H](C)NC(=O)[C@H](Cc2ccccc2)NC1=O,-5.51
2862,CC(C)C[C@H]1NC(=O)[C@H](C)NC(=O)[C@H](Cc2ccccc2)NC(=O)[C@@H](CC(C)C)N(C)C(=O)[C@@H]2CCCN2C(=O)[C@@H](CC(C)C)N(C)C1=O,-5.41
2861,CC(C)C[C@@H]1NC(=O)[C@H](C)NC(=O)[C@H](Cc2ccccc2)NC(=O)[C@H](CC(C)C)N(C)C(=O)[C@@H]2CCCN2C(=O)[C@H](CC(C)C)NC1=O,-6.15
2860,CC(C)C[C@@H]1NC(=O)[C@@H]2CCCN2C(=O)[C@@H](CC(C)C)N(C)C(=O)[C@H](CC(C)C)NC(=O)[C@H](C)NC(=O)[C@H](Cc2ccccc2)NC1=O,-5.69
2859,CC(C)C[C@@H]1NC(=O)[C@@H](CC(C)C)NC(=O)[C@H](C)NC(=O)[C@H](Cc2ccccc2)NC(=O)[C@H](CC(C)C)N(C)C(=O)[C@@H]2CCCN2C1=O,-5.88
2858,CC(C)C[C@@H]1NC(=O)[C@@H]2CCCN2C(=O)[C@H](CC(C)C)NC(=O)[C@@H](CC(C)C)N(C)C(=O)[C@H](C)NC(=O)[C@H](Cc2ccccc2)NC1=O,-5.79
2857,CC(C)C[C@@H]1NC(=O)[C@H](CC(C)C)N(C)C(=O)[C@H](C)NC(=O)[C@H](Cc2ccccc2)NC(=O)[C@@H](CC(C)C)NC(=O)[C@@H]2CCCN2C1=O,-6.12
2856,CC(C)C[C@@H]1NC(=O)[C@H](C)NC(=O)[C@H](Cc2ccccc2)NC(=O)[C@@H](CC(C)C)N(C)C(=O)[C@@H]2CCCN2C(=O)[C@H](CC(C)C)NC1=O,-6.19
2855,CC(C)C[C@@H]1NC(=O)[C@@H]2CCCN2C(=O)[C@H](CC(C)C)N(C)C(=O)[C@@H](CC(C)C)NC(=O)[C@H](C)NC(=O)[C@H](Cc2ccccc2)NC1=O,-6.26
2853,CC(C)C[C@@H]1NC(=O)[C@@H]2CCCN2C(=O)[C@@H](CC(C)C)NC(=O)[C@@H](CC(C)C)N(C)C(=O)[C@H](C)NC(=O)[C@H](Cc2ccccc2)NC1=O,-5.62
2852,CC(C)C[C@@H]1NC(=O)[C@@H](CC(C)C)NC(=O)[C@H](C)NC(=O)[C@H](Cc2ccccc2)NC(=O)[C@@H](CC(C)C)N(C)C(=O)[C@@H]2CCCN2C1=O,-5.94
2851,CC(C)C[C@@H]1NC(=O)[C@H](C)NC(=O)[C@H](Cc2ccccc2)NC(=O)[C@@H](CC(C)C)N(C)C(=O)[C@@H]2CCCN2C(=O)[C@@H](CC(C)C)NC1=O,-6.0
2850,CC(C)C[C@H]1C(=O)N[C@H](CC(C)C)C(=O)N2CCC[C@H]2C(=O)N[C@H](CC(C)C)C(=O)N[C@@H](Cc2ccccc2)C(=O)N[C@@H](C)C(=O)N1C,-6.3
2849,CC(C)C[C@@H]1NC(=O)[C@H](C)NC(=O)[C@H](Cc2ccccc2)NC(=O)[C@@H](CC(C)C)NC(=O)[C@@H]2CCCN2C(=O)[C@@H](CC(C)C)N(C)C1=O,-6.1
2848,CC(C)C[C@@H]1NC(=O)[C@@H]2CCCN2C(=O)[C@@H](CC(C)C)N(C)C(=O)[C@@H](CC(C)C)NC(=O)[C@H](C)NC(=O)[C@H](Cc2ccccc2)NC1=O,-6.31
2847,CC(C)C[C@H]1C(=O)N2CCC[C@H]2C(=O)N[C@H](CC(C)C)C(=O)N[C@@H](Cc2ccccc2)C(=O)N[C@@H](C)C(=O)N[C@H](CC(C)C)C(=O)N1C,-6.59
2846,CC(C)C[C@H]1NC(=O)[C@@H]2CCCN2C(=O)[C@@H](CC(C)C)NC(=O)[C@@H](CC(C)C)N(C)C(=O)[C@H](C)NC(=O)[C@H](Cc2ccccc2)NC1=O,-5.95
2845,CC(C)C[C@H]1NC(=O)[C@H](C)NC(=O)[C@H](Cc2ccccc2)NC(=O)[C@@H](CC(C)C)N(C)C(=O)[C@@H]2CCCN2C(=O)[C@@H](CC(C)C)NC1=O,-6.11
2844,CC(C)C[C@@H]1NC(=O)[C@@H]2CCCN2C(=O)[C@H](CC(C)C)NC(=O)[C@@H](CC(C)C)NC(=O)[C@H](C)NC(=O)[C@H](Cc2ccccc2)NC1=O,-6.49
2843,CC(C)C[C@@H]1NC(=O)[C@H](C)NC(=O)[C@H](Cc2ccccc2)NC(=O)[C@@H](CC(C)C)NC(=O)[C@@H]2CCCN2C(=O)[C@H](CC(C)C)NC1=O,-6.62
2842,CC(C)C[C@@H]1NC(=O)[C@@H]2CCCN2C(=O)[C@@H](CC(C)C)NC(=O)[C@@H](CC(C)C)NC(=O)[C@H](C)NC(=O)[C@H](Cc2ccccc2)NC1=O,-6.45
2841,CC(C)C[C@@H]1NC(=O)[C@H](C)NC(=O)[C@H](Cc2ccccc2)NC(=O)[C@@H](CC(C)C)NC(=O)[C@@H]2CCCN2C(=O)[C@@H](CC(C)C)NC1=O,-6.23
2840,CC(C)C[C@H]1NC(=O)[C@H](C)NC(=O)[C@H](Cc2ccccc2)NC(=O)[C@@H](CC(C)C)NC(=O)[C@@H]2CCCN2C(=O)[C@@H](CC(C)C)NC1=O,-6.39
2833,CCCN1CC(=O)N(C)[C@@H](CC(C)C)C(=O)N(C)[C@@H](CC(C)C)C(=O)N2CCC[C@H]2C(=O)N(Cc2ccccc2)CC(=O)N[C@@H](Cc2ccccc2)C1=O,-4.88
2832,CCCN1CC(=O)N(C)[C@@H](CC(C)C)C(=O)N(Cc2ccccc2)CC(=O)N2CCC[C@H]2C(=O)N(C)[C@@H](CC(C)C)C(=O)N[C@@H](Cc2ccccc2)C1=O,-4.93
2830,CCCN1CC(=O)N(C)[C@@H](CC(C)C)C(=O)N(C)[C@H](CC(C)C)C(=O)N2CCC[C@H]2C(=O)N(Cc2ccccc2)CC(=O)N[C@@H](Cc2ccccc2)C1=O,-5.09
2829,CCCN1CC(=O)N(C)[C@H](CC(C)C)C(=O)N(C)[C@@H](CC(C)C)C(=O)N2CCC[C@H]2C(=O)N(Cc2ccccc2)CC(=O)N[C@@H](Cc2ccccc2)C1=O,-4.97
2828,CCCN1CC(=O)N(C)[C@H](CC(C)C)C(=O)N(Cc2ccccc2)CC(=O)N2CCC[C@H]2C(=O)N(C)[C@@H](CC(C)C)C(=O)N[C@@H](Cc2ccccc2)C1=O,-5.14
2827,CCCN1CC(=O)N(C)[C@H](CC(C)C)C(=O)N[C@@H](Cc2ccccc2)CC(=O)N2CCC[C@H]2C(=O)N[C@@H](CC(C)C)C(=O)N[C@@H](Cc2ccccc2)C1=O,-5.56
2826,CCCN1CC(=O)N(C)[C@H](CC(C)C)C(=O)N(Cc2ccccc2)CC(=O)N2CCC[C@H]2C(=O)N(C)[C@H](CC(C)C)C(=O)N[C@@H](Cc2ccccc2)C1=O,-5.02
2825,CCCN1CC(=O)N[C@H](CC(C)C)C(=O)N[C@@H](Cc2ccccc2)CC(=O)N2CCC[C@H]2C(=O)N(C)[C@H](CC(C)C)C(=O)N[C@@H](Cc2ccccc2)C1=O,-5.67
2824,CCCN1CC(=O)N(C)[C@@H](CC(C)C)C(=O)N[C@@H](CC(C)C)C(=O)N2CCC[C@H]2C(=O)N(Cc2ccccc2)CC(=O)N[C@@H](Cc2ccccc2)C1=O,-4.95
2823,CCCN1CC(=O)N[C@@H](CC(C)C)C(=O)N(Cc2ccccc2)CC(=O)N2CCC[C@H]2C(=O)N(C)[C@@H](CC(C)C)C(=O)N[C@@H](Cc2ccccc2)C1=O,-4.87
2822,CCCN1CC(=O)N[C@@H](CC(C)C)C(=O)N(C)[C@@H](CC(C)C)C(=O)N2CCC[C@H]2C(=O)N(Cc2ccccc2)CC(=O)N[C@@H](Cc2ccccc2)C1=O,-4.99
2821,CCCN1CC(=O)N[C@@H](CC(C)C)C(=O)N[C@@H](Cc2ccccc2)CC(=O)N2CCC[C@H]2C(=O)N[C@@H](CC(C)C)C(=O)N[C@@H](Cc2ccccc2)C1=O,-5.99
2820,CCCN1CC(=O)N[C@H](CC(C)C)C(=O)N(C)[C@@H](CC(C)C)C(=O)N2CCC[C@H]2C(=O)N(Cc2ccccc2)CC(=O)N[C@@H](Cc2ccccc2)C1=O,-5.08
2819,CCCN1CC(=O)N[C@@H](CC(C)C)C(=O)N(C)[C@H](CC(C)C)C(=O)N2CCC[C@H]2C(=O)N(Cc2ccccc2)CC(=O)N[C@@H](Cc2ccccc2)C1=O,-4.98
2818,CCCN1CC(=O)N[C@@H](CC(C)C)C(=O)N(Cc2ccccc2)CC(=O)N2CCC[C@H]2C(=O)N(C)[C@H](CC(C)C)C(=O)N[C@@H](Cc2ccccc2)C1=O,-4.83
2817,CCCN1CC(=O)N[C@H](CC(C)C)C(=O)N(Cc2ccccc2)CC(=O)N2CCC[C@H]2C(=O)N(C)[C@@H](CC(C)C)C(=O)N[C@@H](Cc2ccccc2)C1=O,-4.88
2816,CCCN1CC(=O)N(C)[C@H](CC(C)C)C(=O)N[C@@H](CC(C)C)C(=O)N2CCC[C@H]2C(=O)N(Cc2ccccc2)CC(=O)N[C@@H](Cc2ccccc2)C1=O,-5.69
2815,CCCN1CC(=O)N[C@H](CC(C)C)C(=O)N[C@@H](Cc2ccccc2)CC(=O)N2CCC[C@H]2C(=O)N[C@@H](CC(C)C)C(=O)N[C@@H](Cc2ccccc2)C1=O,-5.55
2814,CCCN1CC(=O)N(C)[C@@H](CC(C)C)C(=O)N(C)[C@H](CC(C)C)C(=O)N2CCC[C@H]2C(=O)N(C)[C@@H](CC(C)C)C(=O)N[C@@H](Cc2ccccc2)C1=O,-4.83
2813,CCCN1CC(=O)N(C)[C@H](CC(C)C)C(=O)N(C)[C@@H](CC(C)C)C(=O)N2CCC[C@H]2C(=O)N(C)[C@@H](CC(C)C)C(=O)N[C@@H](Cc2ccccc2)C1=O,-4.72
2812,CCCN1CC(=O)N[C@H](CC(C)C)C(=O)N(Cc2ccccc2)CC(=O)N2CCC[C@H]2C(=O)N(C)[C@H](CC(C)C)C(=O)N[C@@H](Cc2ccccc2)C1=O,-5.24
2811,CCCN1CC(=O)N(C)[C@H](CC(C)C)C(=O)N[C@H](CC(C)C)C(=O)N2CCC[C@H]2C(=O)N(Cc2ccccc2)CC(=O)N[C@@H](Cc2ccccc2)C1=O,-5.89
2810,CCCN1CC(=O)N(C)[C@H](CC(C)C)C(=O)N(Cc2ccccc2)CC(=O)N2CCC[C@H]2C(=O)N[C@H](CC(C)C)C(=O)N[C@@H](Cc2ccccc2)C1=O,-6.23
2809,CCCN1CC(=O)N(C)[C@@H](CC(C)C)C(=O)N(C)[C@H](CC(C)C)C(=O)N2CCC[C@H]2C(=O)N(C)[C@H](CC(C)C)C(=O)N[C@@H](Cc2ccccc2)C1=O,-4.77
2808,CCCN1CC(=O)N(C)[C@H](CC(C)C)C(=O)N(C)[C@@H](CC(C)C)C(=O)N2CCC[C@H]2C(=O)N(C)[C@H](CC(C)C)C(=O)N[C@@H](Cc2ccccc2)C1=O,-4.82
2807,CCCN1CC(=O)N(C)[C@H](CC(C)C)C(=O)N(C)[C@H](CC(C)C)C(=O)N2CCC[C@H]2C(=O)N(C)[C@H](CC(C)C)C(=O)N[C@@H](Cc2ccccc2)C1=O,-4.84
2806,CCCN1CC(=O)N[C@@H](CC(C)C)C(=O)N[C@@H](CC(C)C)C(=O)N2CCC[C@H]2C(=O)N(Cc2ccccc2)CC(=O)N[C@@H](Cc2ccccc2)C1=O,-5.42
2805,CCCN1CC(=O)N(C)[C@@H](CC(C)C)C(=O)N[C@@H](CC(C)C)C(=O)N2CCC[C@H]2C(=O)N(C)[C@@H](CC(C)C)C(=O)N[C@@H](Cc2ccccc2)C1=O,-4.82
2804,CCCN1CC(=O)N[C@@H](CC(C)C)C(=O)N[C@H](CC(C)C)C(=O)N2CCC[C@H]2C(=O)N(Cc2ccccc2)CC(=O)N[C@@H](Cc2ccccc2)C1=O,-5.59
2803,CCCN1CC(=O)N[C@H](CC(C)C)C(=O)N[C@@H](CC(C)C)C(=O)N2CCC[C@H]2C(=O)N(Cc2ccccc2)CC(=O)N[C@@H](Cc2ccccc2)C1=O,-5.5
2802,CCCN1CC(=O)N[C@@H](CC(C)C)C(=O)N(Cc2ccccc2)CC(=O)N2CCC[C@H]2C(=O)N[C@H](CC(C)C)C(=O)N[C@@H](Cc2ccccc2)C1=O,-5.65
2801,CCCN1CC(=O)N[C@H](CC(C)C)C(=O)N(Cc2ccccc2)CC(=O)N2CCC[C@H]2C(=O)N[C@@H](CC(C)C)C(=O)N[C@@H](Cc2ccccc2)C1=O,-5.55
2800,CCCN1CC(=O)N(C)[C@@H](CC(C)C)C(=O)N[C@@H](CC(C)C)C(=O)N2CCC[C@H]2C(=O)N(C)[C@H](CC(C)C)C(=O)N[C@@H](Cc2ccccc2)C1=O,-4.8
2799,CCCN1CC(=O)N(C)[C@H](CC(C)C)C(=O)N[C@@H](CC(C)C)C(=O)N2CCC[C@H]2C(=O)N(C)[C@@H](CC(C)C)C(=O)N[C@@H](Cc2ccccc2)C1=O,-4.74
2798,CCCN1CC(=O)N(C)[C@@H](CC(C)C)C(=O)N(C)[C@H](CC(C)C)C(=O)N2CCC[C@H]2C(=O)N[C@@H](CC(C)C)C(=O)N[C@@H](Cc2ccccc2)C1=O,-4.71
2797,CCCN1CC(=O)N[C@H](CC(C)C)C(=O)N(C)[C@@H](CC(C)C)C(=O)N2CCC[C@H]2C(=O)N(C)[C@@H](CC(C)C)C(=O)N[C@@H](Cc2ccccc2)C1=O,-4.76
2795,CCCN1CC(=O)N[C@H](CC(C)C)C(=O)N[C@H](CC(C)C)C(=O)N2CCC[C@H]2C(=O)N(Cc2ccccc2)CC(=O)N[C@@H](Cc2ccccc2)C1=O,-5.88
2794,CCCN1CC(=O)N(C)[C@H](CC(C)C)C(=O)N[C@@H](CC(C)C)C(=O)N2CCC[C@H]2C(=O)N(C)[C@H](CC(C)C)C(=O)N[C@@H](Cc2ccccc2)C1=O,-4.82
2793,CCCN1CC(=O)N(C)[C@@H](CC(C)C)C(=O)N(C)[C@H](CC(C)C)C(=O)N2CCC[C@H]2C(=O)N[C@H](CC(C)C)C(=O)N[C@@H](Cc2ccccc2)C1=O,-4.71
2792,CCCN1CC(=O)N(C)[C@@H](CC(C)C)C(=O)N[C@H](CC(C)C)C(=O)N2CCC[C@H]2C(=O)N(C)[C@H](CC(C)C)C(=O)N[C@@H](Cc2ccccc2)C1=O,-4.82
2791,CCCN1CC(=O)N[C@H](CC(C)C)C(=O)N(C)[C@@H](CC(C)C)C(=O)N2CCC[C@H]2C(=O)N(C)[C@H](CC(C)C)C(=O)N[C@@H](Cc2ccccc2)C1=O,-4.92
2790,CCCN1CC(=O)N(C)[C@H](CC(C)C)C(=O)N(C)[C@@H](CC(C)C)C(=O)N2CCC[C@H]2C(=O)N[C@H](CC(C)C)C(=O)N[C@@H](Cc2ccccc2)C1=O,-5.37
2789,CCCN1CC(=O)N(C)[C@H](CC(C)C)C(=O)N(C)[C@H](CC(C)C)C(=O)N2CCC[C@H]2C(=O)N[C@H](CC(C)C)C(=O)N[C@@H](Cc2ccccc2)C1=O,-4.8
2788,CCCN1CC(=O)N(C)[C@H](CC(C)C)C(=O)N[C@H](CC(C)C)C(=O)N2CCC[C@H]2C(=O)N(C)[C@H](CC(C)C)C(=O)N[C@@H](Cc2ccccc2)C1=O,-4.82
2787,CCCN1CC(=O)N[C@H](CC(C)C)C(=O)N(C)[C@H](CC(C)C)C(=O)N2CCC[C@H]2C(=O)N(C)[C@H](CC(C)C)C(=O)N[C@@H](Cc2ccccc2)C1=O,-4.83
2786,CCCN1CC(=O)N(C)[C@@H](CC(C)C)C(=O)N[C@@H](CC(C)C)C(=O)N2CCC[C@H]2C(=O)N[C@@H](CC(C)C)C(=O)N[C@@H](Cc2ccccc2)C1=O,-5.4
2785,CCCN1CC(=O)N[C@@H](CC(C)C)C(=O)N[C@@H](CC(C)C)C(=O)N2CCC[C@H]2C(=O)N(C)[C@@H](CC(C)C)C(=O)N[C@@H](Cc2ccccc2)C1=O,-5.03
2784,CCCN1CC(=O)N(C)[C@@H](CC(C)C)C(=O)N[C@@H](CC(C)C)C(=O)N2CCC[C@H]2C(=O)N[C@H](CC(C)C)C(=O)N[C@@H](Cc2ccccc2)C1=O,-4.93
2783,CCCN1CC(=O)N[C@@H](CC(C)C)C(=O)N[C@@H](CC(C)C)C(=O)N2CCC[C@H]2C(=O)N(C)[C@H](CC(C)C)C(=O)N[C@@H](Cc2ccccc2)C1=O,-4.99
2782,CCCN1CC(=O)N[C@@H](CC(C)C)C(=O)N(C)[C@H](CC(C)C)C(=O)N2CCC[C@H]2C(=O)N[C@@H](CC(C)C)C(=O)N[C@@H](Cc2ccccc2)C1=O,-5.2
2781,CCCN1CC(=O)N[C@H](CC(C)C)C(=O)N[C@@H](CC(C)C)C(=O)N2CCC[C@H]2C(=O)N(C)[C@@H](CC(C)C)C(=O)N[C@@H](Cc2ccccc2)C1=O,-5.0
2780,CCCN1CC(=O)N(C)[C@@H](CC(C)C)C(=O)N[C@H](CC(C)C)C(=O)N2CCC[C@H]2C(=O)N[C@@H](CC(C)C)C(=O)N[C@@H](Cc2ccccc2)C1=O,-5.85
2779,CCCN1CC(=O)N(C)[C@H](CC(C)C)C(=O)N[C@@H](CC(C)C)C(=O)N2CCC[C@H]2C(=O)N[C@H](CC(C)C)C(=O)N[C@@H](Cc2ccccc2)C1=O,-4.92
2778,CCCN1CC(=O)N[C@@H](CC(C)C)C(=O)N[C@H](CC(C)C)C(=O)N2CCC[C@H]2C(=O)N(C)[C@H](CC(C)C)C(=O)N[C@@H](Cc2ccccc2)C1=O,-4.93
2777,CCCN1CC(=O)N[C@H](CC(C)C)C(=O)N(C)[C@H](CC(C)C)C(=O)N2CCC[C@H]2C(=O)N[C@H](CC(C)C)C(=O)N[C@@H](Cc2ccccc2)C1=O,-4.96
2776,CCCN1CC(=O)N(C)[C@H](CC(C)C)C(=O)N[C@H](CC(C)C)C(=O)N2CCC[C@H]2C(=O)N[C@H](CC(C)C)C(=O)N[C@@H](Cc2ccccc2)C1=O,-4.89
2775,CCCN1CC(=O)N[C@H](CC(C)C)C(=O)N[C@H](CC(C)C)C(=O)N2CCC[C@H]2C(=O)N(C)[C@H](CC(C)C)C(=O)N[C@@H](Cc2ccccc2)C1=O,-5.95
2774,CCCN1CC(=O)N[C@H](CC(C)C)C(=O)N[C@@H](CC(C)C)C(=O)N2CCC[C@H]2C(=O)N[C@@H](CC(C)C)C(=O)N[C@@H](Cc2ccccc2)C1=O,-4.94
2773,CCCN1CC(=O)N[C@@H](CC(C)C)C(=O)N[C@@H](CC(C)C)C(=O)N2CCC[C@H]2C(=O)N[C@H](CC(C)C)C(=O)N[C@@H](Cc2ccccc2)C1=O,-6.08
2772,CCCN1CC(=O)N[C@H](CC(C)C)C(=O)N[C@@H](CC(C)C)C(=O)N2CCC[C@H]2C(=O)N[C@H](CC(C)C)C(=O)N[C@@H](Cc2ccccc2)C1=O,-5.26
2771,CCCN1CC(=O)N[C@@H](CC(C)C)C(=O)N[C@H](CC(C)C)C(=O)N2CCC[C@H]2C(=O)N[C@H](CC(C)C)C(=O)N[C@@H](Cc2ccccc2)C1=O,-5.73
2770,CCCN1CC(=O)N[C@H](CC(C)C)C(=O)N[C@H](CC(C)C)C(=O)N2CCC[C@H]2C(=O)N[C@@H](CC(C)C)C(=O)N[C@@H](Cc2ccccc2)C1=O,-5.08
2766,CCCN1CC(=O)N(C)[C@@H](CC(C)C)C(=O)N[C@@H](Cc2ccccc2)CC(=O)N2CCC[C@@H]2C(=O)N(C)[C@@H](CC(C)C)C(=O)N[C@@H](Cc2ccccc2)C1=O,-5.28
2763,CCCN1CC(=O)N(C)[C@@H](CC(C)C)C(=O)N[C@@H](Cc2ccccc2)CC(=O)N2CCC[C@@H]2C(=O)N(C)[C@H](CC(C)C)C(=O)N[C@@H](Cc2ccccc2)C1=O,-5.38
2761,CCCN1CC(=O)N(C)[C@@H](CC(C)C)C(=O)N(Cc2ccccc2)CC(=O)N2CCC[C@@H]2C(=O)N(C)[C@@H](CC(C)C)C(=O)N[C@@H](Cc2ccccc2)C1=O,-5.15
2760,CCCN1CC(=O)N(C)[C@@H](CC(C)C)C(=O)N(C)[C@@H](CC(C)C)C(=O)N2CCC[C@@H]2C(=O)N(Cc2ccccc2)CC(=O)N[C@@H](Cc2ccccc2)C1=O,-5.19
2759,CCCN1CC(=O)N(C)[C@H](CC(C)C)C(=O)N(C)[C@@H](CC(C)C)C(=O)N2CCC[C@@H]2C(=O)N(Cc2ccccc2)CC(=O)N[C@@H](Cc2ccccc2)C1=O,-5.15
2758,CCCN1CC(=O)N(C)[C@@H](CC(C)C)C(=O)N[C@@H](Cc2ccccc2)CC(=O)N2CCC[C@@H]2C(=O)N[C@H](CC(C)C)C(=O)N[C@@H](Cc2ccccc2)C1=O,-5.35
2757,CCCN1CC(=O)N(C)[C@@H](CC(C)C)C(=O)N(C)[C@H](CC(C)C)C(=O)N2CCC[C@@H]2C(=O)N(Cc2ccccc2)CC(=O)N[C@@H](Cc2ccccc2)C1=O,-5.1
2756,CCCN1CC(=O)N(C)[C@H](CC(C)C)C(=O)N(Cc2ccccc2)CC(=O)N2CCC[C@@H]2C(=O)N(C)[C@@H](CC(C)C)C(=O)N[C@@H](Cc2ccccc2)C1=O,-5.59
2755,CCCN1CC(=O)N(C)[C@H](CC(C)C)C(=O)N(Cc2ccccc2)CC(=O)N2CCC[C@@H]2C(=O)N(C)[C@H](CC(C)C)C(=O)N[C@@H](Cc2ccccc2)C1=O,-5.34
2754,CCCN1CC(=O)N[C@H](CC(C)C)C(=O)N[C@@H](Cc2ccccc2)CC(=O)N2CCC[C@@H]2C(=O)N(C)[C@H](CC(C)C)C(=O)N[C@@H](Cc2ccccc2)C1=O,-5.33
2753,CCCN1CC(=O)N(C)[C@H](CC(C)C)C(=O)N(C)[C@H](CC(C)C)C(=O)N2CCC[C@@H]2C(=O)N(Cc2ccccc2)CC(=O)N[C@@H](Cc2ccccc2)C1=O,-5.7
2751,CCCN1CC(=O)N(C)[C@@H](CC(C)C)C(=O)N[C@@H](CC(C)C)C(=O)N2CCC[C@@H]2C(=O)N(Cc2ccccc2)CC(=O)N[C@@H](Cc2ccccc2)C1=O,-5.25
2750,CCCN1CC(=O)N[C@@H](CC(C)C)C(=O)N(C)[C@@H](CC(C)C)C(=O)N2CCC[C@@H]2C(=O)N(Cc2ccccc2)CC(=O)N[C@@H](Cc2ccccc2)C1=O,-5.13
2749,CCCN1CC(=O)N[C@H](CC(C)C)C(=O)N(Cc2ccccc2)CC(=O)N2CCC[C@@H]2C(=O)N(C)[C@@H](CC(C)C)C(=O)N[C@@H](Cc2ccccc2)C1=O,-5.04
2748,CCCN1CC(=O)N(C)[C@@H](CC(C)C)C(=O)N(Cc2ccccc2)CC(=O)N2CCC[C@@H]2C(=O)N[C@H](CC(C)C)C(=O)N[C@@H](Cc2ccccc2)C1=O,-5.13
2747,CCCN1CC(=O)N[C@@H](CC(C)C)C(=O)N(C)[C@H](CC(C)C)C(=O)N2CCC[C@@H]2C(=O)N(Cc2ccccc2)CC(=O)N[C@@H](Cc2ccccc2)C1=O,-5.13
2746,CCCN1CC(=O)N(C)[C@H](CC(C)C)C(=O)N[C@@H](CC(C)C)C(=O)N2CCC[C@@H]2C(=O)N(Cc2ccccc2)CC(=O)N[C@@H](Cc2ccccc2)C1=O,-5.37
2745,CCCN1CC(=O)N[C@@H](CC(C)C)C(=O)N[C@@H](Cc2ccccc2)CC(=O)N2CCC[C@@H]2C(=O)N[C@H](CC(C)C)C(=O)N[C@@H](Cc2ccccc2)C1=O,-6.09
2744,CCCN1CC(=O)N[C@H](CC(C)C)C(=O)N[C@@H](Cc2ccccc2)CC(=O)N2CCC[C@@H]2C(=O)N[C@@H](CC(C)C)C(=O)N[C@@H](Cc2ccccc2)C1=O,-6.11
2743,CCCN1CC(=O)N(C)[C@H](CC(C)C)C(=O)N(C)[C@@H](CC(C)C)C(=O)N2CCC[C@@H]2C(=O)N(C)[C@@H](CC(C)C)C(=O)N[C@@H](Cc2ccccc2)C1=O,-5.08
2742,CCCN1CC(=O)N(C)[C@@H](CC(C)C)C(=O)N(C)[C@H](CC(C)C)C(=O)N2CCC[C@@H]2C(=O)N(C)[C@@H](CC(C)C)C(=O)N[C@@H](Cc2ccccc2)C1=O,-4.87
2741,CCCN1CC(=O)N(C)[C@H](CC(C)C)C(=O)N(Cc2ccccc2)CC(=O)N2CCC[C@@H]2C(=O)N[C@H](CC(C)C)C(=O)N[C@@H](Cc2ccccc2)C1=O,-5.33
2740,CCCN1CC(=O)N[C@H](CC(C)C)C(=O)N(Cc2ccccc2)CC(=O)N2CCC[C@@H]2C(=O)N(C)[C@H](CC(C)C)C(=O)N[C@@H](Cc2ccccc2)C1=O,-5.35
2739,CCCN1CC(=O)N(C)[C@H](CC(C)C)C(=O)N(C)[C@@H](CC(C)C)C(=O)N2CCC[C@@H]2C(=O)N(C)[C@H](CC(C)C)C(=O)N[C@@H](Cc2ccccc2)C1=O,-5.09
2738,CCCN1CC(=O)N(C)[C@@H](CC(C)C)C(=O)N(C)[C@H](CC(C)C)C(=O)N2CCC[C@@H]2C(=O)N(C)[C@H](CC(C)C)C(=O)N[C@@H](Cc2ccccc2)C1=O,-5.13
2737,CCCN1CC(=O)N(C)[C@H](CC(C)C)C(=O)N(C)[C@H](CC(C)C)C(=O)N2CCC[C@@H]2C(=O)N(C)[C@H](CC(C)C)C(=O)N[C@@H](Cc2ccccc2)C1=O,-5.28
2736,CCCN1CC(=O)N[C@@H](CC(C)C)C(=O)N[C@@H](CC(C)C)C(=O)N2CCC[C@@H]2C(=O)N(Cc2ccccc2)CC(=O)N[C@@H](Cc2ccccc2)C1=O,-5.39
2734,CCCN1CC(=O)N[C@@H](CC(C)C)C(=O)N(Cc2ccccc2)CC(=O)N2CCC[C@@H]2C(=O)N[C@@H](CC(C)C)C(=O)N[C@@H](Cc2ccccc2)C1=O,-5.89
2733,CCCN1CC(=O)N(C)[C@@H](CC(C)C)C(=O)N[C@@H](CC(C)C)C(=O)N2CCC[C@@H]2C(=O)N(C)[C@@H](CC(C)C)C(=O)N[C@@H](Cc2ccccc2)C1=O,-4.96
2732,CCCN1CC(=O)N[C@@H](CC(C)C)C(=O)N(C)[C@@H](CC(C)C)C(=O)N2CCC[C@@H]2C(=O)N(C)[C@@H](CC(C)C)C(=O)N[C@@H](Cc2ccccc2)C1=O,-5.01
2731,CCCN1CC(=O)N[C@H](CC(C)C)C(=O)N[C@@H](CC(C)C)C(=O)N2CCC[C@@H]2C(=O)N(Cc2ccccc2)CC(=O)N[C@@H](Cc2ccccc2)C1=O,-5.01
2730,CCCN1CC(=O)N[C@H](CC(C)C)C(=O)N(Cc2ccccc2)CC(=O)N2CCC[C@@H]2C(=O)N[C@@H](CC(C)C)C(=O)N[C@@H](Cc2ccccc2)C1=O,-5.77
2729,CCCN1CC(=O)N[C@@H](CC(C)C)C(=O)N(Cc2ccccc2)CC(=O)N2CCC[C@@H]2C(=O)N[C@H](CC(C)C)C(=O)N[C@@H](Cc2ccccc2)C1=O,-6.11
2728,CCCN1CC(=O)N(C)[C@H](CC(C)C)C(=O)N[C@@H](CC(C)C)C(=O)N2CCC[C@@H]2C(=O)N(C)[C@@H](CC(C)C)C(=O)N[C@@H](Cc2ccccc2)C1=O,-5.05
2727,CCCN1CC(=O)N(C)[C@@H](CC(C)C)C(=O)N[C@@H](CC(C)C)C(=O)N2CCC[C@@H]2C(=O)N(C)[C@H](CC(C)C)C(=O)N[C@@H](Cc2ccccc2)C1=O,-4.98
2726,CCCN1CC(=O)N(C)[C@@H](CC(C)C)C(=O)N[C@H](CC(C)C)C(=O)N2CCC[C@@H]2C(=O)N(C)[C@@H](CC(C)C)C(=O)N[C@@H](Cc2ccccc2)C1=O,-4.83
2725,CCCN1CC(=O)N[C@@H](CC(C)C)C(=O)N(C)[C@@H](CC(C)C)C(=O)N2CCC[C@@H]2C(=O)N(C)[C@H](CC(C)C)C(=O)N[C@@H](Cc2ccccc2)C1=O,-4.86
2724,CCCN1CC(=O)N(C)[C@H](CC(C)C)C(=O)N(C)[C@@H](CC(C)C)C(=O)N2CCC[C@@H]2C(=O)N[C@@H](CC(C)C)C(=O)N[C@@H](Cc2ccccc2)C1=O,-5.01
2723,CCCN1CC(=O)N(C)[C@@H](CC(C)C)C(=O)N(C)[C@@H](CC(C)C)C(=O)N2CCC[C@@H]2C(=O)N[C@H](CC(C)C)C(=O)N[C@@H](Cc2ccccc2)C1=O,-5.32
2722,CCCN1CC(=O)N[C@H](CC(C)C)C(=O)N(Cc2ccccc2)CC(=O)N2CCC[C@@H]2C(=O)N[C@H](CC(C)C)C(=O)N[C@@H](Cc2ccccc2)C1=O,-5.43
2720,CCCN1CC(=O)N[C@H](CC(C)C)C(=O)N[C@H](CC(C)C)C(=O)N2CCC[C@@H]2C(=O)N(Cc2ccccc2)CC(=O)N[C@@H](Cc2ccccc2)C1=O,-5.93
2719,CCCN1CC(=O)N(C)[C@H](CC(C)C)C(=O)N[C@@H](CC(C)C)C(=O)N2CCC[C@@H]2C(=O)N(C)[C@H](CC(C)C)C(=O)N[C@@H](Cc2ccccc2)C1=O,-4.96
2718,CCCN1CC(=O)N(C)[C@H](CC(C)C)C(=O)N[C@H](CC(C)C)C(=O)N2CCC[C@@H]2C(=O)N(C)[C@@H](CC(C)C)C(=O)N[C@@H](Cc2ccccc2)C1=O,-4.89
2717,CCCN1CC(=O)N(C)[C@H](CC(C)C)C(=O)N(C)[C@@H](CC(C)C)C(=O)N2CCC[C@@H]2C(=O)N[C@H](CC(C)C)C(=O)N[C@@H](Cc2ccccc2)C1=O,-5.04
2716,CCCN1CC(=O)N(C)[C@@H](CC(C)C)C(=O)N(C)[C@H](CC(C)C)C(=O)N2CCC[C@@H]2C(=O)N[C@H](CC(C)C)C(=O)N[C@@H](Cc2ccccc2)C1=O,-5.05
2715,CCCN1CC(=O)N(C)[C@@H](CC(C)C)C(=O)N[C@H](CC(C)C)C(=O)N2CCC[C@@H]2C(=O)N(C)[C@H](CC(C)C)C(=O)N[C@@H](Cc2ccccc2)C1=O,-5.16
2714,CCCN1CC(=O)N(C)[C@H](CC(C)C)C(=O)N[C@H](CC(C)C)C(=O)N2CCC[C@@H]2C(=O)N(C)[C@H](CC(C)C)C(=O)N[C@@H](Cc2ccccc2)C1=O,-5.1
2713,CCCN1CC(=O)N[C@@H](CC(C)C)C(=O)N[C@@H](CC(C)C)C(=O)N2CCC[C@@H]2C(=O)N(C)[C@@H](CC(C)C)C(=O)N[C@@H](Cc2ccccc2)C1=O,-5.16
2712,CCCN1CC(=O)N[C@@H](CC(C)C)C(=O)N(C)[C@@H](CC(C)C)C(=O)N2CCC[C@@H]2C(=O)N[C@@H](CC(C)C)C(=O)N[C@@H](Cc2ccccc2)C1=O,-5.21
2711,CCCN1CC(=O)N[C@H](CC(C)C)C(=O)N[C@@H](CC(C)C)C(=O)N2CCC[C@@H]2C(=O)N(C)[C@@H](CC(C)C)C(=O)N[C@@H](Cc2ccccc2)C1=O,-4.8
2710,CCCN1CC(=O)N(C)[C@@H](CC(C)C)C(=O)N[C@@H](CC(C)C)C(=O)N2CCC[C@@H]2C(=O)N[C@H](CC(C)C)C(=O)N[C@@H](Cc2ccccc2)C1=O,-5.0
2709,CCCN1CC(=O)N[C@@H](CC(C)C)C(=O)N[C@@H](CC(C)C)C(=O)N2CCC[C@@H]2C(=O)N(C)[C@H](CC(C)C)C(=O)N[C@@H](Cc2ccccc2)C1=O,-5.15
2708,CCCN1CC(=O)N[C@H](CC(C)C)C(=O)N(C)[C@@H](CC(C)C)C(=O)N2CCC[C@@H]2C(=O)N[C@@H](CC(C)C)C(=O)N[C@@H](Cc2ccccc2)C1=O,-5.29
2707,CCCN1CC(=O)N(C)[C@@H](CC(C)C)C(=O)N[C@H](CC(C)C)C(=O)N2CCC[C@@H]2C(=O)N[C@@H](CC(C)C)C(=O)N[C@@H](Cc2ccccc2)C1=O,-5.22
2706,CCCN1CC(=O)N[C@@H](CC(C)C)C(=O)N(C)[C@@H](CC(C)C)C(=O)N2CCC[C@@H]2C(=O)N[C@H](CC(C)C)C(=O)N[C@@H](Cc2ccccc2)C1=O,-5.68
2705,CCCN1CC(=O)N[C@H](CC(C)C)C(=O)N(C)[C@@H](CC(C)C)C(=O)N2CCC[C@@H]2C(=O)N[C@H](CC(C)C)C(=O)N[C@@H](Cc2ccccc2)C1=O,-5.02
2704,CCCN1CC(=O)N(C)[C@H](CC(C)C)C(=O)N[C@@H](CC(C)C)C(=O)N2CCC[C@@H]2C(=O)N[C@H](CC(C)C)C(=O)N[C@@H](Cc2ccccc2)C1=O,-5.3
2703,CCCN1CC(=O)N(C)[C@@H](CC(C)C)C(=O)N[C@H](CC(C)C)C(=O)N2CCC[C@@H]2C(=O)N[C@H](CC(C)C)C(=O)N[C@@H](Cc2ccccc2)C1=O,-5.19
2702,CCCN1CC(=O)N[C@H](CC(C)C)C(=O)N[C@H](CC(C)C)C(=O)N2CCC[C@@H]2C(=O)N(C)[C@@H](CC(C)C)C(=O)N[C@@H](Cc2ccccc2)C1=O,-5.47
2701,CCCN1CC(=O)N[C@@H](CC(C)C)C(=O)N(C)[C@H](CC(C)C)C(=O)N2CCC[C@@H]2C(=O)N[C@H](CC(C)C)C(=O)N[C@@H](Cc2ccccc2)C1=O,-5.21
2700,CCCN1CC(=O)N(C)[C@H](CC(C)C)C(=O)N[C@H](CC(C)C)C(=O)N2CCC[C@@H]2C(=O)N[C@@H](CC(C)C)C(=O)N[C@@H](Cc2ccccc2)C1=O,-5.3
2699,CCCN1CC(=O)N[C@@H](CC(C)C)C(=O)N[C@H](CC(C)C)C(=O)N2CCC[C@@H]2C(=O)N(C)[C@H](CC(C)C)C(=O)N[C@@H](Cc2ccccc2)C1=O,-5.07
2698,CCCN1CC(=O)N(C)[C@H](CC(C)C)C(=O)N[C@H](CC(C)C)C(=O)N2CCC[C@@H]2C(=O)N[C@H](CC(C)C)C(=O)N[C@@H](Cc2ccccc2)C1=O,-5.76
2697,CCCN1CC(=O)N[C@H](CC(C)C)C(=O)N[C@H](CC(C)C)C(=O)N2CCC[C@@H]2C(=O)N(C)[C@H](CC(C)C)C(=O)N[C@@H](Cc2ccccc2)C1=O,-6.02
2696,CCCN1CC(=O)N[C@@H](CC(C)C)C(=O)N[C@@H](CC(C)C)C(=O)N2CCC[C@@H]2C(=O)N[C@@H](CC(C)C)C(=O)N[C@@H](Cc2ccccc2)C1=O,-6.62
2695,CCCN1CC(=O)N[C@H](CC(C)C)C(=O)N[C@@H](CC(C)C)C(=O)N2CCC[C@@H]2C(=O)N[C@@H](CC(C)C)C(=O)N[C@@H](Cc2ccccc2)C1=O,-6.0
2694,CCCN1CC(=O)N[C@H](CC(C)C)C(=O)N[C@@H](CC(C)C)C(=O)N2CCC[C@@H]2C(=O)N[C@H](CC(C)C)C(=O)N[C@@H](Cc2ccccc2)C1=O,-5.18
2693,CCCN1CC(=O)N[C@@H](CC(C)C)C(=O)N[C@H](CC(C)C)C(=O)N2CCC[C@@H]2C(=O)N[C@H](CC(C)C)C(=O)N[C@@H](Cc2ccccc2)C1=O,-6.04
2692,CCCN1CC(=O)N[C@H](CC(C)C)C(=O)N[C@H](CC(C)C)C(=O)N2CCC[C@@H]2C(=O)N[C@@H](CC(C)C)C(=O)N[C@@H](Cc2ccccc2)C1=O,-5.9
2691,CCCN1CC(=O)N[C@H](CC(C)C)C(=O)N[C@H](CC(C)C)C(=O)N2CCC[C@@H]2C(=O)N[C@H](CC(C)C)C(=O)N[C@@H](Cc2ccccc2)C1=O,-4.93
1821,CCCC[C@@H]1NC(=O)[C@@H](CC(C)C)NC(=O)CN(CC2CCOCC2)C(=O)[C@@H](Cc2ccccc2)NC(=O)CN(Cc2ccc3c(c2)OCO3)C(=O)[C@H]2CCCN2C1=O,-5.27
1820,CCCC[C@@H]1NC(=O)[C@@H](CC(C)C)NC(=O)CN(CC2CCCCC2)C(=O)[C@@H](Cc2ccccc2)NC(=O)CN(Cc2ccc3c(c2)OCO3)C(=O)[C@H]2CCCN2C1=O,-8.27
1819,CCCCCN1CC(=O)N[C@H](CC(C)C)C(=O)N[C@@H](CCCC)C(=O)N2CCC[C@@H]2C(=O)N(Cc2ccc3c(c2)OCO3)CC(=O)N[C@H](Cc2ccccc2)C1=O,-5.44
1816,CCCCCN1CC(=O)N[C@H](CC(C)C)C(=O)N[C@@H](CCCC)C(=O)N2CCC[C@@H]2C(=O)N(CCCOC(C)C)CC(=O)N[C@H](Cc2ccccc2)C1=O,-5.03
1815,CCCC[C@@H]1NC(=O)[C@@H](CC(C)C)NC(=O)CN(CC2CCOCC2)C(=O)[C@@H](C)NC(=O)CN(Cc2ccc3c(c2)OCO3)C(=O)[C@H]2CCCN2C1=O,-5.89
1814,CCCC[C@@H]1NC(=O)[C@@H](CC(C)C)NC(=O)CN(CC2CCCCC2)C(=O)[C@@H](C)NC(=O)CN(Cc2ccc3c(c2)OCO3)C(=O)[C@H]2CCCN2C1=O,-5.19
1813,CCCCCN1CC(=O)N[C@H](CC(C)C)C(=O)N[C@@H](CCCC)C(=O)N2CCC[C@@H]2C(=O)N(Cc2ccc3c(c2)OCO3)CC(=O)N[C@H](C)C1=O,-5.31
1810,CCCC[C@@H]1NC(=O)[C@@H](CC(C)C)NC(=O)CN(CC2CCOCC2)C(=O)[C@@H](C)NC(=O)CN(CCCOC(C)C)C(=O)[C@H]2CCCN2C1=O,-6.6
1809,CCCC[C@@H]1NC(=O)[C@@H](CC(C)C)NC(=O)CN(CC2CCCCC2)C(=O)[C@@H](C)NC(=O)CN(CCCOC(C)C)C(=O)[C@H]2CCCN2C1=O,-5.44
1808,CCCCCN1CC(=O)N[C@H](CC(C)C)C(=O)N[C@@H](CCCC)C(=O)N2CCC[C@@H]2C(=O)N(CC)CC(=O)N[C@H](Cc2ccccc2)C1=O,-5.22
1806,CCCC[C@@H]1NC(=O)[C@@H](CC(C)C)NC(=O)CN(CC2CCOCC2)C(=O)[C@@H](C)NC(=O)CN(CC)C(=O)[C@H]2CCCN2C1=O,-7.14
1805,CCCC[C@@H]1NC(=O)[C@@H](CC(C)C)NC(=O)CN(CC2CCCCC2)C(=O)[C@@H](C)NC(=O)CN(CC)C(=O)[C@H]2CCCN2C1=O,-6.0
1803,CCCC[C@@H]1NC(=O)[C@@H](CC(C)C)N(C)C(=O)CN(CC2CCOCC2)C(=O)[C@@H](Cc2ccccc2)NC(=O)CN(Cc2ccc3c(c2)OCO3)C(=O)[C@H]2CCCN2C1=O,-5.29
1802,CCCC[C@@H]1NC(=O)[C@@H](CC(C)C)N(C)C(=O)CN(CC2CCCCC2)C(=O)[C@@H](Cc2ccccc2)NC(=O)CN(Cc2ccc3c(c2)OCO3)C(=O)[C@H]2CCCN2C1=O,-6.88
1798,CCCCCN1CC(=O)N(C)[C@H](CC(C)C)C(=O)N[C@@H](CCCC)C(=O)N2CCC[C@@H]2C(=O)N(CCCOC(C)C)CC(=O)N[C@H](Cc2ccccc2)C1=O,-5.21
1797,CCCC[C@@H]1NC(=O)[C@@H](CC(C)C)N(C)C(=O)CN(CC2CCOCC2)C(=O)[C@@H](C)NC(=O)CN(Cc2ccc3c(c2)OCO3)C(=O)[C@H]2CCCN2C1=O,-6.05
1796,CCCC[C@@H]1NC(=O)[C@@H](CC(C)C)N(C)C(=O)CN(CC2CCCCC2)C(=O)[C@@H](C)NC(=O)CN(Cc2ccc3c(c2)OCO3)C(=O)[C@H]2CCCN2C1=O,-5.13
1795,CCCCCN1CC(=O)N(C)[C@H](CC(C)C)C(=O)N[C@@H](CCCC)C(=O)N2CCC[C@@H]2C(=O)N(Cc2ccc3c(c2)OCO3)CC(=O)N[C@H](C)C1=O,-5.1
1792,CCCC[C@@H]1NC(=O)[C@@H](CC(C)C)N(C)C(=O)CN(CC2CCOCC2)C(=O)[C@@H](C)NC(=O)CN(CCCOC(C)C)C(=O)[C@H]2CCCN2C1=O,-6.66
1791,CCCC[C@@H]1NC(=O)[C@@H](CC(C)C)N(C)C(=O)CN(CC2CCCCC2)C(=O)[C@@H](C)NC(=O)CN(CCCOC(C)C)C(=O)[C@H]2CCCN2C1=O,-5.09
1790,CCCCCN1CC(=O)N(C)[C@H](CC(C)C)C(=O)N[C@@H](CCCC)C(=O)N2CCC[C@@H]2C(=O)N(CC)CC(=O)N[C@H](Cc2ccccc2)C1=O,-5.01
1788,CCCC[C@@H]1NC(=O)[C@@H](CC(C)C)N(C)C(=O)CN(CC2CCOCC2)C(=O)[C@@H](C)NC(=O)CN(CC)C(=O)[C@H]2CCCN2C1=O,-7.19
1787,CCCC[C@@H]1NC(=O)[C@@H](CC(C)C)N(C)C(=O)CN(CC2CCCCC2)C(=O)[C@@H](C)NC(=O)CN(CC)C(=O)[C@H]2CCCN2C1=O,-5.57
1785,CCCC[C@@H]1NC(=O)[C@@H](CC(C)C)NC(=O)CN(CC2CCOCC2)C(=O)[C@@H](Cc2ccccc2)NC(=O)CN(Cc2ccc3c(c2)OCO3)C(=O)[C@@H]2CCCN2C1=O,-6.0
1784,CCCC[C@@H]1NC(=O)[C@@H](CC(C)C)NC(=O)CN(CC2CCCCC2)C(=O)[C@@H](Cc2ccccc2)NC(=O)CN(Cc2ccc3c(c2)OCO3)C(=O)[C@@H]2CCCN2C1=O,-5.33
1783,CCCCCN1CC(=O)N[C@H](CC(C)C)C(=O)N[C@@H](CCCC)C(=O)N2CCC[C@H]2C(=O)N(Cc2ccc3c(c2)OCO3)CC(=O)N[C@H](Cc2ccccc2)C1=O,-5.12
1780,CCCCCN1CC(=O)N[C@H](CC(C)C)C(=O)N[C@@H](CCCC)C(=O)N2CCC[C@H]2C(=O)N(CCCOC(C)C)CC(=O)N[C@H](Cc2ccccc2)C1=O,-4.93
1779,CCCC[C@@H]1NC(=O)[C@@H](CC(C)C)NC(=O)CN(CC2CCOCC2)C(=O)[C@@H](C)NC(=O)CN(Cc2ccc3c(c2)OCO3)C(=O)[C@@H]2CCCN2C1=O,-6.64
1778,CCCC[C@@H]1NC(=O)[C@@H](CC(C)C)NC(=O)CN(CC2CCCCC2)C(=O)[C@@H](C)NC(=O)CN(Cc2ccc3c(c2)OCO3)C(=O)[C@@H]2CCCN2C1=O,-5.42
1777,CCCCCN1CC(=O)N[C@H](CC(C)C)C(=O)N[C@@H](CCCC)C(=O)N2CCC[C@H]2C(=O)N(Cc2ccc3c(c2)OCO3)CC(=O)N[C@H](C)C1=O,-5.68
1774,CCCC[C@@H]1NC(=O)[C@@H](CC(C)C)NC(=O)CN(CC2CCOCC2)C(=O)[C@@H](C)NC(=O)CN(CCCOC(C)C)C(=O)[C@@H]2CCCN2C1=O,-7.5
1773,CCCC[C@@H]1NC(=O)[C@@H](CC(C)C)NC(=O)CN(CC2CCCCC2)C(=O)[C@@H](C)NC(=O)CN(CCCOC(C)C)C(=O)[C@@H]2CCCN2C1=O,-5.81
1772,CCCCCN1CC(=O)N[C@H](CC(C)C)C(=O)N[C@@H](CCCC)C(=O)N2CCC[C@H]2C(=O)N(CC)CC(=O)N[C@H](Cc2ccccc2)C1=O,-5.23
1770,CCCC[C@@H]1NC(=O)[C@@H](CC(C)C)NC(=O)CN(CC2CCOCC2)C(=O)[C@@H](C)NC(=O)CN(CC)C(=O)[C@@H]2CCCN2C1=O,-8.0
1769,CCCC[C@@H]1NC(=O)[C@@H](CC(C)C)NC(=O)CN(CC2CCCCC2)C(=O)[C@@H](C)NC(=O)CN(CC)C(=O)[C@@H]2CCCN2C1=O,-6.34
1767,CCCC[C@@H]1NC(=O)[C@@H](CC(C)C)N(C)C(=O)CN(CC2CCOCC2)C(=O)[C@@H](Cc2ccccc2)NC(=O)CN(Cc2ccc3c(c2)OCO3)C(=O)[C@@H]2CCCN2C1=O,-5.43
1766,CCCC[C@@H]1NC(=O)[C@@H](CC(C)C)N(C)C(=O)CN(CC2CCCCC2)C(=O)[C@@H](Cc2ccccc2)NC(=O)CN(Cc2ccc3c(c2)OCO3)C(=O)[C@@H]2CCCN2C1=O,-5.94
1765,CCCCCN1CC(=O)N(C)[C@H](CC(C)C)C(=O)N[C@@H](CCCC)C(=O)N2CCC[C@H]2C(=O)N(Cc2ccc3c(c2)OCO3)CC(=O)N[C@H](Cc2ccccc2)C1=O,-5.43
1762,CCCCCN1CC(=O)N(C)[C@H](CC(C)C)C(=O)N[C@@H](CCCC)C(=O)N2CCC[C@H]2C(=O)N(CCCOC(C)C)CC(=O)N[C@H](Cc2ccccc2)C1=O,-4.86
1761,CCCC[C@@H]1NC(=O)[C@@H](CC(C)C)N(C)C(=O)CN(CC2CCOCC2)C(=O)[C@@H](C)NC(=O)CN(Cc2ccc3c(c2)OCO3)C(=O)[C@@H]2CCCN2C1=O,-6.64
1760,CCCC[C@@H]1NC(=O)[C@@H](CC(C)C)N(C)C(=O)CN(CC2CCCCC2)C(=O)[C@@H](C)NC(=O)CN(Cc2ccc3c(c2)OCO3)C(=O)[C@@H]2CCCN2C1=O,-5.1
1759,CCCCCN1CC(=O)N(C)[C@H](CC(C)C)C(=O)N[C@@H](CCCC)C(=O)N2CCC[C@H]2C(=O)N(Cc2ccc3c(c2)OCO3)CC(=O)N[C@H](C)C1=O,-5.33
1756,CCCC[C@@H]1NC(=O)[C@@H](CC(C)C)N(C)C(=O)CN(CC2CCOCC2)C(=O)[C@@H](C)NC(=O)CN(CCCOC(C)C)C(=O)[C@@H]2CCCN2C1=O,-7.42
1755,CCCC[C@@H]1NC(=O)[C@@H](CC(C)C)N(C)C(=O)CN(CC2CCCCC2)C(=O)[C@@H](C)NC(=O)CN(CCCOC(C)C)C(=O)[C@@H]2CCCN2C1=O,-5.3
1754,CCCCCN1CC(=O)N(C)[C@H](CC(C)C)C(=O)N[C@@H](CCCC)C(=O)N2CCC[C@H]2C(=O)N(CC)CC(=O)N[C@H](Cc2ccccc2)C1=O,-4.96
1752,CCCC[C@@H]1NC(=O)[C@@H](CC(C)C)N(C)C(=O)CN(CC2CCOCC2)C(=O)[C@@H](C)NC(=O)CN(CC)C(=O)[C@@H]2CCCN2C1=O,-7.68
1751,CCCC[C@@H]1NC(=O)[C@@H](CC(C)C)N(C)C(=O)CN(CC2CCCCC2)C(=O)[C@@H](C)NC(=O)CN(CC)C(=O)[C@@H]2CCCN2C1=O,-5.75
1749,CCCC[C@@H]1NC(=O)[C@@H](CC(C)C)NC(=O)CN(CC2CCOCC2)C(=O)[C@H](Cc2ccccc2)NC(=O)CN(Cc2ccc3c(c2)OCO3)C(=O)[C@H]2CCCN2C1=O,-5.06
1748,CCCC[C@@H]1NC(=O)[C@@H](CC(C)C)NC(=O)CN(CC2CCCCC2)C(=O)[C@H](Cc2ccccc2)NC(=O)CN(Cc2ccc3c(c2)OCO3)C(=O)[C@H]2CCCN2C1=O,-5.89
1747,CCCCCN1CC(=O)N[C@H](CC(C)C)C(=O)N[C@@H](CCCC)C(=O)N2CCC[C@@H]2C(=O)N(Cc2ccc3c(c2)OCO3)CC(=O)N[C@@H](Cc2ccccc2)C1=O,-5.23
1744,CCCCCN1CC(=O)N[C@H](CC(C)C)C(=O)N[C@@H](CCCC)C(=O)N2CCC[C@@H]2C(=O)N(CCCOC(C)C)CC(=O)N[C@@H](Cc2ccccc2)C1=O,-4.81
1743,CCCC[C@@H]1NC(=O)[C@@H](CC(C)C)NC(=O)CN(CC2CCOCC2)C(=O)[C@H](C)NC(=O)CN(Cc2ccc3c(c2)OCO3)C(=O)[C@H]2CCCN2C1=O,-6.05
1742,CCCC[C@@H]1NC(=O)[C@@H](CC(C)C)NC(=O)CN(CC2CCCCC2)C(=O)[C@H](C)NC(=O)CN(Cc2ccc3c(c2)OCO3)C(=O)[C@H]2CCCN2C1=O,-4.9
1741,CCCCCN1CC(=O)N[C@H](CC(C)C)C(=O)N[C@@H](CCCC)C(=O)N2CCC[C@@H]2C(=O)N(Cc2ccc3c(c2)OCO3)CC(=O)N[C@@H](C)C1=O,-4.99
1738,CCCC[C@@H]1NC(=O)[C@@H](CC(C)C)NC(=O)CN(CC2CCOCC2)C(=O)[C@H](C)NC(=O)CN(CCCOC(C)C)C(=O)[C@H]2CCCN2C1=O,-6.75
1737,CCCC[C@@H]1NC(=O)[C@@H](CC(C)C)NC(=O)CN(CC2CCCCC2)C(=O)[C@H](C)NC(=O)CN(CCCOC(C)C)C(=O)[C@H]2CCCN2C1=O,-5.02
1736,CCCCCN1CC(=O)N[C@H](CC(C)C)C(=O)N[C@@H](CCCC)C(=O)N2CCC[C@@H]2C(=O)N(CC)CC(=O)N[C@@H](Cc2ccccc2)C1=O,-4.81
1734,CCCC[C@@H]1NC(=O)[C@@H](CC(C)C)NC(=O)CN(CC2CCOCC2)C(=O)[C@H](C)NC(=O)CN(CC)C(=O)[C@H]2CCCN2C1=O,-7.39
1733,CCCC[C@@H]1NC(=O)[C@@H](CC(C)C)NC(=O)CN(CC2CCCCC2)C(=O)[C@H](C)NC(=O)CN(CC)C(=O)[C@H]2CCCN2C1=O,-5.58
1731,CCCC[C@@H]1NC(=O)[C@@H](CC(C)C)N(C)C(=O)CN(CC2CCOCC2)C(=O)[C@H](Cc2ccccc2)NC(=O)CN(Cc2ccc3c(c2)OCO3)C(=O)[C@H]2CCCN2C1=O,-5.48
1730,CCCC[C@@H]1NC(=O)[C@@H](CC(C)C)N(C)C(=O)CN(CC2CCCCC2)C(=O)[C@H](Cc2ccccc2)NC(=O)CN(Cc2ccc3c(c2)OCO3)C(=O)[C@H]2CCCN2C1=O,-7.17
1729,CCCCCN1CC(=O)N(C)[C@H](CC(C)C)C(=O)N[C@@H](CCCC)C(=O)N2CCC[C@@H]2C(=O)N(Cc2ccc3c(c2)OCO3)CC(=O)N[C@@H](Cc2ccccc2)C1=O,-8.26
1726,CCCCCN1CC(=O)N(C)[C@H](CC(C)C)C(=O)N[C@@H](CCCC)C(=O)N2CCC[C@@H]2C(=O)N(CCCOC(C)C)CC(=O)N[C@@H](Cc2ccccc2)C1=O,-5.58
1725,CCCC[C@@H]1NC(=O)[C@@H](CC(C)C)N(C)C(=O)CN(CC2CCOCC2)C(=O)[C@H](C)NC(=O)CN(Cc2ccc3c(c2)OCO3)C(=O)[C@H]2CCCN2C1=O,-5.47
1724,CCCC[C@@H]1NC(=O)[C@@H](CC(C)C)N(C)C(=O)CN(CC2CCCCC2)C(=O)[C@H](C)NC(=O)CN(Cc2ccc3c(c2)OCO3)C(=O)[C@H]2CCCN2C1=O,-5.17
1723,CCCCCN1CC(=O)N(C)[C@H](CC(C)C)C(=O)N[C@@H](CCCC)C(=O)N2CCC[C@@H]2C(=O)N(Cc2ccc3c(c2)OCO3)CC(=O)N[C@@H](C)C1=O,-4.98
1720,CCCC[C@@H]1NC(=O)[C@@H](CC(C)C)N(C)C(=O)CN(CC2CCOCC2)C(=O)[C@H](C)NC(=O)CN(CCCOC(C)C)C(=O)[C@H]2CCCN2C1=O,-5.95
1719,CCCC[C@@H]1NC(=O)[C@@H](CC(C)C)N(C)C(=O)CN(CC2CCCCC2)C(=O)[C@H](C)NC(=O)CN(CCCOC(C)C)C(=O)[C@H]2CCCN2C1=O,-4.86
1718,CCCCCN1CC(=O)N(C)[C@H](CC(C)C)C(=O)N[C@@H](CCCC)C(=O)N2CCC[C@@H]2C(=O)N(CC)CC(=O)N[C@@H](Cc2ccccc2)C1=O,-5.11
1716,CCCC[C@@H]1NC(=O)[C@@H](CC(C)C)N(C)C(=O)CN(CC2CCOCC2)C(=O)[C@H](C)NC(=O)CN(CC)C(=O)[C@H]2CCCN2C1=O,-6.6
1715,CCCC[C@@H]1NC(=O)[C@@H](CC(C)C)N(C)C(=O)CN(CC2CCCCC2)C(=O)[C@H](C)NC(=O)CN(CC)C(=O)[C@H]2CCCN2C1=O,-4.91
1713,CCCC[C@@H]1NC(=O)[C@@H](CC(C)C)NC(=O)CN(CC2CCOCC2)C(=O)[C@H](Cc2ccccc2)NC(=O)CN(Cc2ccc3c(c2)OCO3)C(=O)[C@@H]2CCCN2C1=O,-5.15
1712,CCCC[C@@H]1NC(=O)[C@@H](CC(C)C)NC(=O)CN(CC2CCCCC2)C(=O)[C@H](Cc2ccccc2)NC(=O)CN(Cc2ccc3c(c2)OCO3)C(=O)[C@@H]2CCCN2C1=O,-5.61
1711,CCCCCN1CC(=O)N[C@H](CC(C)C)C(=O)N[C@@H](CCCC)C(=O)N2CCC[C@H]2C(=O)N(Cc2ccc3c(c2)OCO3)CC(=O)N[C@@H](Cc2ccccc2)C1=O,-5.26
1708,CCCCCN1CC(=O)N[C@H](CC(C)C)C(=O)N[C@@H](CCCC)C(=O)N2CCC[C@H]2C(=O)N(CCCOC(C)C)CC(=O)N[C@@H](Cc2ccccc2)C1=O,-4.94
1707,CCCC[C@@H]1NC(=O)[C@@H](CC(C)C)NC(=O)CN(CC2CCOCC2)C(=O)[C@H](C)NC(=O)CN(Cc2ccc3c(c2)OCO3)C(=O)[C@@H]2CCCN2C1=O,-5.89
1706,CCCC[C@@H]1NC(=O)[C@@H](CC(C)C)NC(=O)CN(CC2CCCCC2)C(=O)[C@H](C)NC(=O)CN(Cc2ccc3c(c2)OCO3)C(=O)[C@@H]2CCCN2C1=O,-5.01
1705,CCCCCN1CC(=O)N[C@H](CC(C)C)C(=O)N[C@@H](CCCC)C(=O)N2CCC[C@H]2C(=O)N(Cc2ccc3c(c2)OCO3)CC(=O)N[C@@H](C)C1=O,-5.07
1702,CCCC[C@@H]1NC(=O)[C@@H](CC(C)C)NC(=O)CN(CC2CCOCC2)C(=O)[C@H](C)NC(=O)CN(CCCOC(C)C)C(=O)[C@@H]2CCCN2C1=O,-6.81
1701,CCCC[C@@H]1NC(=O)[C@@H](CC(C)C)NC(=O)CN(CC2CCCCC2)C(=O)[C@H](C)NC(=O)CN(CCCOC(C)C)C(=O)[C@@H]2CCCN2C1=O,-5.29
1700,CCCCCN1CC(=O)N[C@H](CC(C)C)C(=O)N[C@@H](CCCC)C(=O)N2CCC[C@H]2C(=O)N(CC)CC(=O)N[C@@H](Cc2ccccc2)C1=O,-5.05
1698,CCCC[C@@H]1NC(=O)[C@@H](CC(C)C)NC(=O)CN(CC2CCOCC2)C(=O)[C@H](C)NC(=O)CN(CC)C(=O)[C@@H]2CCCN2C1=O,-7.48
1697,CCCC[C@@H]1NC(=O)[C@@H](CC(C)C)NC(=O)CN(CC2CCCCC2)C(=O)[C@H](C)NC(=O)CN(CC)C(=O)[C@@H]2CCCN2C1=O,-5.9
1695,CCCC[C@@H]1NC(=O)[C@@H](CC(C)C)N(C)C(=O)CN(CC2CCOCC2)C(=O)[C@H](Cc2ccccc2)NC(=O)CN(Cc2ccc3c(c2)OCO3)C(=O)[C@@H]2CCCN2C1=O,-5.0
1694,CCCC[C@@H]1NC(=O)[C@@H](CC(C)C)N(C)C(=O)CN(CC2CCCCC2)C(=O)[C@H](Cc2ccccc2)NC(=O)CN(Cc2ccc3c(c2)OCO3)C(=O)[C@@H]2CCCN2C1=O,-6.37
1693,CCCCCN1CC(=O)N(C)[C@H](CC(C)C)C(=O)N[C@@H](CCCC)C(=O)N2CCC[C@H]2C(=O)N(Cc2ccc3c(c2)OCO3)CC(=O)N[C@@H](Cc2ccccc2)C1=O,-5.81
1690,CCCCCN1CC(=O)N(C)[C@H](CC(C)C)C(=O)N[C@@H](CCCC)C(=O)N2CCC[C@H]2C(=O)N(CCCOC(C)C)CC(=O)N[C@@H](Cc2ccccc2)C1=O,-5.08
1689,CCCC[C@@H]1NC(=O)[C@@H](CC(C)C)N(C)C(=O)CN(CC2CCOCC2)C(=O)[C@H](C)NC(=O)CN(Cc2ccc3c(c2)OCO3)C(=O)[C@@H]2CCCN2C1=O,-5.54
1688,CCCC[C@@H]1NC(=O)[C@@H](CC(C)C)N(C)C(=O)CN(CC2CCCCC2)C(=O)[C@H](C)NC(=O)CN(Cc2ccc3c(c2)OCO3)C(=O)[C@@H]2CCCN2C1=O,-4.99
1687,CCCCCN1CC(=O)N(C)[C@H](CC(C)C)C(=O)N[C@@H](CCCC)C(=O)N2CCC[C@H]2C(=O)N(Cc2ccc3c(c2)OCO3)CC(=O)N[C@@H](C)C1=O,-4.84
1684,CCCC[C@@H]1NC(=O)[C@@H](CC(C)C)N(C)C(=O)CN(CC2CCOCC2)C(=O)[C@H](C)NC(=O)CN(CCCOC(C)C)C(=O)[C@@H]2CCCN2C1=O,-6.27
1683,CCCC[C@@H]1NC(=O)[C@@H](CC(C)C)N(C)C(=O)CN(CC2CCCCC2)C(=O)[C@H](C)NC(=O)CN(CCCOC(C)C)C(=O)[C@@H]2CCCN2C1=O,-4.83
1682,CCCCCN1CC(=O)N(C)[C@H](CC(C)C)C(=O)N[C@@H](CCCC)C(=O)N2CCC[C@H]2C(=O)N(CC)CC(=O)N[C@@H](Cc2ccccc2)C1=O,-4.85
1680,CCCC[C@@H]1NC(=O)[C@@H](CC(C)C)N(C)C(=O)CN(CC2CCOCC2)C(=O)[C@H](C)NC(=O)CN(CC)C(=O)[C@@H]2CCCN2C1=O,-6.93
1679,CCCC[C@@H]1NC(=O)[C@@H](CC(C)C)N(C)C(=O)CN(CC2CCCCC2)C(=O)[C@H](C)NC(=O)CN(CC)C(=O)[C@@H]2CCCN2C1=O,-5.01
1677,CCCC[C@@H]1NC(=O)[C@H](CC(C)C)NC(=O)CN(CC2CCOCC2)C(=O)[C@@H](Cc2ccccc2)NC(=O)CN(Cc2ccc3c(c2)OCO3)C(=O)[C@H]2CCCN2C1=O,-5.9
1676,CCCC[C@@H]1NC(=O)[C@H](CC(C)C)NC(=O)CN(CC2CCCCC2)C(=O)[C@@H](Cc2ccccc2)NC(=O)CN(Cc2ccc3c(c2)OCO3)C(=O)[C@H]2CCCN2C1=O,-5.62
1675,CCCCCN1CC(=O)N[C@@H](CC(C)C)C(=O)N[C@@H](CCCC)C(=O)N2CCC[C@@H]2C(=O)N(Cc2ccc3c(c2)OCO3)CC(=O)N[C@H](Cc2ccccc2)C1=O,-5.43
1672,CCCCCN1CC(=O)N[C@@H](CC(C)C)C(=O)N[C@@H](CCCC)C(=O)N2CCC[C@@H]2C(=O)N(CCCOC(C)C)CC(=O)N[C@H](Cc2ccccc2)C1=O,-5.19
1671,CCCC[C@@H]1NC(=O)[C@H](CC(C)C)NC(=O)CN(CC2CCOCC2)C(=O)[C@@H](C)NC(=O)CN(Cc2ccc3c(c2)OCO3)C(=O)[C@H]2CCCN2C1=O,-7.23
1670,CCCC[C@@H]1NC(=O)[C@H](CC(C)C)NC(=O)CN(CC2CCCCC2)C(=O)[C@@H](C)NC(=O)CN(Cc2ccc3c(c2)OCO3)C(=O)[C@H]2CCCN2C1=O,-5.56
1669,CCCCCN1CC(=O)N[C@@H](CC(C)C)C(=O)N[C@@H](CCCC)C(=O)N2CCC[C@@H]2C(=O)N(Cc2ccc3c(c2)OCO3)CC(=O)N[C@H](C)C1=O,-5.67
1666,CCCC[C@@H]1NC(=O)[C@H](CC(C)C)NC(=O)CN(CC2CCOCC2)C(=O)[C@@H](C)NC(=O)CN(CCCOC(C)C)C(=O)[C@H]2CCCN2C1=O,-7.84
1665,CCCC[C@@H]1NC(=O)[C@H](CC(C)C)NC(=O)CN(CC2CCCCC2)C(=O)[C@@H](C)NC(=O)CN(CCCOC(C)C)C(=O)[C@H]2CCCN2C1=O,-5.86
1664,CCCCCN1CC(=O)N[C@@H](CC(C)C)C(=O)N[C@@H](CCCC)C(=O)N2CCC[C@@H]2C(=O)N(CC)CC(=O)N[C@H](Cc2ccccc2)C1=O,-5.41
1662,CCCC[C@@H]1NC(=O)[C@H](CC(C)C)NC(=O)CN(CC2CCOCC2)C(=O)[C@@H](C)NC(=O)CN(CC)C(=O)[C@H]2CCCN2C1=O,-8.8
1661,CCCC[C@@H]1NC(=O)[C@H](CC(C)C)NC(=O)CN(CC2CCCCC2)C(=O)[C@@H](C)NC(=O)CN(CC)C(=O)[C@H]2CCCN2C1=O,-6.65
1659,CCCC[C@@H]1NC(=O)[C@H](CC(C)C)N(C)C(=O)CN(CC2CCOCC2)C(=O)[C@@H](Cc2ccccc2)NC(=O)CN(Cc2ccc3c(c2)OCO3)C(=O)[C@H]2CCCN2C1=O,-6.27
1658,CCCC[C@@H]1NC(=O)[C@H](CC(C)C)N(C)C(=O)CN(CC2CCCCC2)C(=O)[C@@H](Cc2ccccc2)NC(=O)CN(Cc2ccc3c(c2)OCO3)C(=O)[C@H]2CCCN2C1=O,-5.8
1657,CCCCCN1CC(=O)N(C)[C@@H](CC(C)C)C(=O)N[C@@H](CCCC)C(=O)N2CCC[C@@H]2C(=O)N(Cc2ccc3c(c2)OCO3)CC(=O)N[C@H](Cc2ccccc2)C1=O,-5.45
1654,CCCCCN1CC(=O)N(C)[C@@H](CC(C)C)C(=O)N[C@@H](CCCC)C(=O)N2CCC[C@@H]2C(=O)N(CCCOC(C)C)CC(=O)N[C@H](Cc2ccccc2)C1=O,-5.16
1653,CCCC[C@@H]1NC(=O)[C@H](CC(C)C)N(C)C(=O)CN(CC2CCOCC2)C(=O)[C@@H](C)NC(=O)CN(Cc2ccc3c(c2)OCO3)C(=O)[C@H]2CCCN2C1=O,-6.66
1652,CCCC[C@@H]1NC(=O)[C@H](CC(C)C)N(C)C(=O)CN(CC2CCCCC2)C(=O)[C@@H](C)NC(=O)CN(Cc2ccc3c(c2)OCO3)C(=O)[C@H]2CCCN2C1=O,-5.31
1651,CCCCCN1CC(=O)N(C)[C@@H](CC(C)C)C(=O)N[C@@H](CCCC)C(=O)N2CCC[C@@H]2C(=O)N(Cc2ccc3c(c2)OCO3)CC(=O)N[C@H](C)C1=O,-5.45
1648,CCCC[C@@H]1NC(=O)[C@H](CC(C)C)N(C)C(=O)CN(CC2CCOCC2)C(=O)[C@@H](C)NC(=O)CN(CCCOC(C)C)C(=O)[C@H]2CCCN2C1=O,-7.33
1647,CCCC[C@@H]1NC(=O)[C@H](CC(C)C)N(C)C(=O)CN(CC2CCCCC2)C(=O)[C@@H](C)NC(=O)CN(CCCOC(C)C)C(=O)[C@H]2CCCN2C1=O,-5.47
1646,CCCCCN1CC(=O)N(C)[C@@H](CC(C)C)C(=O)N[C@@H](CCCC)C(=O)N2CCC[C@@H]2C(=O)N(CC)CC(=O)N[C@H](Cc2ccccc2)C1=O,-5.34
1644,CCCC[C@@H]1NC(=O)[C@H](CC(C)C)N(C)C(=O)CN(CC2CCOCC2)C(=O)[C@@H](C)NC(=O)CN(CC)C(=O)[C@H]2CCCN2C1=O,-7.92
1643,CCCC[C@@H]1NC(=O)[C@H](CC(C)C)N(C)C(=O)CN(CC2CCCCC2)C(=O)[C@@H](C)NC(=O)CN(CC)C(=O)[C@H]2CCCN2C1=O,-5.98
1641,CCCC[C@@H]1NC(=O)[C@H](CC(C)C)NC(=O)CN(CC2CCOCC2)C(=O)[C@@H](Cc2ccccc2)NC(=O)CN(Cc2ccc3c(c2)OCO3)C(=O)[C@@H]2CCCN2C1=O,-6.17
1640,CCCC[C@@H]1NC(=O)[C@H](CC(C)C)NC(=O)CN(CC2CCCCC2)C(=O)[C@@H](Cc2ccccc2)NC(=O)CN(Cc2ccc3c(c2)OCO3)C(=O)[C@@H]2CCCN2C1=O,-5.64
1639,CCCCCN1CC(=O)N[C@@H](CC(C)C)C(=O)N[C@@H](CCCC)C(=O)N2CCC[C@H]2C(=O)N(Cc2ccc3c(c2)OCO3)CC(=O)N[C@H](Cc2ccccc2)C1=O,-5.39
1636,CCCCCN1CC(=O)N[C@@H](CC(C)C)C(=O)N[C@@H](CCCC)C(=O)N2CCC[C@H]2C(=O)N(CCCOC(C)C)CC(=O)N[C@H](Cc2ccccc2)C1=O,-5.29
1635,CCCC[C@@H]1NC(=O)[C@H](CC(C)C)NC(=O)CN(CC2CCOCC2)C(=O)[C@@H](C)NC(=O)CN(Cc2ccc3c(c2)OCO3)C(=O)[C@@H]2CCCN2C1=O,-7.03
1634,CCCC[C@@H]1NC(=O)[C@H](CC(C)C)NC(=O)CN(CC2CCCCC2)C(=O)[C@@H](C)NC(=O)CN(Cc2ccc3c(c2)OCO3)C(=O)[C@@H]2CCCN2C1=O,-5.39
1633,CCCCCN1CC(=O)N[C@@H](CC(C)C)C(=O)N[C@@H](CCCC)C(=O)N2CCC[C@H]2C(=O)N(Cc2ccc3c(c2)OCO3)CC(=O)N[C@H](C)C1=O,-5.68
1630,CCCC[C@@H]1NC(=O)[C@H](CC(C)C)NC(=O)CN(CC2CCOCC2)C(=O)[C@@H](C)NC(=O)CN(CCCOC(C)C)C(=O)[C@@H]2CCCN2C1=O,-7.92
1629,CCCC[C@@H]1NC(=O)[C@H](CC(C)C)NC(=O)CN(CC2CCCCC2)C(=O)[C@@H](C)NC(=O)CN(CCCOC(C)C)C(=O)[C@@H]2CCCN2C1=O,-5.96
1628,CCCCCN1CC(=O)N[C@@H](CC(C)C)C(=O)N[C@@H](CCCC)C(=O)N2CCC[C@H]2C(=O)N(CC)CC(=O)N[C@H](Cc2ccccc2)C1=O,-5.53
1626,CCCC[C@@H]1NC(=O)[C@H](CC(C)C)NC(=O)CN(CC2CCOCC2)C(=O)[C@@H](C)NC(=O)CN(CC)C(=O)[C@@H]2CCCN2C1=O,-8.88
1625,CCCC[C@@H]1NC(=O)[C@H](CC(C)C)NC(=O)CN(CC2CCCCC2)C(=O)[C@@H](C)NC(=O)CN(CC)C(=O)[C@@H]2CCCN2C1=O,-6.48
1623,CCCC[C@@H]1NC(=O)[C@H](CC(C)C)N(C)C(=O)CN(CC2CCOCC2)C(=O)[C@@H](Cc2ccccc2)NC(=O)CN(Cc2ccc3c(c2)OCO3)C(=O)[C@@H]2CCCN2C1=O,-6.17
1622,CCCC[C@@H]1NC(=O)[C@H](CC(C)C)N(C)C(=O)CN(CC2CCCCC2)C(=O)[C@@H](Cc2ccccc2)NC(=O)CN(Cc2ccc3c(c2)OCO3)C(=O)[C@@H]2CCCN2C1=O,-5.95
1621,CCCCCN1CC(=O)N(C)[C@@H](CC(C)C)C(=O)N[C@@H](CCCC)C(=O)N2CCC[C@H]2C(=O)N(Cc2ccc3c(c2)OCO3)CC(=O)N[C@H](Cc2ccccc2)C1=O,-5.5
1618,CCCCCN1CC(=O)N(C)[C@@H](CC(C)C)C(=O)N[C@@H](CCCC)C(=O)N2CCC[C@H]2C(=O)N(CCCOC(C)C)CC(=O)N[C@H](Cc2ccccc2)C1=O,-5.09
1617,CCCC[C@@H]1NC(=O)[C@H](CC(C)C)N(C)C(=O)CN(CC2CCOCC2)C(=O)[C@@H](C)NC(=O)CN(Cc2ccc3c(c2)OCO3)C(=O)[C@@H]2CCCN2C1=O,-6.54
1616,CCCC[C@@H]1NC(=O)[C@H](CC(C)C)N(C)C(=O)CN(CC2CCCCC2)C(=O)[C@@H](C)NC(=O)CN(Cc2ccc3c(c2)OCO3)C(=O)[C@@H]2CCCN2C1=O,-5.09
1615,CCCCCN1CC(=O)N(C)[C@@H](CC(C)C)C(=O)N[C@@H](CCCC)C(=O)N2CCC[C@H]2C(=O)N(Cc2ccc3c(c2)OCO3)CC(=O)N[C@H](C)C1=O,-5.14
1612,CCCC[C@@H]1NC(=O)[C@H](CC(C)C)N(C)C(=O)CN(CC2CCOCC2)C(=O)[C@@H](C)NC(=O)CN(CCCOC(C)C)C(=O)[C@@H]2CCCN2C1=O,-7.04
1611,CCCC[C@@H]1NC(=O)[C@H](CC(C)C)N(C)C(=O)CN(CC2CCCCC2)C(=O)[C@@H](C)NC(=O)CN(CCCOC(C)C)C(=O)[C@@H]2CCCN2C1=O,-4.97
1610,CCCCCN1CC(=O)N(C)[C@@H](CC(C)C)C(=O)N[C@@H](CCCC)C(=O)N2CCC[C@H]2C(=O)N(CC)CC(=O)N[C@H](Cc2ccccc2)C1=O,-5.22
1608,CCCC[C@@H]1NC(=O)[C@H](CC(C)C)N(C)C(=O)CN(CC2CCOCC2)C(=O)[C@@H](C)NC(=O)CN(CC)C(=O)[C@@H]2CCCN2C1=O,-7.56
1607,CCCC[C@@H]1NC(=O)[C@H](CC(C)C)N(C)C(=O)CN(CC2CCCCC2)C(=O)[C@@H](C)NC(=O)CN(CC)C(=O)[C@@H]2CCCN2C1=O,-5.32
1605,CCCC[C@@H]1NC(=O)[C@H](CC(C)C)NC(=O)CN(CC2CCOCC2)C(=O)[C@H](Cc2ccccc2)NC(=O)CN(Cc2ccc3c(c2)OCO3)C(=O)[C@H]2CCCN2C1=O,-5.1
1604,CCCC[C@@H]1NC(=O)[C@H](CC(C)C)NC(=O)CN(CC2CCCCC2)C(=O)[C@H](Cc2ccccc2)NC(=O)CN(Cc2ccc3c(c2)OCO3)C(=O)[C@H]2CCCN2C1=O,-5.71
1603,CCCCCN1CC(=O)N[C@@H](CC(C)C)C(=O)N[C@@H](CCCC)C(=O)N2CCC[C@@H]2C(=O)N(Cc2ccc3c(c2)OCO3)CC(=O)N[C@@H](Cc2ccccc2)C1=O,-5.24
1600,CCCCCN1CC(=O)N[C@@H](CC(C)C)C(=O)N[C@@H](CCCC)C(=O)N2CCC[C@@H]2C(=O)N(CCCOC(C)C)CC(=O)N[C@@H](Cc2ccccc2)C1=O,-4.95
1599,CCCC[C@@H]1NC(=O)[C@H](CC(C)C)NC(=O)CN(CC2CCOCC2)C(=O)[C@H](C)NC(=O)CN(Cc2ccc3c(c2)OCO3)C(=O)[C@H]2CCCN2C1=O,-6.34
1598,CCCC[C@@H]1NC(=O)[C@H](CC(C)C)NC(=O)CN(CC2CCCCC2)C(=O)[C@H](C)NC(=O)CN(Cc2ccc3c(c2)OCO3)C(=O)[C@H]2CCCN2C1=O,-5.1
1597,CCCCCN1CC(=O)N[C@@H](CC(C)C)C(=O)N[C@@H](CCCC)C(=O)N2CCC[C@@H]2C(=O)N(Cc2ccc3c(c2)OCO3)CC(=O)N[C@@H](C)C1=O,-5.32
1594,CCCC[C@@H]1NC(=O)[C@H](CC(C)C)NC(=O)CN(CC2CCOCC2)C(=O)[C@H](C)NC(=O)CN(CCCOC(C)C)C(=O)[C@H]2CCCN2C1=O,-7.0
1593,CCCC[C@@H]1NC(=O)[C@H](CC(C)C)NC(=O)CN(CC2CCCCC2)C(=O)[C@H](C)NC(=O)CN(CCCOC(C)C)C(=O)[C@H]2CCCN2C1=O,-5.49
1592,CCCCCN1CC(=O)N[C@@H](CC(C)C)C(=O)N[C@@H](CCCC)C(=O)N2CCC[C@@H]2C(=O)N(CC)CC(=O)N[C@@H](Cc2ccccc2)C1=O,-5.13
1590,CCCC[C@@H]1NC(=O)[C@H](CC(C)C)NC(=O)CN(CC2CCOCC2)C(=O)[C@H](C)NC(=O)CN(CC)C(=O)[C@H]2CCCN2C1=O,-7.62
1589,CCCC[C@@H]1NC(=O)[C@H](CC(C)C)NC(=O)CN(CC2CCCCC2)C(=O)[C@H](C)NC(=O)CN(CC)C(=O)[C@H]2CCCN2C1=O,-6.11
1569,CCCC[C@@H]1NC(=O)[C@H](CC(C)C)NC(=O)CN(CC2CCOCC2)C(=O)[C@H](Cc2ccccc2)NC(=O)CN(Cc2ccc3c(c2)OCO3)C(=O)[C@@H]2CCCN2C1=O,-5.34
1568,CCCC[C@@H]1NC(=O)[C@H](CC(C)C)NC(=O)CN(CC2CCCCC2)C(=O)[C@H](Cc2ccccc2)NC(=O)CN(Cc2ccc3c(c2)OCO3)C(=O)[C@@H]2CCCN2C1=O,-5.41
1567,CCCCCN1CC(=O)N[C@@H](CC(C)C)C(=O)N[C@@H](CCCC)C(=O)N2CCC[C@H]2C(=O)N(Cc2ccc3c(c2)OCO3)CC(=O)N[C@@H](Cc2ccccc2)C1=O,-5.09
1564,CCCCCN1CC(=O)N[C@@H](CC(C)C)C(=O)N[C@@H](CCCC)C(=O)N2CCC[C@H]2C(=O)N(CCCOC(C)C)CC(=O)N[C@@H](Cc2ccccc2)C1=O,-4.92
1563,CCCC[C@@H]1NC(=O)[C@H](CC(C)C)NC(=O)CN(CC2CCOCC2)C(=O)[C@H](C)NC(=O)CN(Cc2ccc3c(c2)OCO3)C(=O)[C@@H]2CCCN2C1=O,-6.54
1562,CCCC[C@@H]1NC(=O)[C@H](CC(C)C)NC(=O)CN(CC2CCCCC2)C(=O)[C@H](C)NC(=O)CN(Cc2ccc3c(c2)OCO3)C(=O)[C@@H]2CCCN2C1=O,-5.19
1561,CCCCCN1CC(=O)N[C@@H](CC(C)C)C(=O)N[C@@H](CCCC)C(=O)N2CCC[C@H]2C(=O)N(Cc2ccc3c(c2)OCO3)CC(=O)N[C@@H](C)C1=O,-5.5
1558,CCCC[C@@H]1NC(=O)[C@H](CC(C)C)NC(=O)CN(CC2CCOCC2)C(=O)[C@H](C)NC(=O)CN(CCCOC(C)C)C(=O)[C@@H]2CCCN2C1=O,-7.57
1557,CCCC[C@@H]1NC(=O)[C@H](CC(C)C)NC(=O)CN(CC2CCCCC2)C(=O)[C@H](C)NC(=O)CN(CCCOC(C)C)C(=O)[C@@H]2CCCN2C1=O,-5.7
1556,CCCCCN1CC(=O)N[C@@H](CC(C)C)C(=O)N[C@@H](CCCC)C(=O)N2CCC[C@H]2C(=O)N(CC)CC(=O)N[C@@H](Cc2ccccc2)C1=O,-5.23
1554,CCCC[C@@H]1NC(=O)[C@H](CC(C)C)NC(=O)CN(CC2CCOCC2)C(=O)[C@H](C)NC(=O)CN(CC)C(=O)[C@@H]2CCCN2C1=O,-8.0
1553,CCCC[C@@H]1NC(=O)[C@H](CC(C)C)NC(=O)CN(CC2CCCCC2)C(=O)[C@H](C)NC(=O)CN(CC)C(=O)[C@@H]2CCCN2C1=O,-6.39
1551,CCCC[C@@H]1NC(=O)[C@H](CC(C)C)N(C)C(=O)CN(CC2CCOCC2)C(=O)[C@H](Cc2ccccc2)NC(=O)CN(Cc2ccc3c(c2)OCO3)C(=O)[C@@H]2CCCN2C1=O,-5.03
1550,CCCC[C@@H]1NC(=O)[C@H](CC(C)C)N(C)C(=O)CN(CC2CCCCC2)C(=O)[C@H](Cc2ccccc2)NC(=O)CN(Cc2ccc3c(c2)OCO3)C(=O)[C@@H]2CCCN2C1=O,-6.65
1549,CCCCCN1CC(=O)N(C)[C@@H](CC(C)C)C(=O)N[C@@H](CCCC)C(=O)N2CCC[C@H]2C(=O)N(Cc2ccc3c(c2)OCO3)CC(=O)N[C@@H](Cc2ccccc2)C1=O,-6.06
1546,CCCCCN1CC(=O)N(C)[C@@H](CC(C)C)C(=O)N[C@@H](CCCC)C(=O)N2CCC[C@H]2C(=O)N(CCCOC(C)C)CC(=O)N[C@@H](Cc2ccccc2)C1=O,-5.08
1545,CCCC[C@@H]1NC(=O)[C@H](CC(C)C)N(C)C(=O)CN(CC2CCOCC2)C(=O)[C@H](C)NC(=O)CN(Cc2ccc3c(c2)OCO3)C(=O)[C@@H]2CCCN2C1=O,-5.93
1544,CCCC[C@@H]1NC(=O)[C@H](CC(C)C)N(C)C(=O)CN(CC2CCCCC2)C(=O)[C@H](C)NC(=O)CN(Cc2ccc3c(c2)OCO3)C(=O)[C@@H]2CCCN2C1=O,-4.93
1543,CCCCCN1CC(=O)N(C)[C@@H](CC(C)C)C(=O)N[C@@H](CCCC)C(=O)N2CCC[C@H]2C(=O)N(Cc2ccc3c(c2)OCO3)CC(=O)N[C@@H](C)C1=O,-4.89
1540,CCCC[C@@H]1NC(=O)[C@H](CC(C)C)N(C)C(=O)CN(CC2CCOCC2)C(=O)[C@H](C)NC(=O)CN(CCCOC(C)C)C(=O)[C@@H]2CCCN2C1=O,-6.61
1539,CCCC[C@@H]1NC(=O)[C@H](CC(C)C)N(C)C(=O)CN(CC2CCCCC2)C(=O)[C@H](C)NC(=O)CN(CCCOC(C)C)C(=O)[C@@H]2CCCN2C1=O,-4.83
1538,CCCCCN1CC(=O)N(C)[C@@H](CC(C)C)C(=O)N[C@@H](CCCC)C(=O)N2CCC[C@H]2C(=O)N(CC)CC(=O)N[C@@H](Cc2ccccc2)C1=O,-4.89
1536,CCCC[C@@H]1NC(=O)[C@H](CC(C)C)N(C)C(=O)CN(CC2CCOCC2)C(=O)[C@H](C)NC(=O)CN(CC)C(=O)[C@@H]2CCCN2C1=O,-7.17
1535,CCCC[C@@H]1NC(=O)[C@H](CC(C)C)N(C)C(=O)CN(CC2CCCCC2)C(=O)[C@H](C)NC(=O)CN(CC)C(=O)[C@@H]2CCCN2C1=O,-5.15
1533,CCCC[C@@H]1NC(=O)[C@H](CC(C)C)N(C)C(=O)CN(CCCN2CCCC2=O)C(=O)[C@H](Cc2ccc3ccccc3c2)NC(=O)CN(Cc2ccccc2Cn2cccn2)C(=O)[C@H]2CCCN2C1=O,-6.06
1532,CCCC[C@@H]1NC(=O)[C@H](CC(C)C)N(C)C(=O)CN(CCCc2cnn(C)c2)C(=O)[C@H](Cc2ccc3ccccc3c2)NC(=O)CN(Cc2ccccc2Cn2cccn2)C(=O)[C@H]2CCCN2C1=O,-6.58
1531,CCCC[C@@H]1NC(=O)[C@H](CC(C)C)N(C)C(=O)CN(CCOc2ccccc2)C(=O)[C@H](Cc2ccc3ccccc3c2)NC(=O)CN(Cc2ccccc2Cn2cccn2)C(=O)[C@H]2CCCN2C1=O,-7.68
1530,CCCC[C@@H]1NC(=O)[C@H](CC(C)C)N(C)C(=O)CN(CCCc2ccccc2)C(=O)[C@H](Cc2ccc3ccccc3c2)NC(=O)CN(Cc2ccccc2Cn2cccn2)C(=O)[C@H]2CCCN2C1=O,-7.8
1529,CCCC[C@@H]1NC(=O)[C@H](CC(C)C)N(C)C(=O)CN(CCc2cccnc2)C(=O)[C@H](Cc2ccc3ccccc3c2)NC(=O)CN(Cc2ccccc2Cn2cccn2)C(=O)[C@H]2CCCN2C1=O,-6.41
1528,CCCC[C@@H]1NC(=O)[C@H](CC(C)C)N(C)C(=O)CN(CC2CCOCC2)C(=O)[C@H](Cc2ccc3ccccc3c2)NC(=O)CN(Cc2ccccc2Cn2cccn2)C(=O)[C@H]2CCCN2C1=O,-6.29
1527,CCCC[C@@H]1NC(=O)[C@H](CC(C)C)N(C)C(=O)CN(CC2CCCCC2)C(=O)[C@H](Cc2ccc3ccccc3c2)NC(=O)CN(Cc2ccccc2Cn2cccn2)C(=O)[C@H]2CCCN2C1=O,-7.83
1526,CCCC[C@@H]1NC(=O)[C@H](CC(C)C)N(C)C(=O)CN(Cc2ccccc2)C(=O)[C@H](Cc2ccc3ccccc3c2)NC(=O)CN(Cc2ccccc2Cn2cccn2)C(=O)[C@H]2CCCN2C1=O,-7.34
1525,CCCC[C@@H]1NC(=O)[C@H](CC(C)C)N(C)C(=O)CN(CCCN2CCCC2=O)C(=O)[C@H](Cc2ccccc2)NC(=O)CN(Cc2ccccc2Cn2cccn2)C(=O)[C@H]2CCCN2C1=O,-6.01
1524,CCCC[C@@H]1NC(=O)[C@H](CC(C)C)N(C)C(=O)CN(CCCc2cnn(C)c2)C(=O)[C@H](Cc2ccccc2)NC(=O)CN(Cc2ccccc2Cn2cccn2)C(=O)[C@H]2CCCN2C1=O,-5.68
1522,CCCC[C@@H]1NC(=O)[C@H](CC(C)C)N(C)C(=O)CN(CCOc2ccccc2)C(=O)[C@H](Cc2ccccc2)NC(=O)CN(Cc2ccccc2Cn2cccn2)C(=O)[C@H]2CCCN2C1=O,-6.79
1519,CCCC[C@@H]1NC(=O)[C@H](CC(C)C)N(C)C(=O)CN(CCc2cccnc2)C(=O)[C@H](Cc2ccccc2)NC(=O)CN(Cc2ccccc2Cn2cccn2)C(=O)[C@H]2CCCN2C1=O,-5.69
1518,CCCC[C@@H]1NC(=O)[C@H](CC(C)C)N(C)C(=O)CN(CC2CCOCC2)C(=O)[C@H](Cc2ccccc2)NC(=O)CN(Cc2ccccc2Cn2cccn2)C(=O)[C@H]2CCCN2C1=O,-5.4
1517,CCCC[C@@H]1NC(=O)[C@H](CC(C)C)N(C)C(=O)CN(CC2CCCCC2)C(=O)[C@H](Cc2ccccc2)NC(=O)CN(Cc2ccccc2Cn2cccn2)C(=O)[C@H]2CCCN2C1=O,-6.95
1515,CCCC[C@@H]1NC(=O)[C@H](CC(C)C)N(C)C(=O)CN(Cc2ccccc2)C(=O)[C@H](Cc2ccccc2)NC(=O)CN(Cc2ccccc2Cn2cccn2)C(=O)[C@H]2CCCN2C1=O,-6.46
1493,CCCC[C@@H]1NC(=O)[C@H](CC(C)C)N(C)C(=O)CN(CCCN2CCCC2=O)C(=O)[C@H](Cc2ccc3ccccc3c2)NC(=O)CN(Cc2cc(CC(C)C)on2)C(=O)[C@H]2CCCN2C1=O,-6.36
1492,CCCC[C@@H]1NC(=O)[C@H](CC(C)C)N(C)C(=O)CN(CCCc2cnn(C)c2)C(=O)[C@H](Cc2ccc3ccccc3c2)NC(=O)CN(Cc2cc(CC(C)C)on2)C(=O)[C@H]2CCCN2C1=O,-6.85
1491,CCCC[C@@H]1NC(=O)[C@H](CC(C)C)N(C)C(=O)CN(CCOc2ccccc2)C(=O)[C@H](Cc2ccc3ccccc3c2)NC(=O)CN(Cc2cc(CC(C)C)on2)C(=O)[C@H]2CCCN2C1=O,-8.27
1489,CCCC[C@@H]1NC(=O)[C@H](CC(C)C)N(C)C(=O)CN(CCc2cccnc2)C(=O)[C@H](Cc2ccc3ccccc3c2)NC(=O)CN(Cc2cc(CC(C)C)on2)C(=O)[C@H]2CCCN2C1=O,-6.93
1488,CCCC[C@@H]1NC(=O)[C@H](CC(C)C)N(C)C(=O)CN(CC2CCOCC2)C(=O)[C@H](Cc2ccc3ccccc3c2)NC(=O)CN(Cc2cc(CC(C)C)on2)C(=O)[C@H]2CCCN2C1=O,-6.64
1486,CCCC[C@@H]1NC(=O)[C@H](CC(C)C)N(C)C(=O)CN(Cc2ccccc2)C(=O)[C@H](Cc2ccc3ccccc3c2)NC(=O)CN(Cc2cc(CC(C)C)on2)C(=O)[C@H]2CCCN2C1=O,-7.88
1485,CCCC[C@@H]1NC(=O)[C@H](CC(C)C)N(C)C(=O)CN(CCCN2CCCC2=O)C(=O)[C@H](Cc2ccccc2)NC(=O)CN(Cc2cc(CC(C)C)on2)C(=O)[C@H]2CCCN2C1=O,-5.71
1484,CCCC[C@@H]1NC(=O)[C@H](CC(C)C)N(C)C(=O)CN(CCCc2cnn(C)c2)C(=O)[C@H](Cc2ccccc2)NC(=O)CN(Cc2cc(CC(C)C)on2)C(=O)[C@H]2CCCN2C1=O,-5.64
1483,CCCCCN1CC(=O)N(C)[C@@H](CC(C)C)C(=O)N[C@@H](CCCC)C(=O)N2CCC[C@@H]2C(=O)N(Cc2cc(CC(C)C)on2)CC(=O)N[C@@H](Cc2ccc3ccccc3c2)C1=O,-7.96
1482,CCCC[C@@H]1NC(=O)[C@H](CC(C)C)N(C)C(=O)CN(CCOc2ccccc2)C(=O)[C@H](Cc2ccccc2)NC(=O)CN(Cc2cc(CC(C)C)on2)C(=O)[C@H]2CCCN2C1=O,-7.14
1481,CCCC[C@@H]1NC(=O)[C@H](CC(C)C)N(C)C(=O)CN(CCCc2ccccc2)C(=O)[C@H](Cc2ccccc2)NC(=O)CN(Cc2cc(CC(C)C)on2)C(=O)[C@H]2CCCN2C1=O,-7.34
1480,CCCC[C@@H]1NC(=O)[C@H](CC(C)C)N(C)C(=O)CN(CCOC)C(=O)[C@H](Cc2ccc3ccccc3c2)NC(=O)CN(Cc2cc(CC(C)C)on2)C(=O)[C@H]2CCCN2C1=O,-6.9
1479,CCCC[C@@H]1NC(=O)[C@H](CC(C)C)N(C)C(=O)CN(CCc2cccnc2)C(=O)[C@H](Cc2ccccc2)NC(=O)CN(Cc2cc(CC(C)C)on2)C(=O)[C@H]2CCCN2C1=O,-5.57
1478,CCCC[C@@H]1NC(=O)[C@H](CC(C)C)N(C)C(=O)CN(CC2CCOCC2)C(=O)[C@H](Cc2ccccc2)NC(=O)CN(Cc2cc(CC(C)C)on2)C(=O)[C@H]2CCCN2C1=O,-5.45
1477,CCCC[C@@H]1NC(=O)[C@H](CC(C)C)N(C)C(=O)CN(CC2CCCCC2)C(=O)[C@H](Cc2ccccc2)NC(=O)CN(Cc2cc(CC(C)C)on2)C(=O)[C@H]2CCCN2C1=O,-7.35
1475,CCCC[C@@H]1NC(=O)[C@H](CC(C)C)N(C)C(=O)CN(Cc2ccccc2)C(=O)[C@H](Cc2ccccc2)NC(=O)CN(Cc2cc(CC(C)C)on2)C(=O)[C@H]2CCCN2C1=O,-6.97
1474,CCCC[C@@H]1NC(=O)[C@H](CC(C)C)N(C)C(=O)CN(CCCc2cnn(C)c2)C(=O)[C@H](CC(C)C)NC(=O)CN(Cc2cc(CC(C)C)on2)C(=O)[C@H]2CCCN2C1=O,-5.33
1473,CCCC[C@@H]1NC(=O)[C@H](CC(C)C)N(C)C(=O)CN(CCOc2ccccc2)C(=O)[C@H](CC(C)C)NC(=O)CN(Cc2cc(CC(C)C)on2)C(=O)[C@H]2CCCN2C1=O,-6.64
1472,CCCC[C@@H]1NC(=O)[C@H](CC(C)C)N(C)C(=O)CN(CCCc2ccccc2)C(=O)[C@H](CC(C)C)NC(=O)CN(Cc2cc(CC(C)C)on2)C(=O)[C@H]2CCCN2C1=O,-6.97
1470,CCCCCN1CC(=O)N(C)[C@@H](CC(C)C)C(=O)N[C@@H](CCCC)C(=O)N2CCC[C@@H]2C(=O)N(Cc2cc(CC(C)C)on2)CC(=O)N[C@@H](Cc2ccccc2)C1=O,-6.99
1467,CCCC[C@@H]1NC(=O)[C@H](CC(C)C)N(C)C(=O)CN(CCOC)C(=O)[C@H](Cc2ccccc2)NC(=O)CN(Cc2cc(CC(C)C)on2)C(=O)[C@H]2CCCN2C1=O,-5.38
1466,CCCC[C@@H]1NC(=O)[C@H](CC(C)C)N(C)C(=O)CN(Cc2ccccc2)C(=O)[C@H](CC(C)C)NC(=O)CN(Cc2cc(CC(C)C)on2)C(=O)[C@H]2CCCN2C1=O,-6.49
1464,CCCC[C@@H]1NC(=O)[C@H](CC(C)C)N(C)C(=O)CN(CCCc2cnn(C)c2)C(=O)[C@H](C)NC(=O)CN(Cc2cc(CC(C)C)on2)C(=O)[C@H]2CCCN2C1=O,-5.79
1463,CCCC[C@@H]1NC(=O)[C@H](CC(C)C)N(C)C(=O)CN(CCOc2ccccc2)C(=O)[C@H](C)NC(=O)CN(Cc2cc(CC(C)C)on2)C(=O)[C@H]2CCCN2C1=O,-5.58
1462,CCCC[C@@H]1NC(=O)[C@H](CC(C)C)N(C)C(=O)CN(CCCc2ccccc2)C(=O)[C@H](C)NC(=O)CN(Cc2cc(CC(C)C)on2)C(=O)[C@H]2CCCN2C1=O,-5.32
1456,CCCC[C@@H]1NC(=O)[C@H](CC(C)C)N(C)C(=O)CN(Cc2ccccc2)C(=O)[C@H](C)NC(=O)CN(Cc2cc(CC(C)C)on2)C(=O)[C@H]2CCCN2C1=O,-5.1
1453,CCCC[C@@H]1NC(=O)[C@H](CC(C)C)N(C)C(=O)CN(CCCN2CCCC2=O)C(=O)[C@H](Cc2ccc3ccccc3c2)NC(=O)CN(Cc2ccc3c(c2)OCO3)C(=O)[C@H]2CCCN2C1=O,-6.5
1452,CCCC[C@@H]1NC(=O)[C@H](CC(C)C)N(C)C(=O)CN(CCCc2cnn(C)c2)C(=O)[C@H](Cc2ccc3ccccc3c2)NC(=O)CN(Cc2ccc3c(c2)OCO3)C(=O)[C@H]2CCCN2C1=O,-7.6
1451,CCCC[C@@H]1NC(=O)[C@H](CC(C)C)N(C)C(=O)CN(CCOc2ccccc2)C(=O)[C@H](Cc2ccc3ccccc3c2)NC(=O)CN(Cc2ccc3c(c2)OCO3)C(=O)[C@H]2CCCN2C1=O,-8.88
1450,CCCC[C@@H]1NC(=O)[C@H](CC(C)C)N(C)C(=O)CN(CCCc2ccccc2)C(=O)[C@H](Cc2ccc3ccccc3c2)NC(=O)CN(Cc2ccc3c(c2)OCO3)C(=O)[C@H]2CCCN2C1=O,-9.29
1449,CCCC[C@@H]1NC(=O)[C@H](CC(C)C)N(C)C(=O)CN(CCc2cccnc2)C(=O)[C@H](Cc2ccc3ccccc3c2)NC(=O)CN(Cc2ccc3c(c2)OCO3)C(=O)[C@H]2CCCN2C1=O,-7.42
1448,CCCC[C@@H]1NC(=O)[C@H](CC(C)C)N(C)C(=O)CN(CC2CCOCC2)C(=O)[C@H](Cc2ccc3ccccc3c2)NC(=O)CN(Cc2ccc3c(c2)OCO3)C(=O)[C@H]2CCCN2C1=O,-7.16
1447,CCCC[C@@H]1NC(=O)[C@H](CC(C)C)N(C)C(=O)CN(CC2CCCCC2)C(=O)[C@H](Cc2ccc3ccccc3c2)NC(=O)CN(Cc2ccc3c(c2)OCO3)C(=O)[C@H]2CCCN2C1=O,-9.12
1446,CCCC[C@@H]1NC(=O)[C@H](CC(C)C)N(C)C(=O)CN(Cc2ccccc2)C(=O)[C@H](Cc2ccc3ccccc3c2)NC(=O)CN(Cc2ccc3c(c2)OCO3)C(=O)[C@H]2CCCN2C1=O,-8.53
1445,CCCC[C@@H]1NC(=O)[C@H](CC(C)C)N(C)C(=O)CN(CCCN2CCCC2=O)C(=O)[C@H](Cc2ccccc2)NC(=O)CN(Cc2ccc3c(c2)OCO3)C(=O)[C@H]2CCCN2C1=O,-5.86
1444,CCCC[C@@H]1NC(=O)[C@H](CC(C)C)N(C)C(=O)CN(CCCc2cnn(C)c2)C(=O)[C@H](Cc2ccccc2)NC(=O)CN(Cc2ccc3c(c2)OCO3)C(=O)[C@H]2CCCN2C1=O,-5.73
1443,CCCCCN1CC(=O)N(C)[C@@H](CC(C)C)C(=O)N[C@@H](CCCC)C(=O)N2CCC[C@@H]2C(=O)N(Cc2ccc3c(c2)OCO3)CC(=O)N[C@@H](Cc2ccc3ccccc3c2)C1=O,-8.89
1442,CCCC[C@@H]1NC(=O)[C@H](CC(C)C)N(C)C(=O)CN(CCOc2ccccc2)C(=O)[C@H](Cc2ccccc2)NC(=O)CN(Cc2ccc3c(c2)OCO3)C(=O)[C@H]2CCCN2C1=O,-7.76
1441,CCCC[C@@H]1NC(=O)[C@H](CC(C)C)N(C)C(=O)CN(CCCc2ccccc2)C(=O)[C@H](Cc2ccccc2)NC(=O)CN(Cc2ccc3c(c2)OCO3)C(=O)[C@H]2CCCN2C1=O,-8.01
1440,CCCC[C@@H]1NC(=O)[C@H](CC(C)C)N(C)C(=O)CN(CCOC)C(=O)[C@H](Cc2ccc3ccccc3c2)NC(=O)CN(Cc2ccc3c(c2)OCO3)C(=O)[C@H]2CCCN2C1=O,-7.13
1439,CCCC[C@@H]1NC(=O)[C@H](CC(C)C)N(C)C(=O)CN(CCc2cccnc2)C(=O)[C@H](Cc2ccccc2)NC(=O)CN(Cc2ccc3c(c2)OCO3)C(=O)[C@H]2CCCN2C1=O,-5.8
1438,CCCC[C@@H]1NC(=O)[C@H](CC(C)C)N(C)C(=O)CN(CC2CCOCC2)C(=O)[C@H](Cc2ccccc2)NC(=O)CN(Cc2ccc3c(c2)OCO3)C(=O)[C@H]2CCCN2C1=O,-5.46
1437,CCCC[C@@H]1NC(=O)[C@H](CC(C)C)N(C)C(=O)CN(CC2CCCCC2)C(=O)[C@H](Cc2ccccc2)NC(=O)CN(Cc2ccc3c(c2)OCO3)C(=O)[C@H]2CCCN2C1=O,-7.54
1436,CCCC[C@@H]1NC(=O)[C@H](CC(C)C)N(C)C(=O)CN(CCCN2CCCC2=O)C(=O)[C@H](CC(C)C)NC(=O)CN(Cc2ccc3c(c2)OCO3)C(=O)[C@H]2CCCN2C1=O,-5.99
1435,CCCC[C@@H]1NC(=O)[C@H](CC(C)C)N(C)C(=O)CN(Cc2ccccc2)C(=O)[C@H](Cc2ccccc2)NC(=O)CN(Cc2ccc3c(c2)OCO3)C(=O)[C@H]2CCCN2C1=O,-7.51
1434,CCCC[C@@H]1NC(=O)[C@H](CC(C)C)N(C)C(=O)CN(CCCc2cnn(C)c2)C(=O)[C@H](CC(C)C)NC(=O)CN(Cc2ccc3c(c2)OCO3)C(=O)[C@H]2CCCN2C1=O,-5.44
1433,CCCC[C@@H]1NC(=O)[C@H](CC(C)C)N(C)C(=O)CN(CCOc2ccccc2)C(=O)[C@H](CC(C)C)NC(=O)CN(Cc2ccc3c(c2)OCO3)C(=O)[C@H]2CCCN2C1=O,-7.06
1432,CCCC[C@@H]1NC(=O)[C@H](CC(C)C)N(C)C(=O)CN(CCCc2ccccc2)C(=O)[C@H](CC(C)C)NC(=O)CN(Cc2ccc3c(c2)OCO3)C(=O)[C@H]2CCCN2C1=O,-7.44
1430,CCCCCN1CC(=O)N(C)[C@@H](CC(C)C)C(=O)N[C@@H](CCCC)C(=O)N2CCC[C@@H]2C(=O)N(Cc2ccc3c(c2)OCO3)CC(=O)N[C@@H](Cc2ccccc2)C1=O,-7.41
1429,CCCC[C@@H]1NC(=O)[C@H](CC(C)C)N(C)C(=O)CN(CC2CCOCC2)C(=O)[C@H](CC(C)C)NC(=O)CN(Cc2ccc3c(c2)OCO3)C(=O)[C@H]2CCCN2C1=O,-5.02
1428,CCCC[C@@H]1NC(=O)[C@H](CC(C)C)N(C)C(=O)CN(CC2CCCCC2)C(=O)[C@H](CC(C)C)NC(=O)CN(Cc2ccc3c(c2)OCO3)C(=O)[C@H]2CCCN2C1=O,-7.5
1427,CCCC[C@@H]1NC(=O)[C@H](CC(C)C)N(C)C(=O)CN(CCOC)C(=O)[C@H](Cc2ccccc2)NC(=O)CN(Cc2ccc3c(c2)OCO3)C(=O)[C@H]2CCCN2C1=O,-5.36
1426,CCCC[C@@H]1NC(=O)[C@H](CC(C)C)N(C)C(=O)CN(Cc2ccccc2)C(=O)[C@H](CC(C)C)NC(=O)CN(Cc2ccc3c(c2)OCO3)C(=O)[C@H]2CCCN2C1=O,-6.67
1425,CCCC[C@@H]1NC(=O)[C@H](CC(C)C)N(C)C(=O)CN(CCCN2CCCC2=O)C(=O)[C@H](C)NC(=O)CN(Cc2ccc3c(c2)OCO3)C(=O)[C@H]2CCCN2C1=O,-7.04
1424,CCCC[C@@H]1NC(=O)[C@H](CC(C)C)N(C)C(=O)CN(CCCc2cnn(C)c2)C(=O)[C@H](C)NC(=O)CN(Cc2ccc3c(c2)OCO3)C(=O)[C@H]2CCCN2C1=O,-6.23
1423,CCCC[C@@H]1NC(=O)[C@H](CC(C)C)N(C)C(=O)CN(CCOc2ccccc2)C(=O)[C@H](C)NC(=O)CN(Cc2ccc3c(c2)OCO3)C(=O)[C@H]2CCCN2C1=O,-5.56
1422,CCCC[C@@H]1NC(=O)[C@H](CC(C)C)N(C)C(=O)CN(CCCc2ccccc2)C(=O)[C@H](C)NC(=O)CN(Cc2ccc3c(c2)OCO3)C(=O)[C@H]2CCCN2C1=O,-5.27
1421,CCCCCN1CC(=O)N(C)[C@@H](CC(C)C)C(=O)N[C@@H](CCCC)C(=O)N2CCC[C@@H]2C(=O)N(Cc2ccc3c(c2)OCO3)CC(=O)N[C@@H](CC(C)C)C1=O,-6.56
1419,CCCC[C@@H]1NC(=O)[C@H](CC(C)C)N(C)C(=O)CN(CCOC)C(=O)[C@H](CC(C)C)NC(=O)CN(Cc2ccc3c(c2)OCO3)C(=O)[C@H]2CCCN2C1=O,-5.04
1418,CCCC[C@@H]1NC(=O)[C@H](CC(C)C)N(C)C(=O)CN(CC2CCOCC2)C(=O)[C@H](C)NC(=O)CN(Cc2ccc3c(c2)OCO3)C(=O)[C@H]2CCCN2C1=O,-6.1
1417,CCCC[C@@H]1NC(=O)[C@H](CC(C)C)N(C)C(=O)CN(CC2CCCCC2)C(=O)[C@H](C)NC(=O)CN(Cc2ccc3c(c2)OCO3)C(=O)[C@H]2CCCN2C1=O,-5.25
1416,CCCC[C@@H]1NC(=O)[C@H](CC(C)C)N(C)C(=O)CN(Cc2ccccc2)C(=O)[C@H](C)NC(=O)CN(Cc2ccc3c(c2)OCO3)C(=O)[C@H]2CCCN2C1=O,-5.11
1415,CCCCCN1CC(=O)N(C)[C@@H](CC(C)C)C(=O)N[C@@H](CCCC)C(=O)N2CCC[C@@H]2C(=O)N(Cc2ccc3c(c2)OCO3)CC(=O)N[C@@H](C)C1=O,-4.86
1414,CCCC[C@@H]1NC(=O)[C@H](CC(C)C)N(C)C(=O)CN(CCOC)C(=O)[C@H](C)NC(=O)CN(Cc2ccc3c(c2)OCO3)C(=O)[C@H]2CCCN2C1=O,-5.93
1413,CCCC[C@@H]1NC(=O)[C@H](CC(C)C)N(C)C(=O)CN(CCCN2CCCC2=O)C(=O)[C@H](Cc2ccc3ccccc3c2)NC(=O)CN(CCCCc2ccccc2)C(=O)[C@H]2CCCN2C1=O,-7.28
1412,CCCC[C@@H]1NC(=O)[C@H](CC(C)C)N(C)C(=O)CN(CCCc2cnn(C)c2)C(=O)[C@H](Cc2ccc3ccccc3c2)NC(=O)CN(CCCCc2ccccc2)C(=O)[C@H]2CCCN2C1=O,-8.0
1411,CCCC[C@@H]1NC(=O)[C@H](CC(C)C)N(C)C(=O)CN(CCOc2ccccc2)C(=O)[C@H](Cc2ccc3ccccc3c2)NC(=O)CN(CCCCc2ccccc2)C(=O)[C@H]2CCCN2C1=O,-7.95
1410,CCCC[C@@H]1NC(=O)[C@H](CC(C)C)N(C)C(=O)CN(CCCc2ccccc2)C(=O)[C@H](Cc2ccc3ccccc3c2)NC(=O)CN(CCCCc2ccccc2)C(=O)[C@H]2CCCN2C1=O,-9.27
1409,CCCC[C@@H]1NC(=O)[C@H](CC(C)C)N(C)C(=O)CN(CCc2cccnc2)C(=O)[C@H](Cc2ccc3ccccc3c2)NC(=O)CN(CCCCc2ccccc2)C(=O)[C@H]2CCCN2C1=O,-7.62
1408,CCCC[C@@H]1NC(=O)[C@H](CC(C)C)N(C)C(=O)CN(CC2CCOCC2)C(=O)[C@H](Cc2ccc3ccccc3c2)NC(=O)CN(CCCCc2ccccc2)C(=O)[C@H]2CCCN2C1=O,-7.61
1407,CCCC[C@@H]1NC(=O)[C@H](CC(C)C)N(C)C(=O)CN(CC2CCCCC2)C(=O)[C@H](Cc2ccc3ccccc3c2)NC(=O)CN(CCCCc2ccccc2)C(=O)[C@H]2CCCN2C1=O,-8.84
1406,CCCC[C@@H]1NC(=O)[C@H](CC(C)C)N(C)C(=O)CN(Cc2ccccc2)C(=O)[C@H](Cc2ccc3ccccc3c2)NC(=O)CN(CCCCc2ccccc2)C(=O)[C@H]2CCCN2C1=O,-8.95
1405,CCCC[C@@H]1NC(=O)[C@H](CC(C)C)N(C)C(=O)CN(CCCN2CCCC2=O)C(=O)[C@H](Cc2ccccc2)NC(=O)CN(CCCCc2ccccc2)C(=O)[C@H]2CCCN2C1=O,-6.12
1404,CCCC[C@@H]1NC(=O)[C@H](CC(C)C)N(C)C(=O)CN(CCCc2cnn(C)c2)C(=O)[C@H](Cc2ccccc2)NC(=O)CN(CCCCc2ccccc2)C(=O)[C@H]2CCCN2C1=O,-6.32
1402,CCCC[C@@H]1NC(=O)[C@H](CC(C)C)N(C)C(=O)CN(CCOc2ccccc2)C(=O)[C@H](Cc2ccccc2)NC(=O)CN(CCCCc2ccccc2)C(=O)[C@H]2CCCN2C1=O,-8.56
1401,CCCC[C@@H]1NC(=O)[C@H](CC(C)C)N(C)C(=O)CN(CCCc2ccccc2)C(=O)[C@H](Cc2ccccc2)NC(=O)CN(CCCCc2ccccc2)C(=O)[C@H]2CCCN2C1=O,-8.51
1399,CCCC[C@@H]1NC(=O)[C@H](CC(C)C)N(C)C(=O)CN(CCc2cccnc2)C(=O)[C@H](Cc2ccccc2)NC(=O)CN(CCCCc2ccccc2)C(=O)[C@H]2CCCN2C1=O,-6.4
1398,CCCC[C@@H]1NC(=O)[C@H](CC(C)C)N(C)C(=O)CN(CC2CCOCC2)C(=O)[C@H](Cc2ccccc2)NC(=O)CN(CCCCc2ccccc2)C(=O)[C@H]2CCCN2C1=O,-5.83
1397,CCCC[C@@H]1NC(=O)[C@H](CC(C)C)N(C)C(=O)CN(CC2CCCCC2)C(=O)[C@H](Cc2ccccc2)NC(=O)CN(CCCCc2ccccc2)C(=O)[C@H]2CCCN2C1=O,-8.53
1395,CCCC[C@@H]1NC(=O)[C@H](CC(C)C)N(C)C(=O)CN(Cc2ccccc2)C(=O)[C@H](Cc2ccccc2)NC(=O)CN(CCCCc2ccccc2)C(=O)[C@H]2CCCN2C1=O,-8.45
1373,CCCC[C@@H]1NC(=O)[C@H](CC(C)C)N(C)C(=O)CN(CCCN2CCCC2=O)C(=O)[C@H](Cc2ccc3ccccc3c2)NC(=O)CN(Cc2ccc(Cl)cc2)C(=O)[C@H]2CCCN2C1=O,-7.11
1372,CCCC[C@@H]1NC(=O)[C@H](CC(C)C)N(C)C(=O)CN(CCCc2cnn(C)c2)C(=O)[C@H](Cc2ccc3ccccc3c2)NC(=O)CN(Cc2ccc(Cl)cc2)C(=O)[C@H]2CCCN2C1=O,-7.99
1371,CCCC[C@@H]1NC(=O)[C@H](CC(C)C)N(C)C(=O)CN(CCOc2ccccc2)C(=O)[C@H](Cc2ccc3ccccc3c2)NC(=O)CN(Cc2ccc(Cl)cc2)C(=O)[C@H]2CCCN2C1=O,-9.41
1369,CCCC[C@@H]1NC(=O)[C@H](CC(C)C)N(C)C(=O)CN(CCc2cccnc2)C(=O)[C@H](Cc2ccc3ccccc3c2)NC(=O)CN(Cc2ccc(Cl)cc2)C(=O)[C@H]2CCCN2C1=O,-8.45
1368,CCCC[C@@H]1NC(=O)[C@H](CC(C)C)N(C)C(=O)CN(CC2CCOCC2)C(=O)[C@H](Cc2ccc3ccccc3c2)NC(=O)CN(Cc2ccc(Cl)cc2)C(=O)[C@H]2CCCN2C1=O,-7.82
1366,CCCC[C@@H]1NC(=O)[C@H](CC(C)C)N(C)C(=O)CN(Cc2ccccc2)C(=O)[C@H](Cc2ccc3ccccc3c2)NC(=O)CN(Cc2ccc(Cl)cc2)C(=O)[C@H]2CCCN2C1=O,-9.46
1365,CCCC[C@@H]1NC(=O)[C@H](CC(C)C)N(C)C(=O)CN(CCCN2CCCC2=O)C(=O)[C@H](Cc2ccccc2)NC(=O)CN(Cc2ccc(Cl)cc2)C(=O)[C@H]2CCCN2C1=O,-5.78
1364,CCCC[C@@H]1NC(=O)[C@H](CC(C)C)N(C)C(=O)CN(CCCc2cnn(C)c2)C(=O)[C@H](Cc2ccccc2)NC(=O)CN(Cc2ccc(Cl)cc2)C(=O)[C@H]2CCCN2C1=O,-6.11
1362,CCCC[C@@H]1NC(=O)[C@H](CC(C)C)N(C)C(=O)CN(CCOc2ccccc2)C(=O)[C@H](Cc2ccccc2)NC(=O)CN(Cc2ccc(Cl)cc2)C(=O)[C@H]2CCCN2C1=O,-8.36
1361,CCCC[C@@H]1NC(=O)[C@H](CC(C)C)N(C)C(=O)CN(CCCc2ccccc2)C(=O)[C@H](Cc2ccccc2)NC(=O)CN(Cc2ccc(Cl)cc2)C(=O)[C@H]2CCCN2C1=O,-8.47
1360,CCCC[C@@H]1NC(=O)[C@H](CC(C)C)N(C)C(=O)CN(CCOC)C(=O)[C@H](Cc2ccc3ccccc3c2)NC(=O)CN(Cc2ccc(Cl)cc2)C(=O)[C@H]2CCCN2C1=O,-7.82
1359,CCCC[C@@H]1NC(=O)[C@H](CC(C)C)N(C)C(=O)CN(CCc2cccnc2)C(=O)[C@H](Cc2ccccc2)NC(=O)CN(Cc2ccc(Cl)cc2)C(=O)[C@H]2CCCN2C1=O,-6.12
1358,CCCC[C@@H]1NC(=O)[C@H](CC(C)C)N(C)C(=O)CN(CC2CCOCC2)C(=O)[C@H](Cc2ccccc2)NC(=O)CN(Cc2ccc(Cl)cc2)C(=O)[C@H]2CCCN2C1=O,-6.0
1357,CCCC[C@@H]1NC(=O)[C@H](CC(C)C)N(C)C(=O)CN(CC2CCCCC2)C(=O)[C@H](Cc2ccccc2)NC(=O)CN(Cc2ccc(Cl)cc2)C(=O)[C@H]2CCCN2C1=O,-8.61
1356,CCCC[C@@H]1NC(=O)[C@H](CC(C)C)N(C)C(=O)CN(CCCN2CCCC2=O)C(=O)[C@H](CC(C)C)NC(=O)CN(Cc2ccc(Cl)cc2)C(=O)[C@H]2CCCN2C1=O,-5.68
1355,CCCC[C@@H]1NC(=O)[C@H](CC(C)C)N(C)C(=O)CN(Cc2ccccc2)C(=O)[C@H](Cc2ccccc2)NC(=O)CN(Cc2ccc(Cl)cc2)C(=O)[C@H]2CCCN2C1=O,-8.11
1354,CCCC[C@@H]1NC(=O)[C@H](CC(C)C)N(C)C(=O)CN(CCCc2cnn(C)c2)C(=O)[C@H](CC(C)C)NC(=O)CN(Cc2ccc(Cl)cc2)C(=O)[C@H]2CCCN2C1=O,-5.52
1353,CCCC[C@@H]1NC(=O)[C@H](CC(C)C)N(C)C(=O)CN(CCOc2ccccc2)C(=O)[C@H](CC(C)C)NC(=O)CN(Cc2ccc(Cl)cc2)C(=O)[C@H]2CCCN2C1=O,-7.56
1352,CCCC[C@@H]1NC(=O)[C@H](CC(C)C)N(C)C(=O)CN(CCCc2ccccc2)C(=O)[C@H](CC(C)C)NC(=O)CN(Cc2ccc(Cl)cc2)C(=O)[C@H]2CCCN2C1=O,-7.97
1350,CCCCCN1CC(=O)N(C)[C@@H](CC(C)C)C(=O)N[C@@H](CCCC)C(=O)N2CCC[C@@H]2C(=O)N(Cc2ccc(Cl)cc2)CC(=O)N[C@@H](Cc2ccccc2)C1=O,-8.04
1347,CCCC[C@@H]1NC(=O)[C@H](CC(C)C)N(C)C(=O)CN(CCOC)C(=O)[C@H](Cc2ccccc2)NC(=O)CN(Cc2ccc(Cl)cc2)C(=O)[C@H]2CCCN2C1=O,-5.94
1346,CCCC[C@@H]1NC(=O)[C@H](CC(C)C)N(C)C(=O)CN(Cc2ccccc2)C(=O)[C@H](CC(C)C)NC(=O)CN(Cc2ccc(Cl)cc2)C(=O)[C@H]2CCCN2C1=O,-6.63
1345,CCCC[C@@H]1NC(=O)[C@H](CC(C)C)N(C)C(=O)CN(CCCN2CCCC2=O)C(=O)[C@H](C)NC(=O)CN(Cc2ccc(Cl)cc2)C(=O)[C@H]2CCCN2C1=O,-6.44
1344,CCCC[C@@H]1NC(=O)[C@H](CC(C)C)N(C)C(=O)CN(CCCc2cnn(C)c2)C(=O)[C@H](C)NC(=O)CN(Cc2ccc(Cl)cc2)C(=O)[C@H]2CCCN2C1=O,-5.56
1343,CCCC[C@@H]1NC(=O)[C@H](CC(C)C)N(C)C(=O)CN(CCOc2ccccc2)C(=O)[C@H](C)NC(=O)CN(Cc2ccc(Cl)cc2)C(=O)[C@H]2CCCN2C1=O,-6.3
1342,CCCC[C@@H]1NC(=O)[C@H](CC(C)C)N(C)C(=O)CN(CCCc2ccccc2)C(=O)[C@H](C)NC(=O)CN(Cc2ccc(Cl)cc2)C(=O)[C@H]2CCCN2C1=O,-6.0
1341,CCCCCN1CC(=O)N(C)[C@@H](CC(C)C)C(=O)N[C@@H](CCCC)C(=O)N2CCC[C@@H]2C(=O)N(Cc2ccc(Cl)cc2)CC(=O)N[C@@H](CC(C)C)C1=O,-7.39
1339,CCCC[C@@H]1NC(=O)[C@H](CC(C)C)N(C)C(=O)CN(CCOC)C(=O)[C@H](CC(C)C)NC(=O)CN(Cc2ccc(Cl)cc2)C(=O)[C@H]2CCCN2C1=O,-5.34
1336,CCCC[C@@H]1NC(=O)[C@H](CC(C)C)N(C)C(=O)CN(Cc2ccccc2)C(=O)[C@H](C)NC(=O)CN(Cc2ccc(Cl)cc2)C(=O)[C@H]2CCCN2C1=O,-5.48
1335,CCCCCN1CC(=O)N(C)[C@@H](CC(C)C)C(=O)N[C@@H](CCCC)C(=O)N2CCC[C@@H]2C(=O)N(Cc2ccc(Cl)cc2)CC(=O)N[C@@H](C)C1=O,-5.27
1334,CCCC[C@@H]1NC(=O)[C@H](CC(C)C)N(C)C(=O)CN(CCOC)C(=O)[C@H](C)NC(=O)CN(Cc2ccc(Cl)cc2)C(=O)[C@H]2CCCN2C1=O,-5.25
1333,CCCC[C@@H]1NC(=O)[C@H](CC(C)C)N(C)C(=O)CN(CCCN2CCCC2=O)C(=O)[C@H](Cc2ccc3ccccc3c2)NC(=O)CN(CCN2CCOCC2)C(=O)[C@H]2CCCN2C1=O,-6.47
1332,CCCC[C@@H]1NC(=O)[C@H](CC(C)C)N(C)C(=O)CN(CCCc2cnn(C)c2)C(=O)[C@H](Cc2ccc3ccccc3c2)NC(=O)CN(CCN2CCOCC2)C(=O)[C@H]2CCCN2C1=O,-6.05
1331,CCCC[C@@H]1NC(=O)[C@H](CC(C)C)N(C)C(=O)CN(CCOc2ccccc2)C(=O)[C@H](Cc2ccc3ccccc3c2)NC(=O)CN(CCN2CCOCC2)C(=O)[C@H]2CCCN2C1=O,-6.5
1330,CCCC[C@@H]1NC(=O)[C@H](CC(C)C)N(C)C(=O)CN(CCCc2ccccc2)C(=O)[C@H](Cc2ccc3ccccc3c2)NC(=O)CN(CCN2CCOCC2)C(=O)[C@H]2CCCN2C1=O,-6.37
1329,CCCC[C@@H]1NC(=O)[C@H](CC(C)C)N(C)C(=O)CN(CCc2cccnc2)C(=O)[C@H](Cc2ccc3ccccc3c2)NC(=O)CN(CCN2CCOCC2)C(=O)[C@H]2CCCN2C1=O,-6.02
1328,CCCC[C@@H]1NC(=O)[C@H](CC(C)C)N(C)C(=O)CN(CC2CCOCC2)C(=O)[C@H](Cc2ccc3ccccc3c2)NC(=O)CN(CCN2CCOCC2)C(=O)[C@H]2CCCN2C1=O,-5.84
1327,CCCC[C@@H]1NC(=O)[C@H](CC(C)C)N(C)C(=O)CN(CC2CCCCC2)C(=O)[C@H](Cc2ccc3ccccc3c2)NC(=O)CN(CCN2CCOCC2)C(=O)[C@H]2CCCN2C1=O,-6.42
1326,CCCC[C@@H]1NC(=O)[C@H](CC(C)C)N(C)C(=O)CN(Cc2ccccc2)C(=O)[C@H](Cc2ccc3ccccc3c2)NC(=O)CN(CCN2CCOCC2)C(=O)[C@H]2CCCN2C1=O,-5.92
1325,CCCC[C@@H]1NC(=O)[C@H](CC(C)C)N(C)C(=O)CN(CCCN2CCCC2=O)C(=O)[C@H](Cc2ccccc2)NC(=O)CN(CCN2CCOCC2)C(=O)[C@H]2CCCN2C1=O,-7.35
1324,CCCC[C@@H]1NC(=O)[C@H](CC(C)C)N(C)C(=O)CN(CCCc2cnn(C)c2)C(=O)[C@H](Cc2ccccc2)NC(=O)CN(CCN2CCOCC2)C(=O)[C@H]2CCCN2C1=O,-6.63
1322,CCCC[C@@H]1NC(=O)[C@H](CC(C)C)N(C)C(=O)CN(CCOc2ccccc2)C(=O)[C@H](Cc2ccccc2)NC(=O)CN(CCN2CCOCC2)C(=O)[C@H]2CCCN2C1=O,-5.76
1321,CCCC[C@@H]1NC(=O)[C@H](CC(C)C)N(C)C(=O)CN(CCCc2ccccc2)C(=O)[C@H](Cc2ccccc2)NC(=O)CN(CCN2CCOCC2)C(=O)[C@H]2CCCN2C1=O,-5.49
1319,CCCC[C@@H]1NC(=O)[C@H](CC(C)C)N(C)C(=O)CN(CCc2cccnc2)C(=O)[C@H](Cc2ccccc2)NC(=O)CN(CCN2CCOCC2)C(=O)[C@H]2CCCN2C1=O,-6.65
1318,CCCC[C@@H]1NC(=O)[C@H](CC(C)C)N(C)C(=O)CN(CC2CCOCC2)C(=O)[C@H](Cc2ccccc2)NC(=O)CN(CCN2CCOCC2)C(=O)[C@H]2CCCN2C1=O,-6.45
1317,CCCC[C@@H]1NC(=O)[C@H](CC(C)C)N(C)C(=O)CN(CC2CCCCC2)C(=O)[C@H](Cc2ccccc2)NC(=O)CN(CCN2CCOCC2)C(=O)[C@H]2CCCN2C1=O,-5.32
1315,CCCC[C@@H]1NC(=O)[C@H](CC(C)C)N(C)C(=O)CN(Cc2ccccc2)C(=O)[C@H](Cc2ccccc2)NC(=O)CN(CCN2CCOCC2)C(=O)[C@H]2CCCN2C1=O,-5.42
1270,CCCCCN1CC(=O)N(C)[C@@H](CC(C)C)C(=O)N[C@@H](CCCC)C(=O)N2CCC[C@@H]2C(=O)N(CCCOC(C)C)CC(=O)N[C@@H](Cc2ccccc2)C1=O,-5.47
1269,CCCC[C@@H]1NC(=O)[C@H](CC(C)C)N(C)C(=O)CN(CC2CCOCC2)C(=O)[C@H](CC(C)C)NC(=O)CN(CCCOC(C)C)C(=O)[C@H]2CCCN2C1=O,-5.14
1268,CCCC[C@@H]1NC(=O)[C@H](CC(C)C)N(C)C(=O)CN(CC2CCCCC2)C(=O)[C@H](CC(C)C)NC(=O)CN(CCCOC(C)C)C(=O)[C@H]2CCCN2C1=O,-5.76
1267,CCCC[C@@H]1NC(=O)[C@H](CC(C)C)N(C)C(=O)CN(CCOC)C(=O)[C@H](Cc2ccccc2)NC(=O)CN(CCCOC(C)C)C(=O)[C@H]2CCCN2C1=O,-5.08
1258,CCCC[C@@H]1NC(=O)[C@H](CC(C)C)N(C)C(=O)CN(CC2CCOCC2)C(=O)[C@H](C)NC(=O)CN(CCCOC(C)C)C(=O)[C@H]2CCCN2C1=O,-6.47
1257,CCCC[C@@H]1NC(=O)[C@H](CC(C)C)N(C)C(=O)CN(CC2CCCCC2)C(=O)[C@H](C)NC(=O)CN(CCCOC(C)C)C(=O)[C@H]2CCCN2C1=O,-4.81
1230,CCCCCN1CC(=O)N(C)[C@@H](CC(C)C)C(=O)N[C@@H](CCCC)C(=O)N2CCC[C@@H]2C(=O)N(CC(C)C)CC(=O)N[C@@H](Cc2ccccc2)C1=O,-5.97
1229,CCCC[C@@H]1NC(=O)[C@H](CC(C)C)N(C)C(=O)CN(CC2CCOCC2)C(=O)[C@H](CC(C)C)NC(=O)CN(CC(C)C)C(=O)[C@H]2CCCN2C1=O,-5.07
1228,CCCC[C@@H]1NC(=O)[C@H](CC(C)C)N(C)C(=O)CN(CC2CCCCC2)C(=O)[C@H](CC(C)C)NC(=O)CN(CC(C)C)C(=O)[C@H]2CCCN2C1=O,-6.2
1227,CCCC[C@@H]1NC(=O)[C@H](CC(C)C)N(C)C(=O)CN(CCOC)C(=O)[C@H](Cc2ccccc2)NC(=O)CN(CC(C)C)C(=O)[C@H]2CCCN2C1=O,-5.06
1218,CCCC[C@@H]1NC(=O)[C@H](CC(C)C)N(C)C(=O)CN(CC2CCOCC2)C(=O)[C@H](C)NC(=O)CN(CC(C)C)C(=O)[C@H]2CCCN2C1=O,-6.26
1217,CCCC[C@@H]1NC(=O)[C@H](CC(C)C)N(C)C(=O)CN(CC2CCCCC2)C(=O)[C@H](C)NC(=O)CN(CC(C)C)C(=O)[C@H]2CCCN2C1=O,-4.96
1190,CCCCCN1CC(=O)N(C)[C@@H](CC(C)C)C(=O)N[C@@H](CCCC)C(=O)N2CCC[C@@H]2C(=O)N(CCC)CC(=O)N[C@@H](Cc2ccccc2)C1=O,-5.56
1189,CCCC[C@@H]1NC(=O)[C@H](CC(C)C)N(C)C(=O)CN(CC2CCOCC2)C(=O)[C@H](CC(C)C)NC(=O)CN(CCC)C(=O)[C@H]2CCCN2C1=O,-5.34
1188,CCCC[C@@H]1NC(=O)[C@H](CC(C)C)N(C)C(=O)CN(CC2CCCCC2)C(=O)[C@H](CC(C)C)NC(=O)CN(CCC)C(=O)[C@H]2CCCN2C1=O,-5.7
1187,CCCC[C@@H]1NC(=O)[C@H](CC(C)C)N(C)C(=O)CN(CCOC)C(=O)[C@H](Cc2ccccc2)NC(=O)CN(CCC)C(=O)[C@H]2CCCN2C1=O,-5.12
1178,CCCC[C@@H]1NC(=O)[C@H](CC(C)C)N(C)C(=O)CN(CC2CCOCC2)C(=O)[C@H](C)NC(=O)CN(CCC)C(=O)[C@H]2CCCN2C1=O,-6.69
1177,CCCC[C@@H]1NC(=O)[C@H](CC(C)C)N(C)C(=O)CN(CC2CCCCC2)C(=O)[C@H](C)NC(=O)CN(CCC)C(=O)[C@H]2CCCN2C1=O,-4.93
1150,CCCCCN1CC(=O)N(C)[C@@H](CC(C)C)C(=O)N[C@@H](CCCC)C(=O)N2CCC[C@@H]2C(=O)N(CC)CC(=O)N[C@@H](Cc2ccccc2)C1=O,-5.1
1149,CCCC[C@@H]1NC(=O)[C@H](CC(C)C)N(C)C(=O)CN(CC2CCOCC2)C(=O)[C@H](CC(C)C)NC(=O)CN(CC)C(=O)[C@H]2CCCN2C1=O,-5.75
1148,CCCC[C@@H]1NC(=O)[C@H](CC(C)C)N(C)C(=O)CN(CC2CCCCC2)C(=O)[C@H](CC(C)C)NC(=O)CN(CC)C(=O)[C@H]2CCCN2C1=O,-5.17
1147,CCCC[C@@H]1NC(=O)[C@H](CC(C)C)N(C)C(=O)CN(CCOC)C(=O)[C@H](Cc2ccccc2)NC(=O)CN(CC)C(=O)[C@H]2CCCN2C1=O,-5.4
1138,CCCC[C@@H]1NC(=O)[C@H](CC(C)C)N(C)C(=O)CN(CC2CCOCC2)C(=O)[C@H](C)NC(=O)CN(CC)C(=O)[C@H]2CCCN2C1=O,-7.27
1137,CCCC[C@@H]1NC(=O)[C@H](CC(C)C)N(C)C(=O)CN(CC2CCCCC2)C(=O)[C@H](C)NC(=O)CN(CC)C(=O)[C@H]2CCCN2C1=O,-5.04
